log,cleaned_log,label,stage,severity,root_cause
"2026-04-01T07:02:08.000Z ##[group]Run CI for tensorflow/tensorflow
2026-04-01T07:02:08.000Z Runner image: ubuntu-latest
2026-04-01T07:02:08.000Z Language: java
2026-04-01T07:02:08.000Z FAIL tests/integration/test_auth_flow.py
2026-04-01T07:02:08.000Z AssertionError: expected 9 but received 12
2026-04-01T07:02:08.000Z ##[error]Test suite failed with exit code 1",2026-04-01t07:02:08.000z group run ci for tensorflow/tensorflow 2026-04-01t07:02:08.000z runner image: ubuntu-latest 2026-04-01t07:02:08.000z language: java 2026-04-01t07:02:08.000z fail tests/integration/test_auth_flow.py 2026-04-01t07:02:08.000z assertionerror: expected 9,Test Failure,test,medium,Assertion mismatch in CI test suite
"2026-04-01T07:02:13.000Z ##[group]Run CI for angular/angular
2026-04-01T07:02:13.000Z Runner image: windows-latest
2026-04-01T07:02:13.000Z Language: python
2026-04-01T07:02:13.000Z FAIL packages/react-dom/src/__tests__/hydration.test.js
2026-04-01T07:02:13.000Z AssertionError: expected 9 but received 20
2026-04-01T07:02:13.000Z ##[error]Test suite failed with exit code 1",2026-04-01t07:02:13.000z group run ci for angular/angular 2026-04-01t07:02:13.000z runner image: windows-latest 2026-04-01t07:02:13.000z language: python 2026-04-01t07:02:13.000z fail packages/react-dom/src/__tests__/hydration.test.js 2026-04-01t07:02:13.000z assertionerror: expected 9,Test Failure,test,medium,Assertion mismatch in CI test suite
"2026-04-01T07:12:14.000Z ##[group]Run CI for facebook/react
2026-04-01T07:12:14.000Z Runner image: macos-latest
2026-04-01T07:12:14.000Z Language: node
2026-04-01T07:12:14.000Z FAIL internal/runtime/retry_test.go
2026-04-01T07:12:14.000Z AssertionError: expected 10 but received 15
2026-04-01T07:12:14.000Z ##[error]Test suite failed with exit code 1",2026-04-01t07:12:14.000z group run ci for facebook/react 2026-04-01t07:12:14.000z runner image: macos-latest 2026-04-01t07:12:14.000z language: node 2026-04-01t07:12:14.000z fail internal/runtime/retry_test.go 2026-04-01t07:12:14.000z assertionerror: expected 10,Test Failure,test,medium,Assertion mismatch in CI test suite
"2026-04-01T07:12:09.000Z ##[group]Run CI for facebook/react
2026-04-01T07:12:09.000Z Runner image: ubuntu-latest
2026-04-01T07:12:09.000Z Language: go
2026-04-01T07:12:09.000Z FAIL packages/react-dom/src/__tests__/hydration.test.js
2026-04-01T07:12:09.000Z AssertionError: expected 6 but received 12
2026-04-01T07:12:09.000Z ##[error]Test suite failed with exit code 1",2026-04-01t07:12:09.000z group run ci for facebook/react 2026-04-01t07:12:09.000z runner image: ubuntu-latest 2026-04-01t07:12:09.000z language: go 2026-04-01t07:12:09.000z fail packages/react-dom/src/__tests__/hydration.test.js 2026-04-01t07:12:09.000z assertionerror: expected 6,Test Failure,test,medium,Assertion mismatch in CI test suite
"2026-04-01T07:15:38.000Z ##[group]Run CI for tensorflow/tensorflow
2026-04-01T07:15:38.000Z Runner image: windows-latest
2026-04-01T07:15:38.000Z Language: python
2026-04-01T07:15:38.000Z FAIL src/test/java/com/example/ServiceTest.java
2026-04-01T07:15:38.000Z AssertionError: expected 1 but received 18
2026-04-01T07:15:38.000Z ##[error]Test suite failed with exit code 1",2026-04-01t07:15:38.000z group run ci for tensorflow/tensorflow 2026-04-01t07:15:38.000z runner image: windows-latest 2026-04-01t07:15:38.000z language: python 2026-04-01t07:15:38.000z fail src/test/java/com/example/servicetest.java 2026-04-01t07:15:38.000z assertionerror: expected 1,Test Failure,test,medium,Assertion mismatch in CI test suite
"2026-04-01T07:18:53.000Z ##[group]Run CI for spring-projects/spring-boot
2026-04-01T07:18:53.000Z Runner image: ubuntu-latest
2026-04-01T07:18:53.000Z Language: go
2026-04-01T07:18:53.000Z FAIL compiler/src/tests/error_reporting.rs
2026-04-01T07:18:53.000Z AssertionError: expected 6 but received 20
2026-04-01T07:18:53.000Z ##[error]Test suite failed with exit code 1",2026-04-01t07:18:53.000z group run ci for spring-projects/spring-boot 2026-04-01t07:18:53.000z runner image: ubuntu-latest 2026-04-01t07:18:53.000z language: go 2026-04-01t07:18:53.000z fail compiler/src/tests/error_reporting.rs 2026-04-01t07:18:53.000z assertionerror: expected 6,Test Failure,test,medium,Assertion mismatch in CI test suite
"2026-04-01T07:14:49.000Z ##[group]Run CI for vercel/next.js
2026-04-01T07:14:49.000Z Runner image: macos-latest
2026-04-01T07:14:49.000Z Language: python
2026-04-01T07:14:49.000Z FAIL src/test/java/com/example/ServiceTest.java
2026-04-01T07:14:49.000Z AssertionError: expected 2 but received 14
2026-04-01T07:14:49.000Z ##[error]Test suite failed with exit code 1",2026-04-01t07:14:49.000z group run ci for vercel/next.js 2026-04-01t07:14:49.000z runner image: macos-latest 2026-04-01t07:14:49.000z language: python 2026-04-01t07:14:49.000z fail src/test/java/com/example/servicetest.java 2026-04-01t07:14:49.000z assertionerror: expected 2,Test Failure,test,medium,Assertion mismatch in CI test suite
"2026-04-01T07:24:10.000Z ##[group]Run CI for tensorflow/tensorflow
2026-04-01T07:24:10.000Z Runner image: windows-latest
2026-04-01T07:24:10.000Z Language: java
2026-04-01T07:24:10.000Z FAIL src/test/java/com/example/ServiceTest.java
2026-04-01T07:24:10.000Z AssertionError: expected 6 but received 14
2026-04-01T07:24:10.000Z ##[error]Test suite failed with exit code 1",2026-04-01t07:24:10.000z group run ci for tensorflow/tensorflow 2026-04-01t07:24:10.000z runner image: windows-latest 2026-04-01t07:24:10.000z language: java 2026-04-01t07:24:10.000z fail src/test/java/com/example/servicetest.java 2026-04-01t07:24:10.000z assertionerror: expected 6,Test Failure,test,medium,Assertion mismatch in CI test suite
"2026-04-01T07:18:34.000Z ##[group]Run CI for microsoft/vscode
2026-04-01T07:18:34.000Z Runner image: macos-latest
2026-04-01T07:18:34.000Z Language: python
2026-04-01T07:18:34.000Z FAIL packages/react-dom/src/__tests__/hydration.test.js
2026-04-01T07:18:34.000Z AssertionError: expected 3 but received 18
2026-04-01T07:18:34.000Z ##[error]Test suite failed with exit code 1",2026-04-01t07:18:34.000z group run ci for microsoft/vscode 2026-04-01t07:18:34.000z runner image: macos-latest 2026-04-01t07:18:34.000z language: python 2026-04-01t07:18:34.000z fail packages/react-dom/src/__tests__/hydration.test.js 2026-04-01t07:18:34.000z assertionerror: expected 3,Test Failure,test,medium,Assertion mismatch in CI test suite
"2026-04-01T07:30:53.000Z ##[group]Run CI for django/django
2026-04-01T07:30:53.000Z Runner image: windows-latest
2026-04-01T07:30:53.000Z Language: rust
2026-04-01T07:30:53.000Z FAIL tests/integration/test_auth_flow.py
2026-04-01T07:30:53.000Z AssertionError: expected 4 but received 11
2026-04-01T07:30:53.000Z ##[error]Test suite failed with exit code 1",2026-04-01t07:30:53.000z group run ci for django/django 2026-04-01t07:30:53.000z runner image: windows-latest 2026-04-01t07:30:53.000z language: rust 2026-04-01t07:30:53.000z fail tests/integration/test_auth_flow.py 2026-04-01t07:30:53.000z assertionerror: expected 4,Test Failure,test,medium,Assertion mismatch in CI test suite
"2026-04-01T07:22:58.000Z ##[group]Run CI for pytorch/pytorch
2026-04-01T07:22:58.000Z Runner image: windows-latest
2026-04-01T07:22:58.000Z Language: java
2026-04-01T07:22:58.000Z FAIL compiler/src/tests/error_reporting.rs
2026-04-01T07:22:58.000Z AssertionError: expected 6 but received 14
2026-04-01T07:22:58.000Z ##[error]Test suite failed with exit code 1",2026-04-01t07:22:58.000z group run ci for pytorch/pytorch 2026-04-01t07:22:58.000z runner image: windows-latest 2026-04-01t07:22:58.000z language: java 2026-04-01t07:22:58.000z fail compiler/src/tests/error_reporting.rs 2026-04-01t07:22:58.000z assertionerror: expected 6,Test Failure,test,medium,Assertion mismatch in CI test suite
"2026-04-01T07:36:08.000Z ##[group]Run CI for apache/spark
2026-04-01T07:36:08.000Z Runner image: windows-latest
2026-04-01T07:36:08.000Z Language: go
2026-04-01T07:36:08.000Z FAIL packages/react-dom/src/__tests__/hydration.test.js
2026-04-01T07:36:08.000Z AssertionError: expected 9 but received 19
2026-04-01T07:36:08.000Z ##[error]Test suite failed with exit code 1",2026-04-01t07:36:08.000z group run ci for apache/spark 2026-04-01t07:36:08.000z runner image: windows-latest 2026-04-01t07:36:08.000z language: go 2026-04-01t07:36:08.000z fail packages/react-dom/src/__tests__/hydration.test.js 2026-04-01t07:36:08.000z assertionerror: expected 9,Test Failure,test,medium,Assertion mismatch in CI test suite
"2026-04-01T07:52:23.000Z ##[group]Run CI for microsoft/vscode
2026-04-01T07:52:23.000Z Runner image: macos-latest
2026-04-01T07:52:23.000Z Language: rust
2026-04-01T07:52:23.000Z FAIL packages/react-dom/src/__tests__/hydration.test.js
2026-04-01T07:52:23.000Z AssertionError: expected 3 but received 19
2026-04-01T07:52:23.000Z ##[error]Test suite failed with exit code 1",2026-04-01t07:52:23.000z group run ci for microsoft/vscode 2026-04-01t07:52:23.000z runner image: macos-latest 2026-04-01t07:52:23.000z language: rust 2026-04-01t07:52:23.000z fail packages/react-dom/src/__tests__/hydration.test.js 2026-04-01t07:52:23.000z assertionerror: expected 3,Test Failure,test,medium,Assertion mismatch in CI test suite
"2026-04-01T07:14:09.000Z ##[group]Run CI for apache/spark
2026-04-01T07:14:09.000Z Runner image: ubuntu-latest
2026-04-01T07:14:09.000Z Language: python
2026-04-01T07:14:09.000Z FAIL packages/react-dom/src/__tests__/hydration.test.js
2026-04-01T07:14:09.000Z AssertionError: expected 7 but received 20
2026-04-01T07:14:09.000Z ##[error]Test suite failed with exit code 1",2026-04-01t07:14:09.000z group run ci for apache/spark 2026-04-01t07:14:09.000z runner image: ubuntu-latest 2026-04-01t07:14:09.000z language: python 2026-04-01t07:14:09.000z fail packages/react-dom/src/__tests__/hydration.test.js 2026-04-01t07:14:09.000z assertionerror: expected 7,Test Failure,test,medium,Assertion mismatch in CI test suite
"2026-04-01T08:00:33.000Z ##[group]Run CI for tensorflow/tensorflow
2026-04-01T08:00:33.000Z Runner image: windows-latest
2026-04-01T08:00:33.000Z Language: go
2026-04-01T08:00:33.000Z FAIL src/test/java/com/example/ServiceTest.java
2026-04-01T08:00:33.000Z AssertionError: expected 9 but received 11
2026-04-01T08:00:33.000Z ##[error]Test suite failed with exit code 1",2026-04-01t08:00:33.000z group run ci for tensorflow/tensorflow 2026-04-01t08:00:33.000z runner image: windows-latest 2026-04-01t08:00:33.000z language: go 2026-04-01t08:00:33.000z fail src/test/java/com/example/servicetest.java 2026-04-01t08:00:33.000z assertionerror: expected 9,Test Failure,test,medium,Assertion mismatch in CI test suite
"2026-04-01T07:48:49.000Z ##[group]Run CI for tensorflow/tensorflow
2026-04-01T07:48:49.000Z Runner image: macos-latest
2026-04-01T07:48:49.000Z Language: rust
2026-04-01T07:48:49.000Z FAIL src/test/java/com/example/ServiceTest.java
2026-04-01T07:48:49.000Z AssertionError: expected 2 but received 15
2026-04-01T07:48:49.000Z ##[error]Test suite failed with exit code 1",2026-04-01t07:48:49.000z group run ci for tensorflow/tensorflow 2026-04-01t07:48:49.000z runner image: macos-latest 2026-04-01t07:48:49.000z language: rust 2026-04-01t07:48:49.000z fail src/test/java/com/example/servicetest.java 2026-04-01t07:48:49.000z assertionerror: expected 2,Test Failure,test,medium,Assertion mismatch in CI test suite
"2026-04-01T07:51:32.000Z ##[group]Run CI for django/django
2026-04-01T07:51:32.000Z Runner image: ubuntu-latest
2026-04-01T07:51:32.000Z Language: go
2026-04-01T07:51:32.000Z FAIL packages/react-dom/src/__tests__/hydration.test.js
2026-04-01T07:51:32.000Z AssertionError: expected 9 but received 12
2026-04-01T07:51:32.000Z ##[error]Test suite failed with exit code 1",2026-04-01t07:51:32.000z group run ci for django/django 2026-04-01t07:51:32.000z runner image: ubuntu-latest 2026-04-01t07:51:32.000z language: go 2026-04-01t07:51:32.000z fail packages/react-dom/src/__tests__/hydration.test.js 2026-04-01t07:51:32.000z assertionerror: expected 9,Test Failure,test,medium,Assertion mismatch in CI test suite
"2026-04-01T07:36:09.000Z ##[group]Run CI for microsoft/vscode
2026-04-01T07:36:09.000Z Runner image: macos-latest
2026-04-01T07:36:09.000Z Language: rust
2026-04-01T07:36:09.000Z FAIL src/test/java/com/example/ServiceTest.java
2026-04-01T07:36:09.000Z AssertionError: expected 3 but received 19
2026-04-01T07:36:09.000Z ##[error]Test suite failed with exit code 1",2026-04-01t07:36:09.000z group run ci for microsoft/vscode 2026-04-01t07:36:09.000z runner image: macos-latest 2026-04-01t07:36:09.000z language: rust 2026-04-01t07:36:09.000z fail src/test/java/com/example/servicetest.java 2026-04-01t07:36:09.000z assertionerror: expected 3,Test Failure,test,medium,Assertion mismatch in CI test suite
"2026-04-01T08:16:01.000Z ##[group]Run CI for spring-projects/spring-boot
2026-04-01T08:16:01.000Z Runner image: ubuntu-latest
2026-04-01T08:16:01.000Z Language: rust
2026-04-01T08:16:01.000Z FAIL tests/integration/test_auth_flow.py
2026-04-01T08:16:01.000Z AssertionError: expected 6 but received 15
2026-04-01T08:16:01.000Z ##[error]Test suite failed with exit code 1",2026-04-01t08:16:01.000z group run ci for spring-projects/spring-boot 2026-04-01t08:16:01.000z runner image: ubuntu-latest 2026-04-01t08:16:01.000z language: rust 2026-04-01t08:16:01.000z fail tests/integration/test_auth_flow.py 2026-04-01t08:16:01.000z assertionerror: expected 6,Test Failure,test,medium,Assertion mismatch in CI test suite
"2026-04-01T07:20:05.000Z ##[group]Run CI for vercel/next.js
2026-04-01T07:20:05.000Z Runner image: ubuntu-latest
2026-04-01T07:20:05.000Z Language: node
2026-04-01T07:20:05.000Z FAIL internal/runtime/retry_test.go
2026-04-01T07:20:05.000Z AssertionError: expected 2 but received 19
2026-04-01T07:20:05.000Z ##[error]Test suite failed with exit code 1",2026-04-01t07:20:05.000z group run ci for vercel/next.js 2026-04-01t07:20:05.000z runner image: ubuntu-latest 2026-04-01t07:20:05.000z language: node 2026-04-01t07:20:05.000z fail internal/runtime/retry_test.go 2026-04-01t07:20:05.000z assertionerror: expected 2,Test Failure,test,medium,Assertion mismatch in CI test suite
"2026-04-01T07:42:16.000Z ##[group]Run CI for nodejs/node
2026-04-01T07:42:16.000Z Runner image: ubuntu-latest
2026-04-01T07:42:16.000Z Language: go
2026-04-01T07:42:16.000Z FAIL compiler/src/tests/error_reporting.rs
2026-04-01T07:42:16.000Z AssertionError: expected 10 but received 17
2026-04-01T07:42:16.000Z ##[error]Test suite failed with exit code 1",2026-04-01t07:42:16.000z group run ci for nodejs/node 2026-04-01t07:42:16.000z runner image: ubuntu-latest 2026-04-01t07:42:16.000z language: go 2026-04-01t07:42:16.000z fail compiler/src/tests/error_reporting.rs 2026-04-01t07:42:16.000z assertionerror: expected 10,Test Failure,test,medium,Assertion mismatch in CI test suite
"2026-04-01T08:06:25.000Z ##[group]Run CI for vercel/next.js
2026-04-01T08:06:25.000Z Runner image: macos-latest
2026-04-01T08:06:25.000Z Language: node
2026-04-01T08:06:25.000Z FAIL src/test/java/com/example/ServiceTest.java
2026-04-01T08:06:25.000Z AssertionError: expected 8 but received 19
2026-04-01T08:06:25.000Z ##[error]Test suite failed with exit code 1",2026-04-01t08:06:25.000z group run ci for vercel/next.js 2026-04-01t08:06:25.000z runner image: macos-latest 2026-04-01t08:06:25.000z language: node 2026-04-01t08:06:25.000z fail src/test/java/com/example/servicetest.java 2026-04-01t08:06:25.000z assertionerror: expected 8,Test Failure,test,medium,Assertion mismatch in CI test suite
"2026-04-01T07:23:21.000Z ##[group]Run CI for apache/spark
2026-04-01T07:23:21.000Z Runner image: ubuntu-latest
2026-04-01T07:23:21.000Z Language: node
2026-04-01T07:23:21.000Z FAIL tests/integration/test_auth_flow.py
2026-04-01T07:23:21.000Z AssertionError: expected 10 but received 19
2026-04-01T07:23:21.000Z ##[error]Test suite failed with exit code 1",2026-04-01t07:23:21.000z group run ci for apache/spark 2026-04-01t07:23:21.000z runner image: ubuntu-latest 2026-04-01t07:23:21.000z language: node 2026-04-01t07:23:21.000z fail tests/integration/test_auth_flow.py 2026-04-01t07:23:21.000z assertionerror: expected 10,Test Failure,test,medium,Assertion mismatch in CI test suite
"2026-04-01T07:24:45.000Z ##[group]Run CI for vercel/next.js
2026-04-01T07:24:45.000Z Runner image: macos-latest
2026-04-01T07:24:45.000Z Language: node
2026-04-01T07:24:45.000Z FAIL tests/integration/test_auth_flow.py
2026-04-01T07:24:45.000Z AssertionError: expected 4 but received 12
2026-04-01T07:24:45.000Z ##[error]Test suite failed with exit code 1",2026-04-01t07:24:45.000z group run ci for vercel/next.js 2026-04-01t07:24:45.000z runner image: macos-latest 2026-04-01t07:24:45.000z language: node 2026-04-01t07:24:45.000z fail tests/integration/test_auth_flow.py 2026-04-01t07:24:45.000z assertionerror: expected 4,Test Failure,test,medium,Assertion mismatch in CI test suite
"2026-04-01T07:50:17.000Z ##[group]Run CI for facebook/react
2026-04-01T07:50:17.000Z Runner image: windows-latest
2026-04-01T07:50:17.000Z Language: python
2026-04-01T07:50:17.000Z FAIL internal/runtime/retry_test.go
2026-04-01T07:50:17.000Z AssertionError: expected 4 but received 19
2026-04-01T07:50:17.000Z ##[error]Test suite failed with exit code 1",2026-04-01t07:50:17.000z group run ci for facebook/react 2026-04-01t07:50:17.000z runner image: windows-latest 2026-04-01t07:50:17.000z language: python 2026-04-01t07:50:17.000z fail internal/runtime/retry_test.go 2026-04-01t07:50:17.000z assertionerror: expected 4,Test Failure,test,medium,Assertion mismatch in CI test suite
"2026-04-01T08:44:15.000Z ##[group]Run CI for nodejs/node
2026-04-01T08:44:15.000Z Runner image: macos-latest
2026-04-01T08:44:15.000Z Language: rust
2026-04-01T08:44:15.000Z FAIL internal/runtime/retry_test.go
2026-04-01T08:44:15.000Z AssertionError: expected 7 but received 14
2026-04-01T08:44:15.000Z ##[error]Test suite failed with exit code 1",2026-04-01t08:44:15.000z group run ci for nodejs/node 2026-04-01t08:44:15.000z runner image: macos-latest 2026-04-01t08:44:15.000z language: rust 2026-04-01t08:44:15.000z fail internal/runtime/retry_test.go 2026-04-01t08:44:15.000z assertionerror: expected 7,Test Failure,test,medium,Assertion mismatch in CI test suite
"2026-04-01T08:48:26.000Z ##[group]Run CI for tensorflow/tensorflow
2026-04-01T08:48:26.000Z Runner image: ubuntu-latest
2026-04-01T08:48:26.000Z Language: go
2026-04-01T08:48:26.000Z FAIL internal/runtime/retry_test.go
2026-04-01T08:48:26.000Z AssertionError: expected 1 but received 12
2026-04-01T08:48:26.000Z ##[error]Test suite failed with exit code 1",2026-04-01t08:48:26.000z group run ci for tensorflow/tensorflow 2026-04-01t08:48:26.000z runner image: ubuntu-latest 2026-04-01t08:48:26.000z language: go 2026-04-01t08:48:26.000z fail internal/runtime/retry_test.go 2026-04-01t08:48:26.000z assertionerror: expected 1,Test Failure,test,medium,Assertion mismatch in CI test suite
"2026-04-01T07:28:15.000Z ##[group]Run CI for facebook/react
2026-04-01T07:28:15.000Z Runner image: windows-latest
2026-04-01T07:28:15.000Z Language: java
2026-04-01T07:28:15.000Z FAIL packages/react-dom/src/__tests__/hydration.test.js
2026-04-01T07:28:15.000Z AssertionError: expected 4 but received 19
2026-04-01T07:28:15.000Z ##[error]Test suite failed with exit code 1",2026-04-01t07:28:15.000z group run ci for facebook/react 2026-04-01t07:28:15.000z runner image: windows-latest 2026-04-01t07:28:15.000z language: java 2026-04-01t07:28:15.000z fail packages/react-dom/src/__tests__/hydration.test.js 2026-04-01t07:28:15.000z assertionerror: expected 4,Test Failure,test,medium,Assertion mismatch in CI test suite
"2026-04-01T08:27:29.000Z ##[group]Run CI for apache/spark
2026-04-01T08:27:29.000Z Runner image: ubuntu-latest
2026-04-01T08:27:29.000Z Language: go
2026-04-01T08:27:29.000Z FAIL packages/react-dom/src/__tests__/hydration.test.js
2026-04-01T08:27:29.000Z AssertionError: expected 2 but received 18
2026-04-01T08:27:29.000Z ##[error]Test suite failed with exit code 1",2026-04-01t08:27:29.000z group run ci for apache/spark 2026-04-01t08:27:29.000z runner image: ubuntu-latest 2026-04-01t08:27:29.000z language: go 2026-04-01t08:27:29.000z fail packages/react-dom/src/__tests__/hydration.test.js 2026-04-01t08:27:29.000z assertionerror: expected 2,Test Failure,test,medium,Assertion mismatch in CI test suite
"2026-04-01T07:30:05.000Z ##[group]Run CI for spring-projects/spring-boot
2026-04-01T07:30:05.000Z Runner image: ubuntu-latest
2026-04-01T07:30:05.000Z Language: python
2026-04-01T07:30:05.000Z FAIL packages/react-dom/src/__tests__/hydration.test.js
2026-04-01T07:30:05.000Z AssertionError: expected 3 but received 17
2026-04-01T07:30:05.000Z ##[error]Test suite failed with exit code 1",2026-04-01t07:30:05.000z group run ci for spring-projects/spring-boot 2026-04-01t07:30:05.000z runner image: ubuntu-latest 2026-04-01t07:30:05.000z language: python 2026-04-01t07:30:05.000z fail packages/react-dom/src/__tests__/hydration.test.js 2026-04-01t07:30:05.000z assertionerror: expected 3,Test Failure,test,medium,Assertion mismatch in CI test suite
"2026-04-01T09:04:57.000Z ##[group]Run CI for apache/spark
2026-04-01T09:04:57.000Z Runner image: windows-latest
2026-04-01T09:04:57.000Z Language: node
2026-04-01T09:04:57.000Z FAIL tests/integration/test_auth_flow.py
2026-04-01T09:04:57.000Z AssertionError: expected 3 but received 17
2026-04-01T09:04:57.000Z ##[error]Test suite failed with exit code 1",2026-04-01t09:04:57.000z group run ci for apache/spark 2026-04-01t09:04:57.000z runner image: windows-latest 2026-04-01t09:04:57.000z language: node 2026-04-01t09:04:57.000z fail tests/integration/test_auth_flow.py 2026-04-01t09:04:57.000z assertionerror: expected 3,Test Failure,test,medium,Assertion mismatch in CI test suite
"2026-04-01T09:08:18.000Z ##[group]Run CI for facebook/react
2026-04-01T09:08:18.000Z Runner image: windows-latest
2026-04-01T09:08:18.000Z Language: java
2026-04-01T09:08:18.000Z FAIL internal/runtime/retry_test.go
2026-04-01T09:08:18.000Z AssertionError: expected 9 but received 18
2026-04-01T09:08:18.000Z ##[error]Test suite failed with exit code 1",2026-04-01t09:08:18.000z group run ci for facebook/react 2026-04-01t09:08:18.000z runner image: windows-latest 2026-04-01t09:08:18.000z language: java 2026-04-01t09:08:18.000z fail internal/runtime/retry_test.go 2026-04-01t09:08:18.000z assertionerror: expected 9,Test Failure,test,medium,Assertion mismatch in CI test suite
"2026-04-01T07:33:37.000Z ##[group]Run CI for nodejs/node
2026-04-01T07:33:37.000Z Runner image: ubuntu-latest
2026-04-01T07:33:37.000Z Language: java
2026-04-01T07:33:37.000Z FAIL compiler/src/tests/error_reporting.rs
2026-04-01T07:33:37.000Z AssertionError: expected 1 but received 16
2026-04-01T07:33:37.000Z ##[error]Test suite failed with exit code 1",2026-04-01t07:33:37.000z group run ci for nodejs/node 2026-04-01t07:33:37.000z runner image: ubuntu-latest 2026-04-01t07:33:37.000z language: java 2026-04-01t07:33:37.000z fail compiler/src/tests/error_reporting.rs 2026-04-01t07:33:37.000z assertionerror: expected 1,Test Failure,test,medium,Assertion mismatch in CI test suite
"2026-04-01T08:08:03.000Z ##[group]Run CI for facebook/react
2026-04-01T08:08:03.000Z Runner image: ubuntu-latest
2026-04-01T08:08:03.000Z Language: rust
2026-04-01T08:08:03.000Z FAIL compiler/src/tests/error_reporting.rs
2026-04-01T08:08:03.000Z AssertionError: expected 2 but received 13
2026-04-01T08:08:03.000Z ##[error]Test suite failed with exit code 1",2026-04-01t08:08:03.000z group run ci for facebook/react 2026-04-01t08:08:03.000z runner image: ubuntu-latest 2026-04-01t08:08:03.000z language: rust 2026-04-01t08:08:03.000z fail compiler/src/tests/error_reporting.rs 2026-04-01t08:08:03.000z assertionerror: expected 2,Test Failure,test,medium,Assertion mismatch in CI test suite
"2026-04-01T08:10:25.000Z ##[group]Run CI for tensorflow/tensorflow
2026-04-01T08:10:25.000Z Runner image: macos-latest
2026-04-01T08:10:25.000Z Language: python
2026-04-01T08:10:25.000Z FAIL tests/integration/test_auth_flow.py
2026-04-01T08:10:25.000Z AssertionError: expected 10 but received 14
2026-04-01T08:10:25.000Z ##[error]Test suite failed with exit code 1",2026-04-01t08:10:25.000z group run ci for tensorflow/tensorflow 2026-04-01t08:10:25.000z runner image: macos-latest 2026-04-01t08:10:25.000z language: python 2026-04-01t08:10:25.000z fail tests/integration/test_auth_flow.py 2026-04-01t08:10:25.000z assertionerror: expected 10,Test Failure,test,medium,Assertion mismatch in CI test suite
"2026-04-01T07:36:26.000Z ##[group]Run CI for angular/angular
2026-04-01T07:36:26.000Z Runner image: macos-latest
2026-04-01T07:36:26.000Z Language: python
2026-04-01T07:36:26.000Z FAIL compiler/src/tests/error_reporting.rs
2026-04-01T07:36:26.000Z AssertionError: expected 10 but received 19
2026-04-01T07:36:26.000Z ##[error]Test suite failed with exit code 1",2026-04-01t07:36:26.000z group run ci for angular/angular 2026-04-01t07:36:26.000z runner image: macos-latest 2026-04-01t07:36:26.000z language: python 2026-04-01t07:36:26.000z fail compiler/src/tests/error_reporting.rs 2026-04-01t07:36:26.000z assertionerror: expected 10,Test Failure,test,medium,Assertion mismatch in CI test suite
"2026-04-01T08:51:15.000Z ##[group]Run CI for pytorch/pytorch
2026-04-01T08:51:15.000Z Runner image: windows-latest
2026-04-01T08:51:15.000Z Language: node
2026-04-01T08:51:15.000Z FAIL src/test/java/com/example/ServiceTest.java
2026-04-01T08:51:15.000Z AssertionError: expected 7 but received 13
2026-04-01T08:51:15.000Z ##[error]Test suite failed with exit code 1",2026-04-01t08:51:15.000z group run ci for pytorch/pytorch 2026-04-01t08:51:15.000z runner image: windows-latest 2026-04-01t08:51:15.000z language: node 2026-04-01t08:51:15.000z fail src/test/java/com/example/servicetest.java 2026-04-01t08:51:15.000z assertionerror: expected 7,Test Failure,test,medium,Assertion mismatch in CI test suite
"2026-04-01T07:38:00.000Z ##[group]Run CI for microsoft/vscode
2026-04-01T07:38:00.000Z Runner image: windows-latest
2026-04-01T07:38:00.000Z Language: java
2026-04-01T07:38:00.000Z FAIL internal/runtime/retry_test.go
2026-04-01T07:38:00.000Z AssertionError: expected 10 but received 20
2026-04-01T07:38:00.000Z ##[error]Test suite failed with exit code 1",2026-04-01t07:38:00.000z group run ci for microsoft/vscode 2026-04-01t07:38:00.000z runner image: windows-latest 2026-04-01t07:38:00.000z language: java 2026-04-01t07:38:00.000z fail internal/runtime/retry_test.go 2026-04-01t07:38:00.000z assertionerror: expected 10,Test Failure,test,medium,Assertion mismatch in CI test suite
"2026-04-01T08:57:08.000Z ##[group]Run CI for tensorflow/tensorflow
2026-04-01T08:57:08.000Z Runner image: ubuntu-latest
2026-04-01T08:57:08.000Z Language: rust
2026-04-01T08:57:08.000Z FAIL src/test/java/com/example/ServiceTest.java
2026-04-01T08:57:08.000Z AssertionError: expected 2 but received 14
2026-04-01T08:57:08.000Z ##[error]Test suite failed with exit code 1",2026-04-01t08:57:08.000z group run ci for tensorflow/tensorflow 2026-04-01t08:57:08.000z runner image: ubuntu-latest 2026-04-01t08:57:08.000z language: rust 2026-04-01t08:57:08.000z fail src/test/java/com/example/servicetest.java 2026-04-01t08:57:08.000z assertionerror: expected 2,Test Failure,test,medium,Assertion mismatch in CI test suite
"2026-04-01T09:00:39.000Z ##[group]Run CI for pytorch/pytorch
2026-04-01T09:00:39.000Z Runner image: windows-latest
2026-04-01T09:00:39.000Z Language: node
2026-04-01T09:00:39.000Z FAIL compiler/src/tests/error_reporting.rs
2026-04-01T09:00:39.000Z AssertionError: expected 1 but received 19
2026-04-01T09:00:39.000Z ##[error]Test suite failed with exit code 1",2026-04-01t09:00:39.000z group run ci for pytorch/pytorch 2026-04-01t09:00:39.000z runner image: windows-latest 2026-04-01t09:00:39.000z language: node 2026-04-01t09:00:39.000z fail compiler/src/tests/error_reporting.rs 2026-04-01t09:00:39.000z assertionerror: expected 1,Test Failure,test,medium,Assertion mismatch in CI test suite
"2026-04-01T09:03:07.000Z ##[group]Run CI for microsoft/vscode
2026-04-01T09:03:07.000Z Runner image: macos-latest
2026-04-01T09:03:07.000Z Language: python
2026-04-01T09:03:07.000Z FAIL tests/integration/test_auth_flow.py
2026-04-01T09:03:07.000Z AssertionError: expected 9 but received 13
2026-04-01T09:03:07.000Z ##[error]Test suite failed with exit code 1",2026-04-01t09:03:07.000z group run ci for microsoft/vscode 2026-04-01t09:03:07.000z runner image: macos-latest 2026-04-01t09:03:07.000z language: python 2026-04-01t09:03:07.000z fail tests/integration/test_auth_flow.py 2026-04-01t09:03:07.000z assertionerror: expected 9,Test Failure,test,medium,Assertion mismatch in CI test suite
"2026-04-01T09:06:13.000Z ##[group]Run CI for microsoft/vscode
2026-04-01T09:06:13.000Z Runner image: windows-latest
2026-04-01T09:06:13.000Z Language: rust
2026-04-01T09:06:13.000Z FAIL src/test/java/com/example/ServiceTest.java
2026-04-01T09:06:13.000Z AssertionError: expected 9 but received 18
2026-04-01T09:06:13.000Z ##[error]Test suite failed with exit code 1",2026-04-01t09:06:13.000z group run ci for microsoft/vscode 2026-04-01t09:06:13.000z runner image: windows-latest 2026-04-01t09:06:13.000z language: rust 2026-04-01t09:06:13.000z fail src/test/java/com/example/servicetest.java 2026-04-01t09:06:13.000z assertionerror: expected 9,Test Failure,test,medium,Assertion mismatch in CI test suite
"2026-04-01T09:52:53.000Z ##[group]Run CI for microsoft/vscode
2026-04-01T09:52:53.000Z Runner image: ubuntu-latest
2026-04-01T09:52:53.000Z Language: python
2026-04-01T09:52:53.000Z FAIL src/test/java/com/example/ServiceTest.java
2026-04-01T09:52:53.000Z AssertionError: expected 1 but received 11
2026-04-01T09:52:53.000Z ##[error]Test suite failed with exit code 1",2026-04-01t09:52:53.000z group run ci for microsoft/vscode 2026-04-01t09:52:53.000z runner image: ubuntu-latest 2026-04-01t09:52:53.000z language: python 2026-04-01t09:52:53.000z fail src/test/java/com/example/servicetest.java 2026-04-01t09:52:53.000z assertionerror: expected 1,Test Failure,test,medium,Assertion mismatch in CI test suite
"2026-04-01T09:56:35.000Z ##[group]Run CI for pytorch/pytorch
2026-04-01T09:56:35.000Z Runner image: ubuntu-latest
2026-04-01T09:56:35.000Z Language: java
2026-04-01T09:56:35.000Z FAIL internal/runtime/retry_test.go
2026-04-01T09:56:35.000Z AssertionError: expected 9 but received 11
2026-04-01T09:56:35.000Z ##[error]Test suite failed with exit code 1",2026-04-01t09:56:35.000z group run ci for pytorch/pytorch 2026-04-01t09:56:35.000z runner image: ubuntu-latest 2026-04-01t09:56:35.000z language: java 2026-04-01t09:56:35.000z fail internal/runtime/retry_test.go 2026-04-01t09:56:35.000z assertionerror: expected 9,Test Failure,test,medium,Assertion mismatch in CI test suite
"2026-04-01T07:45:53.000Z ##[group]Run CI for tensorflow/tensorflow
2026-04-01T07:45:53.000Z Runner image: ubuntu-latest
2026-04-01T07:45:53.000Z Language: node
2026-04-01T07:45:53.000Z FAIL src/test/java/com/example/ServiceTest.java
2026-04-01T07:45:53.000Z AssertionError: expected 10 but received 19
2026-04-01T07:45:53.000Z ##[error]Test suite failed with exit code 1",2026-04-01t07:45:53.000z group run ci for tensorflow/tensorflow 2026-04-01t07:45:53.000z runner image: ubuntu-latest 2026-04-01t07:45:53.000z language: node 2026-04-01t07:45:53.000z fail src/test/java/com/example/servicetest.java 2026-04-01t07:45:53.000z assertionerror: expected 10,Test Failure,test,medium,Assertion mismatch in CI test suite
"2026-04-01T09:18:23.000Z ##[group]Run CI for nodejs/node
2026-04-01T09:18:23.000Z Runner image: windows-latest
2026-04-01T09:18:23.000Z Language: node
2026-04-01T09:18:23.000Z FAIL tests/integration/test_auth_flow.py
2026-04-01T09:18:23.000Z AssertionError: expected 6 but received 14
2026-04-01T09:18:23.000Z ##[error]Test suite failed with exit code 1",2026-04-01t09:18:23.000z group run ci for nodejs/node 2026-04-01t09:18:23.000z runner image: windows-latest 2026-04-01t09:18:23.000z language: node 2026-04-01t09:18:23.000z fail tests/integration/test_auth_flow.py 2026-04-01t09:18:23.000z assertionerror: expected 6,Test Failure,test,medium,Assertion mismatch in CI test suite
"2026-04-01T10:08:39.000Z ##[group]Run CI for vercel/next.js
2026-04-01T10:08:39.000Z Runner image: macos-latest
2026-04-01T10:08:39.000Z Language: python
2026-04-01T10:08:39.000Z FAIL packages/react-dom/src/__tests__/hydration.test.js
2026-04-01T10:08:39.000Z AssertionError: expected 4 but received 13
2026-04-01T10:08:39.000Z ##[error]Test suite failed with exit code 1",2026-04-01t10:08:39.000z group run ci for vercel/next.js 2026-04-01t10:08:39.000z runner image: macos-latest 2026-04-01t10:08:39.000z language: python 2026-04-01t10:08:39.000z fail packages/react-dom/src/__tests__/hydration.test.js 2026-04-01t10:08:39.000z assertionerror: expected 4,Test Failure,test,medium,Assertion mismatch in CI test suite
"2026-04-01T09:24:50.000Z ##[group]Run CI for nodejs/node
2026-04-01T09:24:50.000Z Runner image: windows-latest
2026-04-01T09:24:50.000Z Language: python
2026-04-01T09:24:50.000Z FAIL internal/runtime/retry_test.go
2026-04-01T09:24:50.000Z AssertionError: expected 4 but received 15
2026-04-01T09:24:50.000Z ##[error]Test suite failed with exit code 1",2026-04-01t09:24:50.000z group run ci for nodejs/node 2026-04-01t09:24:50.000z runner image: windows-latest 2026-04-01t09:24:50.000z language: python 2026-04-01t09:24:50.000z fail internal/runtime/retry_test.go 2026-04-01t09:24:50.000z assertionerror: expected 4,Test Failure,test,medium,Assertion mismatch in CI test suite
"2026-04-01T07:49:54.000Z ##[group]Run CI for nodejs/node
2026-04-01T07:49:54.000Z Runner image: macos-latest
2026-04-01T07:49:54.000Z Language: python
2026-04-01T07:49:54.000Z FAIL internal/runtime/retry_test.go
2026-04-01T07:49:54.000Z AssertionError: expected 4 but received 14
2026-04-01T07:49:54.000Z ##[error]Test suite failed with exit code 1",2026-04-01t07:49:54.000z group run ci for nodejs/node 2026-04-01t07:49:54.000z runner image: macos-latest 2026-04-01t07:49:54.000z language: python 2026-04-01t07:49:54.000z fail internal/runtime/retry_test.go 2026-04-01t07:49:54.000z assertionerror: expected 4,Test Failure,test,medium,Assertion mismatch in CI test suite
"2026-04-01T08:40:14.000Z ##[group]Run CI for apache/spark
2026-04-01T08:40:14.000Z Runner image: windows-latest
2026-04-01T08:40:14.000Z Language: java
2026-04-01T08:40:14.000Z FAIL tests/integration/test_auth_flow.py
2026-04-01T08:40:14.000Z AssertionError: expected 4 but received 17
2026-04-01T08:40:14.000Z ##[error]Test suite failed with exit code 1",2026-04-01t08:40:14.000z group run ci for apache/spark 2026-04-01t08:40:14.000z runner image: windows-latest 2026-04-01t08:40:14.000z language: java 2026-04-01t08:40:14.000z fail tests/integration/test_auth_flow.py 2026-04-01t08:40:14.000z assertionerror: expected 4,Test Failure,test,medium,Assertion mismatch in CI test suite
"2026-04-01T09:33:22.000Z ##[group]Run CI for pytorch/pytorch
2026-04-01T09:33:22.000Z Runner image: windows-latest
2026-04-01T09:33:22.000Z Language: python
2026-04-01T09:33:22.000Z FAIL compiler/src/tests/error_reporting.rs
2026-04-01T09:33:22.000Z AssertionError: expected 7 but received 19
2026-04-01T09:33:22.000Z ##[error]Test suite failed with exit code 1",2026-04-01t09:33:22.000z group run ci for pytorch/pytorch 2026-04-01t09:33:22.000z runner image: windows-latest 2026-04-01t09:33:22.000z language: python 2026-04-01t09:33:22.000z fail compiler/src/tests/error_reporting.rs 2026-04-01t09:33:22.000z assertionerror: expected 7,Test Failure,test,medium,Assertion mismatch in CI test suite
"2026-04-01T08:44:37.000Z ##[group]Run CI for pytorch/pytorch
2026-04-01T08:44:37.000Z Runner image: ubuntu-latest
2026-04-01T08:44:37.000Z Language: python
2026-04-01T08:44:37.000Z FAIL src/test/java/com/example/ServiceTest.java
2026-04-01T08:44:37.000Z AssertionError: expected 1 but received 12
2026-04-01T08:44:37.000Z ##[error]Test suite failed with exit code 1",2026-04-01t08:44:37.000z group run ci for pytorch/pytorch 2026-04-01t08:44:37.000z runner image: ubuntu-latest 2026-04-01t08:44:37.000z language: python 2026-04-01t08:44:37.000z fail src/test/java/com/example/servicetest.java 2026-04-01t08:44:37.000z assertionerror: expected 1,Test Failure,test,medium,Assertion mismatch in CI test suite
"2026-04-01T09:39:27.000Z ##[group]Run CI for angular/angular
2026-04-01T09:39:27.000Z Runner image: windows-latest
2026-04-01T09:39:27.000Z Language: java
2026-04-01T09:39:27.000Z FAIL compiler/src/tests/error_reporting.rs
2026-04-01T09:39:27.000Z AssertionError: expected 9 but received 12
2026-04-01T09:39:27.000Z ##[error]Test suite failed with exit code 1",2026-04-01t09:39:27.000z group run ci for angular/angular 2026-04-01t09:39:27.000z runner image: windows-latest 2026-04-01t09:39:27.000z language: java 2026-04-01t09:39:27.000z fail compiler/src/tests/error_reporting.rs 2026-04-01t09:39:27.000z assertionerror: expected 9,Test Failure,test,medium,Assertion mismatch in CI test suite
"2026-04-01T07:54:45.000Z ##[group]Run CI for django/django
2026-04-01T07:54:45.000Z Runner image: macos-latest
2026-04-01T07:54:45.000Z Language: node
2026-04-01T07:54:45.000Z FAIL internal/runtime/retry_test.go
2026-04-01T07:54:45.000Z AssertionError: expected 1 but received 19
2026-04-01T07:54:45.000Z ##[error]Test suite failed with exit code 1",2026-04-01t07:54:45.000z group run ci for django/django 2026-04-01t07:54:45.000z runner image: macos-latest 2026-04-01t07:54:45.000z language: node 2026-04-01t07:54:45.000z fail internal/runtime/retry_test.go 2026-04-01t07:54:45.000z assertionerror: expected 1,Test Failure,test,medium,Assertion mismatch in CI test suite
"2026-04-01T10:40:04.000Z ##[group]Run CI for spring-projects/spring-boot
2026-04-01T10:40:04.000Z Runner image: macos-latest
2026-04-01T10:40:04.000Z Language: node
2026-04-01T10:40:04.000Z FAIL src/test/java/com/example/ServiceTest.java
2026-04-01T10:40:04.000Z AssertionError: expected 10 but received 16
2026-04-01T10:40:04.000Z ##[error]Test suite failed with exit code 1",2026-04-01t10:40:04.000z group run ci for spring-projects/spring-boot 2026-04-01t10:40:04.000z runner image: macos-latest 2026-04-01t10:40:04.000z language: node 2026-04-01t10:40:04.000z fail src/test/java/com/example/servicetest.java 2026-04-01t10:40:04.000z assertionerror: expected 10,Test Failure,test,medium,Assertion mismatch in CI test suite
"2026-04-01T09:48:42.000Z ##[group]Run CI for tensorflow/tensorflow
2026-04-01T09:48:42.000Z Runner image: macos-latest
2026-04-01T09:48:42.000Z Language: java
2026-04-01T09:48:42.000Z FAIL internal/runtime/retry_test.go
2026-04-01T09:48:42.000Z AssertionError: expected 6 but received 17
2026-04-01T09:48:42.000Z ##[error]Test suite failed with exit code 1",2026-04-01t09:48:42.000z group run ci for tensorflow/tensorflow 2026-04-01t09:48:42.000z runner image: macos-latest 2026-04-01t09:48:42.000z language: java 2026-04-01t09:48:42.000z fail internal/runtime/retry_test.go 2026-04-01t09:48:42.000z assertionerror: expected 6,Test Failure,test,medium,Assertion mismatch in CI test suite
"2026-04-01T10:48:42.000Z ##[group]Run CI for microsoft/vscode
2026-04-01T10:48:42.000Z Runner image: macos-latest
2026-04-01T10:48:42.000Z Language: node
2026-04-01T10:48:42.000Z FAIL internal/runtime/retry_test.go
2026-04-01T10:48:42.000Z AssertionError: expected 3 but received 20
2026-04-01T10:48:42.000Z ##[error]Test suite failed with exit code 1",2026-04-01t10:48:42.000z group run ci for microsoft/vscode 2026-04-01t10:48:42.000z runner image: macos-latest 2026-04-01t10:48:42.000z language: node 2026-04-01t10:48:42.000z fail internal/runtime/retry_test.go 2026-04-01t10:48:42.000z assertionerror: expected 3,Test Failure,test,medium,Assertion mismatch in CI test suite
"2026-04-01T07:58:19.000Z ##[group]Run CI for angular/angular
2026-04-01T07:58:19.000Z Runner image: windows-latest
2026-04-01T07:58:19.000Z Language: go
2026-04-01T07:58:19.000Z FAIL src/test/java/com/example/ServiceTest.java
2026-04-01T07:58:19.000Z AssertionError: expected 4 but received 17
2026-04-01T07:58:19.000Z ##[error]Test suite failed with exit code 1",2026-04-01t07:58:19.000z group run ci for angular/angular 2026-04-01t07:58:19.000z runner image: windows-latest 2026-04-01t07:58:19.000z language: go 2026-04-01t07:58:19.000z fail src/test/java/com/example/servicetest.java 2026-04-01t07:58:19.000z assertionerror: expected 4,Test Failure,test,medium,Assertion mismatch in CI test suite
"2026-04-01T10:56:28.000Z ##[group]Run CI for angular/angular
2026-04-01T10:56:28.000Z Runner image: macos-latest
2026-04-01T10:56:28.000Z Language: java
2026-04-01T10:56:28.000Z FAIL packages/react-dom/src/__tests__/hydration.test.js
2026-04-01T10:56:28.000Z AssertionError: expected 9 but received 18
2026-04-01T10:56:28.000Z ##[error]Test suite failed with exit code 1",2026-04-01t10:56:28.000z group run ci for angular/angular 2026-04-01t10:56:28.000z runner image: macos-latest 2026-04-01t10:56:28.000z language: java 2026-04-01t10:56:28.000z fail packages/react-dom/src/__tests__/hydration.test.js 2026-04-01t10:56:28.000z assertionerror: expected 9,Test Failure,test,medium,Assertion mismatch in CI test suite
"2026-04-01T10:00:05.000Z ##[group]Run CI for nodejs/node
2026-04-01T10:00:05.000Z Runner image: macos-latest
2026-04-01T10:00:05.000Z Language: python
2026-04-01T10:00:05.000Z FAIL packages/react-dom/src/__tests__/hydration.test.js
2026-04-01T10:00:05.000Z AssertionError: expected 5 but received 14
2026-04-01T10:00:05.000Z ##[error]Test suite failed with exit code 1",2026-04-01t10:00:05.000z group run ci for nodejs/node 2026-04-01t10:00:05.000z runner image: macos-latest 2026-04-01t10:00:05.000z language: python 2026-04-01t10:00:05.000z fail packages/react-dom/src/__tests__/hydration.test.js 2026-04-01t10:00:05.000z assertionerror: expected 5,Test Failure,test,medium,Assertion mismatch in CI test suite
"2026-04-01T09:02:30.000Z ##[group]Run CI for vercel/next.js
2026-04-01T09:02:30.000Z Runner image: ubuntu-latest
2026-04-01T09:02:30.000Z Language: python
2026-04-01T09:02:30.000Z ERROR: Module not found: Cannot resolve 'spring-core'
2026-04-01T09:02:30.000Z npm ERR! code E404
2026-04-01T09:02:30.000Z ##[error]Dependency installation failed",2026-04-01t09:02:30.000z group run ci for vercel/next.js 2026-04-01t09:02:30.000z runner image: ubuntu-latest 2026-04-01t09:02:30.000z language: python 2026-04-01t09:02:30.000z error: module not found: cannot resolve,Dependency Error,build,high,Missing package or unresolved module dependency
"2026-04-01T09:04:45.000Z ##[group]Run CI for tensorflow/tensorflow
2026-04-01T09:04:45.000Z Runner image: windows-latest
2026-04-01T09:04:45.000Z Language: go
2026-04-01T09:04:45.000Z ERROR: Module not found: Cannot resolve 'webpack'
2026-04-01T09:04:45.000Z npm ERR! code E404
2026-04-01T09:04:45.000Z ##[error]Dependency installation failed",2026-04-01t09:04:45.000z group run ci for tensorflow/tensorflow 2026-04-01t09:04:45.000z runner image: windows-latest 2026-04-01t09:04:45.000z language: go 2026-04-01t09:04:45.000z error: module not found: cannot resolve,Dependency Error,build,high,Missing package or unresolved module dependency
"2026-04-01T09:06:41.000Z ##[group]Run CI for django/django
2026-04-01T09:06:41.000Z Runner image: windows-latest
2026-04-01T09:06:41.000Z Language: go
2026-04-01T09:06:41.000Z ERROR: Module not found: Cannot resolve 'webpack'
2026-04-01T09:06:41.000Z npm ERR! code E404
2026-04-01T09:06:41.000Z ##[error]Dependency installation failed",2026-04-01t09:06:41.000z group run ci for django/django 2026-04-01t09:06:41.000z runner image: windows-latest 2026-04-01t09:06:41.000z language: go 2026-04-01t09:06:41.000z error: module not found: cannot resolve,Dependency Error,build,high,Missing package or unresolved module dependency
"2026-04-01T09:08:51.000Z ##[group]Run CI for facebook/react
2026-04-01T09:08:51.000Z Runner image: ubuntu-latest
2026-04-01T09:08:51.000Z Language: go
2026-04-01T09:08:51.000Z ERROR: Module not found: Cannot resolve 'webpack'
2026-04-01T09:08:51.000Z npm ERR! code E404
2026-04-01T09:08:51.000Z ##[error]Dependency installation failed",2026-04-01t09:08:51.000z group run ci for facebook/react 2026-04-01t09:08:51.000z runner image: ubuntu-latest 2026-04-01t09:08:51.000z language: go 2026-04-01t09:08:51.000z error: module not found: cannot resolve,Dependency Error,build,high,Missing package or unresolved module dependency
"2026-04-01T09:10:58.000Z ##[group]Run CI for spring-projects/spring-boot
2026-04-01T09:10:58.000Z Runner image: windows-latest
2026-04-01T09:10:58.000Z Language: python
2026-04-01T09:10:58.000Z ERROR: Module not found: Cannot resolve 'pytest'
2026-04-01T09:10:58.000Z npm ERR! code E404
2026-04-01T09:10:58.000Z ##[error]Dependency installation failed",2026-04-01t09:10:58.000z group run ci for spring-projects/spring-boot 2026-04-01t09:10:58.000z runner image: windows-latest 2026-04-01t09:10:58.000z language: python 2026-04-01t09:10:58.000z error: module not found: cannot resolve,Dependency Error,build,high,Missing package or unresolved module dependency
"2026-04-01T11:24:42.000Z ##[group]Run CI for tensorflow/tensorflow
2026-04-01T11:24:42.000Z Runner image: windows-latest
2026-04-01T11:24:42.000Z Language: node
2026-04-01T11:24:42.000Z ERROR: Module not found: Cannot resolve 'spring-core'
2026-04-01T11:24:42.000Z npm ERR! code E404
2026-04-01T11:24:42.000Z ##[error]Dependency installation failed",2026-04-01t11:24:42.000z group run ci for tensorflow/tensorflow 2026-04-01t11:24:42.000z runner image: windows-latest 2026-04-01t11:24:42.000z language: node 2026-04-01t11:24:42.000z error: module not found: cannot resolve,Dependency Error,build,high,Missing package or unresolved module dependency
"2026-04-01T11:28:39.000Z ##[group]Run CI for spring-projects/spring-boot
2026-04-01T11:28:39.000Z Runner image: macos-latest
2026-04-01T11:28:39.000Z Language: java
2026-04-01T11:28:39.000Z ERROR: Module not found: Cannot resolve 'pytest'
2026-04-01T11:28:39.000Z npm ERR! code E404
2026-04-01T11:28:39.000Z ##[error]Dependency installation failed",2026-04-01t11:28:39.000z group run ci for spring-projects/spring-boot 2026-04-01t11:28:39.000z runner image: macos-latest 2026-04-01t11:28:39.000z language: java 2026-04-01t11:28:39.000z error: module not found: cannot resolve,Dependency Error,build,high,Missing package or unresolved module dependency
"2026-04-01T09:16:47.000Z ##[group]Run CI for spring-projects/spring-boot
2026-04-01T09:16:47.000Z Runner image: windows-latest
2026-04-01T09:16:47.000Z Language: rust
2026-04-01T09:16:47.000Z ERROR: Module not found: Cannot resolve 'pytest'
2026-04-01T09:16:47.000Z npm ERR! code E404
2026-04-01T09:16:47.000Z ##[error]Dependency installation failed",2026-04-01t09:16:47.000z group run ci for spring-projects/spring-boot 2026-04-01t09:16:47.000z runner image: windows-latest 2026-04-01t09:16:47.000z language: rust 2026-04-01t09:16:47.000z error: module not found: cannot resolve,Dependency Error,build,high,Missing package or unresolved module dependency
"2026-04-01T09:18:53.000Z ##[group]Run CI for apache/spark
2026-04-01T09:18:53.000Z Runner image: windows-latest
2026-04-01T09:18:53.000Z Language: java
2026-04-01T09:18:53.000Z ERROR: Module not found: Cannot resolve 'webpack'
2026-04-01T09:18:53.000Z npm ERR! code E404
2026-04-01T09:18:53.000Z ##[error]Dependency installation failed",2026-04-01t09:18:53.000z group run ci for apache/spark 2026-04-01t09:18:53.000z runner image: windows-latest 2026-04-01t09:18:53.000z language: java 2026-04-01t09:18:53.000z error: module not found: cannot resolve,Dependency Error,build,high,Missing package or unresolved module dependency
"2026-04-01T09:20:17.000Z ##[group]Run CI for microsoft/vscode
2026-04-01T09:20:17.000Z Runner image: macos-latest
2026-04-01T09:20:17.000Z Language: go
2026-04-01T09:20:17.000Z ERROR: Module not found: Cannot resolve 'grpcio'
2026-04-01T09:20:17.000Z npm ERR! code E404
2026-04-01T09:20:17.000Z ##[error]Dependency installation failed",2026-04-01t09:20:17.000z group run ci for microsoft/vscode 2026-04-01t09:20:17.000z runner image: macos-latest 2026-04-01t09:20:17.000z language: go 2026-04-01t09:20:17.000z error: module not found: cannot resolve,Dependency Error,build,high,Missing package or unresolved module dependency
"2026-04-01T10:33:21.000Z ##[group]Run CI for tensorflow/tensorflow
2026-04-01T10:33:21.000Z Runner image: macos-latest
2026-04-01T10:33:21.000Z Language: java
2026-04-01T10:33:21.000Z ERROR: Module not found: Cannot resolve 'torch'
2026-04-01T10:33:21.000Z npm ERR! code E404
2026-04-01T10:33:21.000Z ##[error]Dependency installation failed",2026-04-01t10:33:21.000z group run ci for tensorflow/tensorflow 2026-04-01t10:33:21.000z runner image: macos-latest 2026-04-01t10:33:21.000z language: java 2026-04-01t10:33:21.000z error: module not found: cannot resolve,Dependency Error,build,high,Missing package or unresolved module dependency
"2026-04-01T09:24:24.000Z ##[group]Run CI for spring-projects/spring-boot
2026-04-01T09:24:24.000Z Runner image: ubuntu-latest
2026-04-01T09:24:24.000Z Language: node
2026-04-01T09:24:24.000Z ERROR: Module not found: Cannot resolve 'webpack'
2026-04-01T09:24:24.000Z npm ERR! code E404
2026-04-01T09:24:24.000Z ##[error]Dependency installation failed",2026-04-01t09:24:24.000z group run ci for spring-projects/spring-boot 2026-04-01t09:24:24.000z runner image: ubuntu-latest 2026-04-01t09:24:24.000z language: node 2026-04-01t09:24:24.000z error: module not found: cannot resolve,Dependency Error,build,high,Missing package or unresolved module dependency
"2026-04-01T11:52:26.000Z ##[group]Run CI for nodejs/node
2026-04-01T11:52:26.000Z Runner image: macos-latest
2026-04-01T11:52:26.000Z Language: node
2026-04-01T11:52:26.000Z ERROR: Module not found: Cannot resolve 'torch'
2026-04-01T11:52:26.000Z npm ERR! code E404
2026-04-01T11:52:26.000Z ##[error]Dependency installation failed",2026-04-01t11:52:26.000z group run ci for nodejs/node 2026-04-01t11:52:26.000z runner image: macos-latest 2026-04-01t11:52:26.000z language: node 2026-04-01t11:52:26.000z error: module not found: cannot resolve,Dependency Error,build,high,Missing package or unresolved module dependency
"2026-04-01T09:28:53.000Z ##[group]Run CI for spring-projects/spring-boot
2026-04-01T09:28:53.000Z Runner image: windows-latest
2026-04-01T09:28:53.000Z Language: go
2026-04-01T09:28:53.000Z ERROR: Module not found: Cannot resolve 'grpcio'
2026-04-01T09:28:53.000Z npm ERR! code E404
2026-04-01T09:28:53.000Z ##[error]Dependency installation failed",2026-04-01t09:28:53.000z group run ci for spring-projects/spring-boot 2026-04-01t09:28:53.000z runner image: windows-latest 2026-04-01t09:28:53.000z language: go 2026-04-01t09:28:53.000z error: module not found: cannot resolve,Dependency Error,build,high,Missing package or unresolved module dependency
"2026-04-01T12:00:30.000Z ##[group]Run CI for django/django
2026-04-01T12:00:30.000Z Runner image: macos-latest
2026-04-01T12:00:30.000Z Language: python
2026-04-01T12:00:30.000Z ERROR: Module not found: Cannot resolve 'react-dom'
2026-04-01T12:00:30.000Z npm ERR! code E404
2026-04-01T12:00:30.000Z ##[error]Dependency installation failed",2026-04-01t12:00:30.000z group run ci for django/django 2026-04-01t12:00:30.000z runner image: macos-latest 2026-04-01t12:00:30.000z language: python 2026-04-01t12:00:30.000z error: module not found: cannot resolve,Dependency Error,build,high,Missing package or unresolved module dependency
"2026-04-01T12:04:34.000Z ##[group]Run CI for pytorch/pytorch
2026-04-01T12:04:34.000Z Runner image: windows-latest
2026-04-01T12:04:34.000Z Language: go
2026-04-01T12:04:34.000Z ERROR: Module not found: Cannot resolve 'webpack'
2026-04-01T12:04:34.000Z npm ERR! code E404
2026-04-01T12:04:34.000Z ##[error]Dependency installation failed",2026-04-01t12:04:34.000z group run ci for pytorch/pytorch 2026-04-01t12:04:34.000z runner image: windows-latest 2026-04-01t12:04:34.000z language: go 2026-04-01t12:04:34.000z error: module not found: cannot resolve,Dependency Error,build,high,Missing package or unresolved module dependency
"2026-04-01T09:34:17.000Z ##[group]Run CI for spring-projects/spring-boot
2026-04-01T09:34:17.000Z Runner image: macos-latest
2026-04-01T09:34:17.000Z Language: node
2026-04-01T09:34:17.000Z ERROR: Module not found: Cannot resolve 'grpcio'
2026-04-01T09:34:17.000Z npm ERR! code E404
2026-04-01T09:34:17.000Z ##[error]Dependency installation failed",2026-04-01t09:34:17.000z group run ci for spring-projects/spring-boot 2026-04-01t09:34:17.000z runner image: macos-latest 2026-04-01t09:34:17.000z language: node 2026-04-01t09:34:17.000z error: module not found: cannot resolve,Dependency Error,build,high,Missing package or unresolved module dependency
"2026-04-01T12:12:46.000Z ##[group]Run CI for apache/spark
2026-04-01T12:12:46.000Z Runner image: ubuntu-latest
2026-04-01T12:12:46.000Z Language: go
2026-04-01T12:12:46.000Z ERROR: Module not found: Cannot resolve 'numpy'
2026-04-01T12:12:46.000Z npm ERR! code E404
2026-04-01T12:12:46.000Z ##[error]Dependency installation failed",2026-04-01t12:12:46.000z group run ci for apache/spark 2026-04-01t12:12:46.000z runner image: ubuntu-latest 2026-04-01t12:12:46.000z language: go 2026-04-01t12:12:46.000z error: module not found: cannot resolve,Dependency Error,build,high,Missing package or unresolved module dependency
"2026-04-01T08:19:58.000Z ##[group]Run CI for apache/spark
2026-04-01T08:19:58.000Z Runner image: ubuntu-latest
2026-04-01T08:19:58.000Z Language: rust
2026-04-01T08:19:58.000Z ERROR: Module not found: Cannot resolve 'grpcio'
2026-04-01T08:19:58.000Z npm ERR! code E404
2026-04-01T08:19:58.000Z ##[error]Dependency installation failed",2026-04-01t08:19:58.000z group run ci for apache/spark 2026-04-01t08:19:58.000z runner image: ubuntu-latest 2026-04-01t08:19:58.000z language: rust 2026-04-01t08:19:58.000z error: module not found: cannot resolve,Dependency Error,build,high,Missing package or unresolved module dependency
"2026-04-01T12:20:08.000Z ##[group]Run CI for angular/angular
2026-04-01T12:20:08.000Z Runner image: macos-latest
2026-04-01T12:20:08.000Z Language: python
2026-04-01T12:20:08.000Z ERROR: Module not found: Cannot resolve 'pytest'
2026-04-01T12:20:08.000Z npm ERR! code E404
2026-04-01T12:20:08.000Z ##[error]Dependency installation failed",2026-04-01t12:20:08.000z group run ci for angular/angular 2026-04-01t12:20:08.000z runner image: macos-latest 2026-04-01t12:20:08.000z language: python 2026-04-01t12:20:08.000z error: module not found: cannot resolve,Dependency Error,build,high,Missing package or unresolved module dependency
"2026-04-01T12:24:20.000Z ##[group]Run CI for apache/spark
2026-04-01T12:24:20.000Z Runner image: ubuntu-latest
2026-04-01T12:24:20.000Z Language: python
2026-04-01T12:24:20.000Z ERROR: Module not found: Cannot resolve 'numpy'
2026-04-01T12:24:20.000Z npm ERR! code E404
2026-04-01T12:24:20.000Z ##[error]Dependency installation failed",2026-04-01t12:24:20.000z group run ci for apache/spark 2026-04-01t12:24:20.000z runner image: ubuntu-latest 2026-04-01t12:24:20.000z language: python 2026-04-01t12:24:20.000z error: module not found: cannot resolve,Dependency Error,build,high,Missing package or unresolved module dependency
"2026-04-01T12:28:17.000Z ##[group]Run CI for apache/spark
2026-04-01T12:28:17.000Z Runner image: windows-latest
2026-04-01T12:28:17.000Z Language: java
2026-04-01T12:28:17.000Z ERROR: Module not found: Cannot resolve 'pytest'
2026-04-01T12:28:17.000Z npm ERR! code E404
2026-04-01T12:28:17.000Z ##[error]Dependency installation failed",2026-04-01t12:28:17.000z group run ci for apache/spark 2026-04-01t12:28:17.000z runner image: windows-latest 2026-04-01t12:28:17.000z language: java 2026-04-01t12:28:17.000z error: module not found: cannot resolve,Dependency Error,build,high,Missing package or unresolved module dependency
"2026-04-01T08:23:47.000Z ##[group]Run CI for django/django
2026-04-01T08:23:47.000Z Runner image: windows-latest
2026-04-01T08:23:47.000Z Language: python
2026-04-01T08:23:47.000Z ERROR: Module not found: Cannot resolve 'spring-core'
2026-04-01T08:23:47.000Z npm ERR! code E404
2026-04-01T08:23:47.000Z ##[error]Dependency installation failed",2026-04-01t08:23:47.000z group run ci for django/django 2026-04-01t08:23:47.000z runner image: windows-latest 2026-04-01t08:23:47.000z language: python 2026-04-01t08:23:47.000z error: module not found: cannot resolve,Dependency Error,build,high,Missing package or unresolved module dependency
"2026-04-01T08:24:49.000Z ##[group]Run CI for facebook/react
2026-04-01T08:24:49.000Z Runner image: windows-latest
2026-04-01T08:24:49.000Z Language: node
2026-04-01T08:24:49.000Z ERROR: Module not found: Cannot resolve 'webpack'
2026-04-01T08:24:49.000Z npm ERR! code E404
2026-04-01T08:24:49.000Z ##[error]Dependency installation failed",2026-04-01t08:24:49.000z group run ci for facebook/react 2026-04-01t08:24:49.000z runner image: windows-latest 2026-04-01t08:24:49.000z language: node 2026-04-01t08:24:49.000z error: module not found: cannot resolve,Dependency Error,build,high,Missing package or unresolved module dependency
"2026-04-01T08:25:39.000Z ##[group]Run CI for facebook/react
2026-04-01T08:25:39.000Z Runner image: ubuntu-latest
2026-04-01T08:25:39.000Z Language: node
2026-04-01T08:25:39.000Z ERROR: Module not found: Cannot resolve 'numpy'
2026-04-01T08:25:39.000Z npm ERR! code E404
2026-04-01T08:25:39.000Z ##[error]Dependency installation failed",2026-04-01t08:25:39.000z group run ci for facebook/react 2026-04-01t08:25:39.000z runner image: ubuntu-latest 2026-04-01t08:25:39.000z language: node 2026-04-01t08:25:39.000z error: module not found: cannot resolve,Dependency Error,build,high,Missing package or unresolved module dependency
"2026-04-01T08:26:36.000Z ##[group]Run CI for vercel/next.js
2026-04-01T08:26:36.000Z Runner image: ubuntu-latest
2026-04-01T08:26:36.000Z Language: go
2026-04-01T08:26:36.000Z ERROR: Module not found: Cannot resolve 'numpy'
2026-04-01T08:26:36.000Z npm ERR! code E404
2026-04-01T08:26:36.000Z ##[error]Dependency installation failed",2026-04-01t08:26:36.000z group run ci for vercel/next.js 2026-04-01t08:26:36.000z runner image: ubuntu-latest 2026-04-01t08:26:36.000z language: go 2026-04-01t08:26:36.000z error: module not found: cannot resolve,Dependency Error,build,high,Missing package or unresolved module dependency
"2026-04-01T11:21:10.000Z ##[group]Run CI for apache/spark
2026-04-01T11:21:10.000Z Runner image: macos-latest
2026-04-01T11:21:10.000Z Language: java
2026-04-01T11:21:10.000Z ERROR: Module not found: Cannot resolve 'spring-core'
2026-04-01T11:21:10.000Z npm ERR! code E404
2026-04-01T11:21:10.000Z ##[error]Dependency installation failed",2026-04-01t11:21:10.000z group run ci for apache/spark 2026-04-01t11:21:10.000z runner image: macos-latest 2026-04-01t11:21:10.000z language: java 2026-04-01t11:21:10.000z error: module not found: cannot resolve,Dependency Error,build,high,Missing package or unresolved module dependency
"2026-04-01T09:56:19.000Z ##[group]Run CI for angular/angular
2026-04-01T09:56:19.000Z Runner image: macos-latest
2026-04-01T09:56:19.000Z Language: python
2026-04-01T09:56:19.000Z ERROR: Module not found: Cannot resolve 'react-dom'
2026-04-01T09:56:19.000Z npm ERR! code E404
2026-04-01T09:56:19.000Z ##[error]Dependency installation failed",2026-04-01t09:56:19.000z group run ci for angular/angular 2026-04-01t09:56:19.000z runner image: macos-latest 2026-04-01t09:56:19.000z language: python 2026-04-01t09:56:19.000z error: module not found: cannot resolve,Dependency Error,build,high,Missing package or unresolved module dependency
"2026-04-01T12:56:25.000Z ##[group]Run CI for angular/angular
2026-04-01T12:56:25.000Z Runner image: ubuntu-latest
2026-04-01T12:56:25.000Z Language: java
2026-04-01T12:56:25.000Z ERROR: Module not found: Cannot resolve 'webpack'
2026-04-01T12:56:25.000Z npm ERR! code E404
2026-04-01T12:56:25.000Z ##[error]Dependency installation failed",2026-04-01t12:56:25.000z group run ci for angular/angular 2026-04-01t12:56:25.000z runner image: ubuntu-latest 2026-04-01t12:56:25.000z language: java 2026-04-01t12:56:25.000z error: module not found: cannot resolve,Dependency Error,build,high,Missing package or unresolved module dependency
"2026-04-01T10:00:06.000Z ##[group]Run CI for vercel/next.js
2026-04-01T10:00:06.000Z Runner image: ubuntu-latest
2026-04-01T10:00:06.000Z Language: rust
2026-04-01T10:00:06.000Z ERROR: Module not found: Cannot resolve 'webpack'
2026-04-01T10:00:06.000Z npm ERR! code E404
2026-04-01T10:00:06.000Z ##[error]Dependency installation failed",2026-04-01t10:00:06.000z group run ci for vercel/next.js 2026-04-01t10:00:06.000z runner image: ubuntu-latest 2026-04-01t10:00:06.000z language: rust 2026-04-01t10:00:06.000z error: module not found: cannot resolve,Dependency Error,build,high,Missing package or unresolved module dependency
"2026-04-01T08:31:50.000Z ##[group]Run CI for microsoft/vscode
2026-04-01T08:31:50.000Z Runner image: macos-latest
2026-04-01T08:31:50.000Z Language: rust
2026-04-01T08:31:50.000Z ERROR: Module not found: Cannot resolve 'spring-core'
2026-04-01T08:31:50.000Z npm ERR! code E404
2026-04-01T08:31:50.000Z ##[error]Dependency installation failed",2026-04-01t08:31:50.000z group run ci for microsoft/vscode 2026-04-01t08:31:50.000z runner image: macos-latest 2026-04-01t08:31:50.000z language: rust 2026-04-01t08:31:50.000z error: module not found: cannot resolve,Dependency Error,build,high,Missing package or unresolved module dependency
"2026-04-01T11:36:04.000Z ##[group]Run CI for facebook/react
2026-04-01T11:36:04.000Z Runner image: windows-latest
2026-04-01T11:36:04.000Z Language: rust
2026-04-01T11:36:04.000Z ERROR: Module not found: Cannot resolve 'spring-core'
2026-04-01T11:36:04.000Z npm ERR! code E404
2026-04-01T11:36:04.000Z ##[error]Dependency installation failed",2026-04-01t11:36:04.000z group run ci for facebook/react 2026-04-01t11:36:04.000z runner image: windows-latest 2026-04-01t11:36:04.000z language: rust 2026-04-01t11:36:04.000z error: module not found: cannot resolve,Dependency Error,build,high,Missing package or unresolved module dependency
"2026-04-01T13:12:06.000Z ##[group]Run CI for pytorch/pytorch
2026-04-01T13:12:06.000Z Runner image: ubuntu-latest
2026-04-01T13:12:06.000Z Language: go
2026-04-01T13:12:06.000Z ERROR: Module not found: Cannot resolve 'grpcio'
2026-04-01T13:12:06.000Z npm ERR! code E404
2026-04-01T13:12:06.000Z ##[error]Dependency installation failed",2026-04-01t13:12:06.000z group run ci for pytorch/pytorch 2026-04-01t13:12:06.000z runner image: ubuntu-latest 2026-04-01t13:12:06.000z language: go 2026-04-01t13:12:06.000z error: module not found: cannot resolve,Dependency Error,build,high,Missing package or unresolved module dependency
"2026-04-01T10:08:27.000Z ##[group]Run CI for pytorch/pytorch
2026-04-01T10:08:27.000Z Runner image: macos-latest
2026-04-01T10:08:27.000Z Language: go
2026-04-01T10:08:27.000Z ERROR: Module not found: Cannot resolve 'numpy'
2026-04-01T10:08:27.000Z npm ERR! code E404
2026-04-01T10:08:27.000Z ##[error]Dependency installation failed",2026-04-01t10:08:27.000z group run ci for pytorch/pytorch 2026-04-01t10:08:27.000z runner image: macos-latest 2026-04-01t10:08:27.000z language: go 2026-04-01t10:08:27.000z error: module not found: cannot resolve,Dependency Error,build,high,Missing package or unresolved module dependency
"2026-04-01T13:20:29.000Z ##[group]Run CI for spring-projects/spring-boot
2026-04-01T13:20:29.000Z Runner image: macos-latest
2026-04-01T13:20:29.000Z Language: java
2026-04-01T13:20:29.000Z ERROR: Module not found: Cannot resolve 'grpcio'
2026-04-01T13:20:29.000Z npm ERR! code E404
2026-04-01T13:20:29.000Z ##[error]Dependency installation failed",2026-04-01t13:20:29.000z group run ci for spring-projects/spring-boot 2026-04-01t13:20:29.000z runner image: macos-latest 2026-04-01t13:20:29.000z language: java 2026-04-01t13:20:29.000z error: module not found: cannot resolve,Dependency Error,build,high,Missing package or unresolved module dependency
"2026-04-01T10:12:53.000Z ##[group]Run CI for angular/angular
2026-04-01T10:12:53.000Z Runner image: windows-latest
2026-04-01T10:12:53.000Z Language: java
2026-04-01T10:12:53.000Z ERROR: Module not found: Cannot resolve 'react-dom'
2026-04-01T10:12:53.000Z npm ERR! code E404
2026-04-01T10:12:53.000Z ##[error]Dependency installation failed",2026-04-01t10:12:53.000z group run ci for angular/angular 2026-04-01t10:12:53.000z runner image: windows-latest 2026-04-01t10:12:53.000z language: java 2026-04-01t10:12:53.000z error: module not found: cannot resolve,Dependency Error,build,high,Missing package or unresolved module dependency
"2026-04-01T13:28:36.000Z ##[group]Run CI for microsoft/vscode
2026-04-01T13:28:36.000Z Runner image: windows-latest
2026-04-01T13:28:36.000Z Language: node
2026-04-01T13:28:36.000Z ERROR: Module not found: Cannot resolve 'spring-core'
2026-04-01T13:28:36.000Z npm ERR! code E404
2026-04-01T13:28:36.000Z ##[error]Dependency installation failed",2026-04-01t13:28:36.000z group run ci for microsoft/vscode 2026-04-01t13:28:36.000z runner image: windows-latest 2026-04-01t13:28:36.000z language: node 2026-04-01t13:28:36.000z error: module not found: cannot resolve,Dependency Error,build,high,Missing package or unresolved module dependency
"2026-04-01T11:54:11.000Z ##[group]Run CI for django/django
2026-04-01T11:54:11.000Z Runner image: windows-latest
2026-04-01T11:54:11.000Z Language: python
2026-04-01T11:54:11.000Z ERROR: Module not found: Cannot resolve 'grpcio'
2026-04-01T11:54:11.000Z npm ERR! code E404
2026-04-01T11:54:11.000Z ##[error]Dependency installation failed",2026-04-01t11:54:11.000z group run ci for django/django 2026-04-01t11:54:11.000z runner image: windows-latest 2026-04-01t11:54:11.000z language: python 2026-04-01t11:54:11.000z error: module not found: cannot resolve,Dependency Error,build,high,Missing package or unresolved module dependency
"2026-04-01T11:57:56.000Z ##[group]Run CI for vercel/next.js
2026-04-01T11:57:56.000Z Runner image: windows-latest
2026-04-01T11:57:56.000Z Language: java
2026-04-01T11:57:56.000Z ERROR: Module not found: Cannot resolve 'spring-core'
2026-04-01T11:57:56.000Z npm ERR! code E404
2026-04-01T11:57:56.000Z ##[error]Dependency installation failed",2026-04-01t11:57:56.000z group run ci for vercel/next.js 2026-04-01t11:57:56.000z runner image: windows-latest 2026-04-01t11:57:56.000z language: java 2026-04-01t11:57:56.000z error: module not found: cannot resolve,Dependency Error,build,high,Missing package or unresolved module dependency
"2026-04-01T10:20:05.000Z ##[group]Run CI for microsoft/vscode
2026-04-01T10:20:05.000Z Runner image: macos-latest
2026-04-01T10:20:05.000Z Language: python
2026-04-01T10:20:05.000Z ERROR: Module not found: Cannot resolve 'numpy'
2026-04-01T10:20:05.000Z npm ERR! code E404
2026-04-01T10:20:05.000Z ##[error]Dependency installation failed",2026-04-01t10:20:05.000z group run ci for microsoft/vscode 2026-04-01t10:20:05.000z runner image: macos-latest 2026-04-01t10:20:05.000z language: python 2026-04-01t10:20:05.000z error: module not found: cannot resolve,Dependency Error,build,high,Missing package or unresolved module dependency
"2026-04-01T10:22:44.000Z ##[group]Run CI for django/django
2026-04-01T10:22:44.000Z Runner image: windows-latest
2026-04-01T10:22:44.000Z Language: rust
2026-04-01T10:22:44.000Z ERROR: Module not found: Cannot resolve 'grpcio'
2026-04-01T10:22:44.000Z npm ERR! code E404
2026-04-01T10:22:44.000Z ##[error]Dependency installation failed",2026-04-01t10:22:44.000z group run ci for django/django 2026-04-01t10:22:44.000z runner image: windows-latest 2026-04-01t10:22:44.000z language: rust 2026-04-01t10:22:44.000z error: module not found: cannot resolve,Dependency Error,build,high,Missing package or unresolved module dependency
"2026-04-01T12:06:14.000Z ##[group]Run CI for apache/spark
2026-04-01T12:06:14.000Z Runner image: windows-latest
2026-04-01T12:06:14.000Z Language: python
2026-04-01T12:06:14.000Z ERROR: Module not found: Cannot resolve 'grpcio'
2026-04-01T12:06:14.000Z npm ERR! code E404
2026-04-01T12:06:14.000Z ##[error]Dependency installation failed",2026-04-01t12:06:14.000z group run ci for apache/spark 2026-04-01t12:06:14.000z runner image: windows-latest 2026-04-01t12:06:14.000z language: python 2026-04-01t12:06:14.000z error: module not found: cannot resolve,Dependency Error,build,high,Missing package or unresolved module dependency
"2026-04-01T13:52:35.000Z ##[group]Run CI for vercel/next.js
2026-04-01T13:52:35.000Z Runner image: windows-latest
2026-04-01T13:52:35.000Z Language: rust
2026-04-01T13:52:35.000Z ERROR: Module not found: Cannot resolve 'spring-core'
2026-04-01T13:52:35.000Z npm ERR! code E404
2026-04-01T13:52:35.000Z ##[error]Dependency installation failed",2026-04-01t13:52:35.000z group run ci for vercel/next.js 2026-04-01t13:52:35.000z runner image: windows-latest 2026-04-01t13:52:35.000z language: rust 2026-04-01t13:52:35.000z error: module not found: cannot resolve,Dependency Error,build,high,Missing package or unresolved module dependency
"2026-04-01T12:12:44.000Z ##[group]Run CI for pytorch/pytorch
2026-04-01T12:12:44.000Z Runner image: windows-latest
2026-04-01T12:12:44.000Z Language: rust
2026-04-01T12:12:44.000Z ERROR: Module not found: Cannot resolve 'grpcio'
2026-04-01T12:12:44.000Z npm ERR! code E404
2026-04-01T12:12:44.000Z ##[error]Dependency installation failed",2026-04-01t12:12:44.000z group run ci for pytorch/pytorch 2026-04-01t12:12:44.000z runner image: windows-latest 2026-04-01t12:12:44.000z language: rust 2026-04-01t12:12:44.000z error: module not found: cannot resolve,Dependency Error,build,high,Missing package or unresolved module dependency
"2026-04-01T08:45:46.000Z ##[group]Run CI for microsoft/vscode
2026-04-01T08:45:46.000Z Runner image: windows-latest
2026-04-01T08:45:46.000Z Language: java
2026-04-01T08:45:46.000Z ERROR: Module not found: Cannot resolve 'numpy'
2026-04-01T08:45:46.000Z npm ERR! code E404
2026-04-01T08:45:46.000Z ##[error]Dependency installation failed",2026-04-01t08:45:46.000z group run ci for microsoft/vscode 2026-04-01t08:45:46.000z runner image: windows-latest 2026-04-01t08:45:46.000z language: java 2026-04-01t08:45:46.000z error: module not found: cannot resolve,Dependency Error,build,high,Missing package or unresolved module dependency
"2026-04-01T10:32:12.000Z ##[group]Run CI for pytorch/pytorch
2026-04-01T10:32:12.000Z Runner image: ubuntu-latest
2026-04-01T10:32:12.000Z Language: rust
2026-04-01T10:32:12.000Z ERROR: Module not found: Cannot resolve 'numpy'
2026-04-01T10:32:12.000Z npm ERR! code E404
2026-04-01T10:32:12.000Z ##[error]Dependency installation failed",2026-04-01t10:32:12.000z group run ci for pytorch/pytorch 2026-04-01t10:32:12.000z runner image: ubuntu-latest 2026-04-01t10:32:12.000z language: rust 2026-04-01t10:32:12.000z error: module not found: cannot resolve,Dependency Error,build,high,Missing package or unresolved module dependency
"2026-04-01T12:21:06.000Z ##[group]Run CI for apache/spark
2026-04-01T12:21:06.000Z Runner image: windows-latest
2026-04-01T12:21:06.000Z Language: rust
2026-04-01T12:21:06.000Z ERROR: Module not found: Cannot resolve 'pytest'
2026-04-01T12:21:06.000Z npm ERR! code E404
2026-04-01T12:21:06.000Z ##[error]Dependency installation failed",2026-04-01t12:21:06.000z group run ci for apache/spark 2026-04-01t12:21:06.000z runner image: windows-latest 2026-04-01t12:21:06.000z language: rust 2026-04-01t12:21:06.000z error: module not found: cannot resolve,Dependency Error,build,high,Missing package or unresolved module dependency
"2026-04-01T10:36:19.000Z ##[group]Run CI for vercel/next.js
2026-04-01T10:36:19.000Z Runner image: windows-latest
2026-04-01T10:36:19.000Z Language: node
2026-04-01T10:36:19.000Z ERROR: Module not found: Cannot resolve 'react-dom'
2026-04-01T10:36:19.000Z npm ERR! code E404
2026-04-01T10:36:19.000Z ##[error]Dependency installation failed",2026-04-01t10:36:19.000z group run ci for vercel/next.js 2026-04-01t10:36:19.000z runner image: windows-latest 2026-04-01t10:36:19.000z language: node 2026-04-01t10:36:19.000z error: module not found: cannot resolve,Dependency Error,build,high,Missing package or unresolved module dependency
"2026-04-01T08:49:35.000Z ##[group]Run CI for spring-projects/spring-boot
2026-04-01T08:49:35.000Z Runner image: ubuntu-latest
2026-04-01T08:49:35.000Z Language: java
2026-04-01T08:49:35.000Z ERROR: Module not found: Cannot resolve 'torch'
2026-04-01T08:49:35.000Z npm ERR! code E404
2026-04-01T08:49:35.000Z ##[error]Dependency installation failed",2026-04-01t08:49:35.000z group run ci for spring-projects/spring-boot 2026-04-01t08:49:35.000z runner image: ubuntu-latest 2026-04-01t08:49:35.000z language: java 2026-04-01t08:49:35.000z error: module not found: cannot resolve,Dependency Error,build,high,Missing package or unresolved module dependency
"2026-04-01T08:50:36.000Z ##[group]Run CI for nodejs/node
2026-04-01T08:50:36.000Z Runner image: macos-latest
2026-04-01T08:50:36.000Z Language: go
2026-04-01T08:50:36.000Z ERROR: Module not found: Cannot resolve 'torch'
2026-04-01T08:50:36.000Z npm ERR! code E404
2026-04-01T08:50:36.000Z ##[error]Dependency installation failed",2026-04-01t08:50:36.000z group run ci for nodejs/node 2026-04-01t08:50:36.000z runner image: macos-latest 2026-04-01t08:50:36.000z language: go 2026-04-01t08:50:36.000z error: module not found: cannot resolve,Dependency Error,build,high,Missing package or unresolved module dependency
"2026-04-01T10:42:03.000Z ##[group]Run CI for apache/spark
2026-04-01T10:42:03.000Z Runner image: windows-latest
2026-04-01T10:42:03.000Z Language: go
2026-04-01T10:42:03.000Z ERROR: Module not found: Cannot resolve 'torch'
2026-04-01T10:42:03.000Z npm ERR! code E404
2026-04-01T10:42:03.000Z ##[error]Dependency installation failed",2026-04-01t10:42:03.000z group run ci for apache/spark 2026-04-01t10:42:03.000z runner image: windows-latest 2026-04-01t10:42:03.000z language: go 2026-04-01t10:42:03.000z error: module not found: cannot resolve,Dependency Error,build,high,Missing package or unresolved module dependency
"2026-04-01T14:28:04.000Z ##[group]Run CI for apache/spark
2026-04-01T14:28:04.000Z Runner image: ubuntu-latest
2026-04-01T14:28:04.000Z Language: python
2026-04-01T14:28:04.000Z ERROR: Module not found: Cannot resolve 'spring-core'
2026-04-01T14:28:04.000Z npm ERR! code E404
2026-04-01T14:28:04.000Z ##[error]Dependency installation failed",2026-04-01t14:28:04.000z group run ci for apache/spark 2026-04-01t14:28:04.000z runner image: ubuntu-latest 2026-04-01t14:28:04.000z language: python 2026-04-01t14:28:04.000z error: module not found: cannot resolve,Dependency Error,build,high,Missing package or unresolved module dependency
"2026-04-01T12:39:05.000Z ##[group]Run CI for facebook/react
2026-04-01T12:39:05.000Z Runner image: ubuntu-latest
2026-04-01T12:39:05.000Z Language: node
2026-04-01T12:39:05.000Z ERROR: Module not found: Cannot resolve 'numpy'
2026-04-01T12:39:05.000Z npm ERR! code E404
2026-04-01T12:39:05.000Z ##[error]Dependency installation failed",2026-04-01t12:39:05.000z group run ci for facebook/react 2026-04-01t12:39:05.000z runner image: ubuntu-latest 2026-04-01t12:39:05.000z language: node 2026-04-01t12:39:05.000z error: module not found: cannot resolve,Dependency Error,build,high,Missing package or unresolved module dependency
"2026-04-01T10:48:49.000Z ##[group]Run CI for tensorflow/tensorflow
2026-04-01T10:48:49.000Z Runner image: macos-latest
2026-04-01T10:48:49.000Z Language: go
2026-04-01T10:48:49.000Z ERROR: Module not found: Cannot resolve 'spring-core'
2026-04-01T10:48:49.000Z npm ERR! code E404
2026-04-01T10:48:49.000Z ##[error]Dependency installation failed",2026-04-01t10:48:49.000z group run ci for tensorflow/tensorflow 2026-04-01t10:48:49.000z runner image: macos-latest 2026-04-01t10:48:49.000z language: go 2026-04-01t10:48:49.000z error: module not found: cannot resolve,Dependency Error,build,high,Missing package or unresolved module dependency
"2026-04-01T14:40:19.000Z ##[group]Run CI for django/django
2026-04-01T14:40:19.000Z Runner image: windows-latest
2026-04-01T14:40:19.000Z Language: go
2026-04-01T14:40:19.000Z ERROR: Module not found: Cannot resolve 'spring-core'
2026-04-01T14:40:19.000Z npm ERR! code E404
2026-04-01T14:40:19.000Z ##[error]Dependency installation failed",2026-04-01t14:40:19.000z group run ci for django/django 2026-04-01t14:40:19.000z runner image: windows-latest 2026-04-01t14:40:19.000z language: go 2026-04-01t14:40:19.000z error: module not found: cannot resolve,Dependency Error,build,high,Missing package or unresolved module dependency
"2026-04-01T08:56:48.000Z ##[group]Run CI for angular/angular
2026-04-01T08:56:48.000Z Runner image: ubuntu-latest
2026-04-01T08:56:48.000Z Language: rust
2026-04-01T08:56:48.000Z ERROR: Module not found: Cannot resolve 'numpy'
2026-04-01T08:56:48.000Z npm ERR! code E404
2026-04-01T08:56:48.000Z ##[error]Dependency installation failed",2026-04-01t08:56:48.000z group run ci for angular/angular 2026-04-01t08:56:48.000z runner image: ubuntu-latest 2026-04-01t08:56:48.000z language: rust 2026-04-01t08:56:48.000z error: module not found: cannot resolve,Dependency Error,build,high,Missing package or unresolved module dependency
"2026-04-01T10:54:11.000Z ##[group]Run CI for vercel/next.js
2026-04-01T10:54:11.000Z Runner image: windows-latest
2026-04-01T10:54:11.000Z Language: python
2026-04-01T10:54:11.000Z ERROR: Module not found: Cannot resolve 'spring-core'
2026-04-01T10:54:11.000Z npm ERR! code E404
2026-04-01T10:54:11.000Z ##[error]Dependency installation failed",2026-04-01t10:54:11.000z group run ci for vercel/next.js 2026-04-01t10:54:11.000z runner image: windows-latest 2026-04-01t10:54:11.000z language: python 2026-04-01t10:54:11.000z error: module not found: cannot resolve,Dependency Error,build,high,Missing package or unresolved module dependency
"2026-04-01T14:52:44.000Z ##[group]Run CI for tensorflow/tensorflow
2026-04-01T14:52:44.000Z Runner image: ubuntu-latest
2026-04-01T14:52:44.000Z Language: python
2026-04-01T14:52:44.000Z ERROR: Module not found: Cannot resolve 'spring-core'
2026-04-01T14:52:44.000Z npm ERR! code E404
2026-04-01T14:52:44.000Z ##[error]Dependency installation failed",2026-04-01t14:52:44.000z group run ci for tensorflow/tensorflow 2026-04-01t14:52:44.000z runner image: ubuntu-latest 2026-04-01t14:52:44.000z language: python 2026-04-01t14:52:44.000z error: module not found: cannot resolve,Dependency Error,build,high,Missing package or unresolved module dependency
"2026-04-01T12:57:45.000Z ##[group]Run CI for apache/spark
2026-04-01T12:57:45.000Z Runner image: windows-latest
2026-04-01T12:57:45.000Z Language: python
2026-04-01T12:57:45.000Z ERROR: Module not found: Cannot resolve 'torch'
2026-04-01T12:57:45.000Z npm ERR! code E404
2026-04-01T12:57:45.000Z ##[error]Dependency installation failed",2026-04-01t12:57:45.000z group run ci for apache/spark 2026-04-01t12:57:45.000z runner image: windows-latest 2026-04-01t12:57:45.000z language: python 2026-04-01t12:57:45.000z error: module not found: cannot resolve,Dependency Error,build,high,Missing package or unresolved module dependency
"2026-04-01T11:00:27.000Z ##[group]Run CI for apache/spark
2026-04-01T11:00:27.000Z Runner image: ubuntu-latest
2026-04-01T11:00:27.000Z Language: node
2026-04-01T11:00:27.000Z ERROR: Module not found: Cannot resolve 'react-dom'
2026-04-01T11:00:27.000Z npm ERR! code E404
2026-04-01T11:00:27.000Z ##[error]Dependency installation failed",2026-04-01t11:00:27.000z group run ci for apache/spark 2026-04-01t11:00:27.000z runner image: ubuntu-latest 2026-04-01t11:00:27.000z language: node 2026-04-01t11:00:27.000z error: module not found: cannot resolve,Dependency Error,build,high,Missing package or unresolved module dependency
"2026-04-01T11:02:04.000Z ##[group]Run CI for spring-projects/spring-boot
2026-04-01T11:02:04.000Z Runner image: ubuntu-latest
2026-04-01T11:02:04.000Z Language: node
2026-04-01T11:02:04.000Z src/scheduler/handler.py:94: SyntaxError: unexpected token '@'
2026-04-01T11:02:04.000Z pylint: E0001 syntax-error
2026-04-01T11:02:04.000Z ##[error]Build stopped due to syntax error",2026-04-01t11:02:04.000z group run ci for spring-projects/spring-boot 2026-04-01t11:02:04.000z runner image: ubuntu-latest 2026-04-01t11:02:04.000z language: node 2026-04-01t11:02:04.000z src/scheduler/handler.py:94: syntaxerror: unexpected token 2026-04-01t11:02:04.000z pylint:,Syntax Error,build,high,Invalid code syntax detected by compiler or linter
"2026-04-01T15:08:07.000Z ##[group]Run CI for microsoft/vscode
2026-04-01T15:08:07.000Z Runner image: macos-latest
2026-04-01T15:08:07.000Z Language: rust
2026-04-01T15:08:07.000Z src/scheduler/handler.py:362: SyntaxError: unexpected token '['
2026-04-01T15:08:07.000Z pylint: E0001 syntax-error
2026-04-01T15:08:07.000Z ##[error]Build stopped due to syntax error",2026-04-01t15:08:07.000z group run ci for microsoft/vscode 2026-04-01t15:08:07.000z runner image: macos-latest 2026-04-01t15:08:07.000z language: rust 2026-04-01t15:08:07.000z src/scheduler/handler.py:362: syntaxerror: unexpected token 2026-04-01t15:08:07.000z pylint:,Syntax Error,build,high,Invalid code syntax detected by compiler or linter
"2026-04-01T15:12:28.000Z ##[group]Run CI for microsoft/vscode
2026-04-01T15:12:28.000Z Runner image: macos-latest
2026-04-01T15:12:28.000Z Language: go
2026-04-01T15:12:28.000Z src/scheduler/handler.py:316: SyntaxError: unexpected token '@'
2026-04-01T15:12:28.000Z pylint: E0001 syntax-error
2026-04-01T15:12:28.000Z ##[error]Build stopped due to syntax error",2026-04-01t15:12:28.000z group run ci for microsoft/vscode 2026-04-01t15:12:28.000z runner image: macos-latest 2026-04-01t15:12:28.000z language: go 2026-04-01t15:12:28.000z src/scheduler/handler.py:316: syntaxerror: unexpected token 2026-04-01t15:12:28.000z pylint:,Syntax Error,build,high,Invalid code syntax detected by compiler or linter
"2026-04-01T13:12:01.000Z ##[group]Run CI for facebook/react
2026-04-01T13:12:01.000Z Runner image: windows-latest
2026-04-01T13:12:01.000Z Language: java
2026-04-01T13:12:01.000Z src/router/handler.py:127: SyntaxError: unexpected token '@'
2026-04-01T13:12:01.000Z pylint: E0001 syntax-error
2026-04-01T13:12:01.000Z ##[error]Build stopped due to syntax error",2026-04-01t13:12:01.000z group run ci for facebook/react 2026-04-01t13:12:01.000z runner image: windows-latest 2026-04-01t13:12:01.000z language: java 2026-04-01t13:12:01.000z src/router/handler.py:127: syntaxerror: unexpected token 2026-04-01t13:12:01.000z pylint:,Syntax Error,build,high,Invalid code syntax detected by compiler or linter
"2026-04-01T13:15:36.000Z ##[group]Run CI for angular/angular
2026-04-01T13:15:36.000Z Runner image: macos-latest
2026-04-01T13:15:36.000Z Language: python
2026-04-01T13:15:36.000Z src/worker/handler.py:400: SyntaxError: unexpected token '@'
2026-04-01T13:15:36.000Z pylint: E0001 syntax-error
2026-04-01T13:15:36.000Z ##[error]Build stopped due to syntax error",2026-04-01t13:15:36.000z group run ci for angular/angular 2026-04-01t13:15:36.000z runner image: macos-latest 2026-04-01t13:15:36.000z language: python 2026-04-01t13:15:36.000z src/worker/handler.py:400: syntaxerror: unexpected token 2026-04-01t13:15:36.000z pylint:,Syntax Error,build,high,Invalid code syntax detected by compiler or linter
"2026-04-01T15:24:58.000Z ##[group]Run CI for nodejs/node
2026-04-01T15:24:58.000Z Runner image: windows-latest
2026-04-01T15:24:58.000Z Language: rust
2026-04-01T15:24:58.000Z src/cache/handler.py:102: SyntaxError: unexpected token '{'
2026-04-01T15:24:58.000Z pylint: E0001 syntax-error
2026-04-01T15:24:58.000Z ##[error]Build stopped due to syntax error",2026-04-01t15:24:58.000z group run ci for nodejs/node 2026-04-01t15:24:58.000z runner image: windows-latest 2026-04-01t15:24:58.000z language: rust 2026-04-01t15:24:58.000z src/cache/handler.py:102: syntaxerror: unexpected token 2026-04-01t15:24:58.000z pylint:,Syntax Error,build,high,Invalid code syntax detected by compiler or linter
"2026-04-01T15:28:22.000Z ##[group]Run CI for angular/angular
2026-04-01T15:28:22.000Z Runner image: windows-latest
2026-04-01T15:28:22.000Z Language: go
2026-04-01T15:28:22.000Z src/auth/handler.py:180: SyntaxError: unexpected token '['
2026-04-01T15:28:22.000Z pylint: E0001 syntax-error
2026-04-01T15:28:22.000Z ##[error]Build stopped due to syntax error",2026-04-01t15:28:22.000z group run ci for angular/angular 2026-04-01t15:28:22.000z runner image: windows-latest 2026-04-01t15:28:22.000z language: go 2026-04-01t15:28:22.000z src/auth/handler.py:180: syntaxerror: unexpected token 2026-04-01t15:28:22.000z pylint:,Syntax Error,build,high,Invalid code syntax detected by compiler or linter
"2026-04-01T11:16:21.000Z ##[group]Run CI for pytorch/pytorch
2026-04-01T11:16:21.000Z Runner image: macos-latest
2026-04-01T11:16:21.000Z Language: python
2026-04-01T11:16:21.000Z src/worker/handler.py:365: SyntaxError: unexpected token '['
2026-04-01T11:16:21.000Z pylint: E0001 syntax-error
2026-04-01T11:16:21.000Z ##[error]Build stopped due to syntax error",2026-04-01t11:16:21.000z group run ci for pytorch/pytorch 2026-04-01t11:16:21.000z runner image: macos-latest 2026-04-01t11:16:21.000z language: python 2026-04-01t11:16:21.000z src/worker/handler.py:365: syntaxerror: unexpected token 2026-04-01t11:16:21.000z pylint:,Syntax Error,build,high,Invalid code syntax detected by compiler or linter
"2026-04-01T09:09:29.000Z ##[group]Run CI for apache/spark
2026-04-01T09:09:29.000Z Runner image: windows-latest
2026-04-01T09:09:29.000Z Language: go
2026-04-01T09:09:29.000Z src/worker/handler.py:171: SyntaxError: unexpected token '@'
2026-04-01T09:09:29.000Z pylint: E0001 syntax-error
2026-04-01T09:09:29.000Z ##[error]Build stopped due to syntax error",2026-04-01t09:09:29.000z group run ci for apache/spark 2026-04-01t09:09:29.000z runner image: windows-latest 2026-04-01t09:09:29.000z language: go 2026-04-01t09:09:29.000z src/worker/handler.py:171: syntaxerror: unexpected token 2026-04-01t09:09:29.000z pylint:,Syntax Error,build,high,Invalid code syntax detected by compiler or linter
"2026-04-01T15:40:55.000Z ##[group]Run CI for microsoft/vscode
2026-04-01T15:40:55.000Z Runner image: windows-latest
2026-04-01T15:40:55.000Z Language: python
2026-04-01T15:40:55.000Z src/worker/handler.py:10: SyntaxError: unexpected token ')'
2026-04-01T15:40:55.000Z pylint: E0001 syntax-error
2026-04-01T15:40:55.000Z ##[error]Build stopped due to syntax error",2026-04-01t15:40:55.000z group run ci for microsoft/vscode 2026-04-01t15:40:55.000z runner image: windows-latest 2026-04-01t15:40:55.000z language: python 2026-04-01t15:40:55.000z src/worker/handler.py:10: syntaxerror: unexpected token 2026-04-01t15:40:55.000z pylint:,Syntax Error,build,high,Invalid code syntax detected by compiler or linter
"2026-04-01T11:22:33.000Z ##[group]Run CI for spring-projects/spring-boot
2026-04-01T11:22:33.000Z Runner image: windows-latest
2026-04-01T11:22:33.000Z Language: go
2026-04-01T11:22:33.000Z src/auth/handler.py:328: SyntaxError: unexpected token '{'
2026-04-01T11:22:33.000Z pylint: E0001 syntax-error
2026-04-01T11:22:33.000Z ##[error]Build stopped due to syntax error",2026-04-01t11:22:33.000z group run ci for spring-projects/spring-boot 2026-04-01t11:22:33.000z runner image: windows-latest 2026-04-01t11:22:33.000z language: go 2026-04-01t11:22:33.000z src/auth/handler.py:328: syntaxerror: unexpected token 2026-04-01t11:22:33.000z pylint:,Syntax Error,build,high,Invalid code syntax detected by compiler or linter
"2026-04-01T09:12:13.000Z ##[group]Run CI for apache/spark
2026-04-01T09:12:13.000Z Runner image: macos-latest
2026-04-01T09:12:13.000Z Language: go
2026-04-01T09:12:13.000Z src/worker/handler.py:291: SyntaxError: unexpected token '{'
2026-04-01T09:12:13.000Z pylint: E0001 syntax-error
2026-04-01T09:12:13.000Z ##[error]Build stopped due to syntax error",2026-04-01t09:12:13.000z group run ci for apache/spark 2026-04-01t09:12:13.000z runner image: macos-latest 2026-04-01t09:12:13.000z language: go 2026-04-01t09:12:13.000z src/worker/handler.py:291: syntaxerror: unexpected token 2026-04-01t09:12:13.000z pylint:,Syntax Error,build,high,Invalid code syntax detected by compiler or linter
"2026-04-01T15:52:07.000Z ##[group]Run CI for nodejs/node
2026-04-01T15:52:07.000Z Runner image: windows-latest
2026-04-01T15:52:07.000Z Language: go
2026-04-01T15:52:07.000Z src/cache/handler.py:332: SyntaxError: unexpected token '@'
2026-04-01T15:52:07.000Z pylint: E0001 syntax-error
2026-04-01T15:52:07.000Z ##[error]Build stopped due to syntax error",2026-04-01t15:52:07.000z group run ci for nodejs/node 2026-04-01t15:52:07.000z runner image: windows-latest 2026-04-01t15:52:07.000z language: go 2026-04-01t15:52:07.000z src/cache/handler.py:332: syntaxerror: unexpected token 2026-04-01t15:52:07.000z pylint:,Syntax Error,build,high,Invalid code syntax detected by compiler or linter
"2026-04-01T09:14:35.000Z ##[group]Run CI for angular/angular
2026-04-01T09:14:35.000Z Runner image: ubuntu-latest
2026-04-01T09:14:35.000Z Language: node
2026-04-01T09:14:35.000Z src/scheduler/handler.py:57: SyntaxError: unexpected token '['
2026-04-01T09:14:35.000Z pylint: E0001 syntax-error
2026-04-01T09:14:35.000Z ##[error]Build stopped due to syntax error",2026-04-01t09:14:35.000z group run ci for angular/angular 2026-04-01t09:14:35.000z runner image: ubuntu-latest 2026-04-01t09:14:35.000z language: node 2026-04-01t09:14:35.000z src/scheduler/handler.py:57: syntaxerror: unexpected token 2026-04-01t09:14:35.000z pylint:,Syntax Error,build,high,Invalid code syntax detected by compiler or linter
"2026-04-01T11:30:31.000Z ##[group]Run CI for vercel/next.js
2026-04-01T11:30:31.000Z Runner image: ubuntu-latest
2026-04-01T11:30:31.000Z Language: go
2026-04-01T11:30:31.000Z src/auth/handler.py:159: SyntaxError: unexpected token '='
2026-04-01T11:30:31.000Z pylint: E0001 syntax-error
2026-04-01T11:30:31.000Z ##[error]Build stopped due to syntax error",2026-04-01t11:30:31.000z group run ci for vercel/next.js 2026-04-01t11:30:31.000z runner image: ubuntu-latest 2026-04-01t11:30:31.000z language: go 2026-04-01t11:30:31.000z src/auth/handler.py:159: syntaxerror: unexpected token 2026-04-01t11:30:31.000z pylint:,Syntax Error,build,high,Invalid code syntax detected by compiler or linter
"2026-04-01T16:04:30.000Z ##[group]Run CI for spring-projects/spring-boot
2026-04-01T16:04:30.000Z Runner image: macos-latest
2026-04-01T16:04:30.000Z Language: java
2026-04-01T16:04:30.000Z src/compiler/handler.py:243: SyntaxError: unexpected token '=>'
2026-04-01T16:04:30.000Z pylint: E0001 syntax-error
2026-04-01T16:04:30.000Z ##[error]Build stopped due to syntax error",2026-04-01t16:04:30.000z group run ci for spring-projects/spring-boot 2026-04-01t16:04:30.000z runner image: macos-latest 2026-04-01t16:04:30.000z language: java 2026-04-01t16:04:30.000z src/compiler/handler.py:243: syntaxerror: unexpected token 2026-04-01t16:04:30.000z pylint:,Syntax Error,build,high,Invalid code syntax detected by compiler or linter
"2026-04-01T11:34:55.000Z ##[group]Run CI for spring-projects/spring-boot
2026-04-01T11:34:55.000Z Runner image: ubuntu-latest
2026-04-01T11:34:55.000Z Language: go
2026-04-01T11:34:55.000Z src/billing/handler.py:151: SyntaxError: unexpected token '@'
2026-04-01T11:34:55.000Z pylint: E0001 syntax-error
2026-04-01T11:34:55.000Z ##[error]Build stopped due to syntax error",2026-04-01t11:34:55.000z group run ci for spring-projects/spring-boot 2026-04-01t11:34:55.000z runner image: ubuntu-latest 2026-04-01t11:34:55.000z language: go 2026-04-01t11:34:55.000z src/billing/handler.py:151: syntaxerror: unexpected token 2026-04-01t11:34:55.000z pylint:,Syntax Error,build,high,Invalid code syntax detected by compiler or linter
"2026-04-01T09:18:18.000Z ##[group]Run CI for django/django
2026-04-01T09:18:18.000Z Runner image: windows-latest
2026-04-01T09:18:18.000Z Language: rust
2026-04-01T09:18:18.000Z src/scheduler/handler.py:162: SyntaxError: unexpected token '='
2026-04-01T09:18:18.000Z pylint: E0001 syntax-error
2026-04-01T09:18:18.000Z ##[error]Build stopped due to syntax error",2026-04-01t09:18:18.000z group run ci for django/django 2026-04-01t09:18:18.000z runner image: windows-latest 2026-04-01t09:18:18.000z language: rust 2026-04-01t09:18:18.000z src/scheduler/handler.py:162: syntaxerror: unexpected token 2026-04-01t09:18:18.000z pylint:,Syntax Error,build,high,Invalid code syntax detected by compiler or linter
"2026-04-01T11:38:28.000Z ##[group]Run CI for angular/angular
2026-04-01T11:38:28.000Z Runner image: macos-latest
2026-04-01T11:38:28.000Z Language: go
2026-04-01T11:38:28.000Z src/worker/handler.py:257: SyntaxError: unexpected token ')'
2026-04-01T11:38:28.000Z pylint: E0001 syntax-error
2026-04-01T11:38:28.000Z ##[error]Build stopped due to syntax error",2026-04-01t11:38:28.000z group run ci for angular/angular 2026-04-01t11:38:28.000z runner image: macos-latest 2026-04-01t11:38:28.000z language: go 2026-04-01t11:38:28.000z src/worker/handler.py:257: syntaxerror: unexpected token 2026-04-01t11:38:28.000z pylint:,Syntax Error,build,high,Invalid code syntax detected by compiler or linter
"2026-04-01T16:20:29.000Z ##[group]Run CI for pytorch/pytorch
2026-04-01T16:20:29.000Z Runner image: windows-latest
2026-04-01T16:20:29.000Z Language: rust
2026-04-01T16:20:29.000Z src/worker/handler.py:106: SyntaxError: unexpected token '{'
2026-04-01T16:20:29.000Z pylint: E0001 syntax-error
2026-04-01T16:20:29.000Z ##[error]Build stopped due to syntax error",2026-04-01t16:20:29.000z group run ci for pytorch/pytorch 2026-04-01t16:20:29.000z runner image: windows-latest 2026-04-01t16:20:29.000z language: rust 2026-04-01t16:20:29.000z src/worker/handler.py:106: syntaxerror: unexpected token 2026-04-01t16:20:29.000z pylint:,Syntax Error,build,high,Invalid code syntax detected by compiler or linter
"2026-04-01T16:24:02.000Z ##[group]Run CI for vercel/next.js
2026-04-01T16:24:02.000Z Runner image: macos-latest
2026-04-01T16:24:02.000Z Language: go
2026-04-01T16:24:02.000Z src/billing/handler.py:391: SyntaxError: unexpected token '{'
2026-04-01T16:24:02.000Z pylint: E0001 syntax-error
2026-04-01T16:24:02.000Z ##[error]Build stopped due to syntax error",2026-04-01t16:24:02.000z group run ci for vercel/next.js 2026-04-01t16:24:02.000z runner image: macos-latest 2026-04-01t16:24:02.000z language: go 2026-04-01t16:24:02.000z src/billing/handler.py:391: syntaxerror: unexpected token 2026-04-01t16:24:02.000z pylint:,Syntax Error,build,high,Invalid code syntax detected by compiler or linter
"2026-04-01T11:44:31.000Z ##[group]Run CI for apache/spark
2026-04-01T11:44:31.000Z Runner image: macos-latest
2026-04-01T11:44:31.000Z Language: go
2026-04-01T11:44:31.000Z src/compiler/handler.py:74: SyntaxError: unexpected token '@'
2026-04-01T11:44:31.000Z pylint: E0001 syntax-error
2026-04-01T11:44:31.000Z ##[error]Build stopped due to syntax error",2026-04-01t11:44:31.000z group run ci for apache/spark 2026-04-01t11:44:31.000z runner image: macos-latest 2026-04-01t11:44:31.000z language: go 2026-04-01t11:44:31.000z src/compiler/handler.py:74: syntaxerror: unexpected token 2026-04-01t11:44:31.000z pylint:,Syntax Error,build,high,Invalid code syntax detected by compiler or linter
"2026-04-01T09:23:55.000Z ##[group]Run CI for spring-projects/spring-boot
2026-04-01T09:23:55.000Z Runner image: macos-latest
2026-04-01T09:23:55.000Z Language: java
2026-04-01T09:23:55.000Z src/worker/handler.py:61: SyntaxError: unexpected token '['
2026-04-01T09:23:55.000Z pylint: E0001 syntax-error
2026-04-01T09:23:55.000Z ##[error]Build stopped due to syntax error",2026-04-01t09:23:55.000z group run ci for spring-projects/spring-boot 2026-04-01t09:23:55.000z runner image: macos-latest 2026-04-01t09:23:55.000z language: java 2026-04-01t09:23:55.000z src/worker/handler.py:61: syntaxerror: unexpected token 2026-04-01t09:23:55.000z pylint:,Syntax Error,build,high,Invalid code syntax detected by compiler or linter
"2026-04-01T11:48:26.000Z ##[group]Run CI for spring-projects/spring-boot
2026-04-01T11:48:26.000Z Runner image: windows-latest
2026-04-01T11:48:26.000Z Language: python
2026-04-01T11:48:26.000Z src/cache/handler.py:89: SyntaxError: unexpected token '='
2026-04-01T11:48:26.000Z pylint: E0001 syntax-error
2026-04-01T11:48:26.000Z ##[error]Build stopped due to syntax error",2026-04-01t11:48:26.000z group run ci for spring-projects/spring-boot 2026-04-01t11:48:26.000z runner image: windows-latest 2026-04-01t11:48:26.000z language: python 2026-04-01t11:48:26.000z src/cache/handler.py:89: syntaxerror: unexpected token 2026-04-01t11:48:26.000z pylint:,Syntax Error,build,high,Invalid code syntax detected by compiler or linter
"2026-04-01T16:40:41.000Z ##[group]Run CI for tensorflow/tensorflow
2026-04-01T16:40:41.000Z Runner image: windows-latest
2026-04-01T16:40:41.000Z Language: java
2026-04-01T16:40:41.000Z src/scheduler/handler.py:178: SyntaxError: unexpected token '@'
2026-04-01T16:40:41.000Z pylint: E0001 syntax-error
2026-04-01T16:40:41.000Z ##[error]Build stopped due to syntax error",2026-04-01t16:40:41.000z group run ci for tensorflow/tensorflow 2026-04-01t16:40:41.000z runner image: windows-latest 2026-04-01t16:40:41.000z language: java 2026-04-01t16:40:41.000z src/scheduler/handler.py:178: syntaxerror: unexpected token 2026-04-01t16:40:41.000z pylint:,Syntax Error,build,high,Invalid code syntax detected by compiler or linter
"2026-04-01T16:44:55.000Z ##[group]Run CI for spring-projects/spring-boot
2026-04-01T16:44:55.000Z Runner image: windows-latest
2026-04-01T16:44:55.000Z Language: java
2026-04-01T16:44:55.000Z src/cache/handler.py:28: SyntaxError: unexpected token ')'
2026-04-01T16:44:55.000Z pylint: E0001 syntax-error
2026-04-01T16:44:55.000Z ##[error]Build stopped due to syntax error",2026-04-01t16:44:55.000z group run ci for spring-projects/spring-boot 2026-04-01t16:44:55.000z runner image: windows-latest 2026-04-01t16:44:55.000z language: java 2026-04-01t16:44:55.000z src/cache/handler.py:28: syntaxerror: unexpected token 2026-04-01t16:44:55.000z pylint:,Syntax Error,build,high,Invalid code syntax detected by compiler or linter
"2026-04-01T14:21:14.000Z ##[group]Run CI for angular/angular
2026-04-01T14:21:14.000Z Runner image: ubuntu-latest
2026-04-01T14:21:14.000Z Language: node
2026-04-01T14:21:14.000Z src/cache/handler.py:56: SyntaxError: unexpected token '='
2026-04-01T14:21:14.000Z pylint: E0001 syntax-error
2026-04-01T14:21:14.000Z ##[error]Build stopped due to syntax error",2026-04-01t14:21:14.000z group run ci for angular/angular 2026-04-01t14:21:14.000z runner image: ubuntu-latest 2026-04-01t14:21:14.000z language: node 2026-04-01t14:21:14.000z src/cache/handler.py:56: syntaxerror: unexpected token 2026-04-01t14:21:14.000z pylint:,Syntax Error,build,high,Invalid code syntax detected by compiler or linter
"2026-04-01T11:56:44.000Z ##[group]Run CI for django/django
2026-04-01T11:56:44.000Z Runner image: ubuntu-latest
2026-04-01T11:56:44.000Z Language: python
2026-04-01T11:56:44.000Z src/compiler/handler.py:24: SyntaxError: unexpected token '{'
2026-04-01T11:56:44.000Z pylint: E0001 syntax-error
2026-04-01T11:56:44.000Z ##[error]Build stopped due to syntax error",2026-04-01t11:56:44.000z group run ci for django/django 2026-04-01t11:56:44.000z runner image: ubuntu-latest 2026-04-01t11:56:44.000z language: python 2026-04-01t11:56:44.000z src/compiler/handler.py:24: syntaxerror: unexpected token 2026-04-01t11:56:44.000z pylint:,Syntax Error,build,high,Invalid code syntax detected by compiler or linter
"2026-04-01T14:27:23.000Z ##[group]Run CI for facebook/react
2026-04-01T14:27:23.000Z Runner image: windows-latest
2026-04-01T14:27:23.000Z Language: python
2026-04-01T14:27:23.000Z src/scheduler/handler.py:84: SyntaxError: unexpected token '['
2026-04-01T14:27:23.000Z pylint: E0001 syntax-error
2026-04-01T14:27:23.000Z ##[error]Build stopped due to syntax error",2026-04-01t14:27:23.000z group run ci for facebook/react 2026-04-01t14:27:23.000z runner image: windows-latest 2026-04-01t14:27:23.000z language: python 2026-04-01t14:27:23.000z src/scheduler/handler.py:84: syntaxerror: unexpected token 2026-04-01t14:27:23.000z pylint:,Syntax Error,build,high,Invalid code syntax detected by compiler or linter
"2026-04-01T12:00:10.000Z ##[group]Run CI for vercel/next.js
2026-04-01T12:00:10.000Z Runner image: macos-latest
2026-04-01T12:00:10.000Z Language: go
2026-04-01T12:00:10.000Z src/router/handler.py:50: SyntaxError: unexpected token '=>'
2026-04-01T12:00:10.000Z pylint: E0001 syntax-error
2026-04-01T12:00:10.000Z ##[error]Build stopped due to syntax error",2026-04-01t12:00:10.000z group run ci for vercel/next.js 2026-04-01t12:00:10.000z runner image: macos-latest 2026-04-01t12:00:10.000z language: go 2026-04-01t12:00:10.000z src/router/handler.py:50: syntaxerror: unexpected token 2026-04-01t12:00:10.000z pylint:,Syntax Error,build,high,Invalid code syntax detected by compiler or linter
"2026-04-01T12:02:31.000Z ##[group]Run CI for angular/angular
2026-04-01T12:02:31.000Z Runner image: windows-latest
2026-04-01T12:02:31.000Z Language: rust
2026-04-01T12:02:31.000Z src/cache/handler.py:83: SyntaxError: unexpected token ')'
2026-04-01T12:02:31.000Z pylint: E0001 syntax-error
2026-04-01T12:02:31.000Z ##[error]Build stopped due to syntax error",2026-04-01t12:02:31.000z group run ci for angular/angular 2026-04-01t12:02:31.000z runner image: windows-latest 2026-04-01t12:02:31.000z language: rust 2026-04-01t12:02:31.000z src/cache/handler.py:83: syntaxerror: unexpected token 2026-04-01t12:02:31.000z pylint:,Syntax Error,build,high,Invalid code syntax detected by compiler or linter
"2026-04-01T14:36:42.000Z ##[group]Run CI for vercel/next.js
2026-04-01T14:36:42.000Z Runner image: windows-latest
2026-04-01T14:36:42.000Z Language: java
2026-04-01T14:36:42.000Z src/compiler/handler.py:248: SyntaxError: unexpected token '@'
2026-04-01T14:36:42.000Z pylint: E0001 syntax-error
2026-04-01T14:36:42.000Z ##[error]Build stopped due to syntax error",2026-04-01t14:36:42.000z group run ci for vercel/next.js 2026-04-01t14:36:42.000z runner image: windows-latest 2026-04-01t14:36:42.000z language: java 2026-04-01t14:36:42.000z src/compiler/handler.py:248: syntaxerror: unexpected token 2026-04-01t14:36:42.000z pylint:,Syntax Error,build,high,Invalid code syntax detected by compiler or linter
"2026-04-01T09:33:28.000Z ##[group]Run CI for microsoft/vscode
2026-04-01T09:33:28.000Z Runner image: macos-latest
2026-04-01T09:33:28.000Z Language: rust
2026-04-01T09:33:28.000Z src/billing/handler.py:310: SyntaxError: unexpected token '{'
2026-04-01T09:33:28.000Z pylint: E0001 syntax-error
2026-04-01T09:33:28.000Z ##[error]Build stopped due to syntax error",2026-04-01t09:33:28.000z group run ci for microsoft/vscode 2026-04-01t09:33:28.000z runner image: macos-latest 2026-04-01t09:33:28.000z language: rust 2026-04-01t09:33:28.000z src/billing/handler.py:310: syntaxerror: unexpected token 2026-04-01t09:33:28.000z pylint:,Syntax Error,build,high,Invalid code syntax detected by compiler or linter
"2026-04-01T14:42:29.000Z ##[group]Run CI for microsoft/vscode
2026-04-01T14:42:29.000Z Runner image: macos-latest
2026-04-01T14:42:29.000Z Language: go
2026-04-01T14:42:29.000Z src/cache/handler.py:111: SyntaxError: unexpected token '{'
2026-04-01T14:42:29.000Z pylint: E0001 syntax-error
2026-04-01T14:42:29.000Z ##[error]Build stopped due to syntax error",2026-04-01t14:42:29.000z group run ci for microsoft/vscode 2026-04-01t14:42:29.000z runner image: macos-latest 2026-04-01t14:42:29.000z language: go 2026-04-01t14:42:29.000z src/cache/handler.py:111: syntaxerror: unexpected token 2026-04-01t14:42:29.000z pylint:,Syntax Error,build,high,Invalid code syntax detected by compiler or linter
"2026-04-01T17:20:36.000Z ##[group]Run CI for django/django
2026-04-01T17:20:36.000Z Runner image: windows-latest
2026-04-01T17:20:36.000Z Language: python
2026-04-01T17:20:36.000Z src/billing/handler.py:304: SyntaxError: unexpected token '{'
2026-04-01T17:20:36.000Z pylint: E0001 syntax-error
2026-04-01T17:20:36.000Z ##[error]Build stopped due to syntax error",2026-04-01t17:20:36.000z group run ci for django/django 2026-04-01t17:20:36.000z runner image: windows-latest 2026-04-01t17:20:36.000z language: python 2026-04-01t17:20:36.000z src/billing/handler.py:304: syntaxerror: unexpected token 2026-04-01t17:20:36.000z pylint:,Syntax Error,build,high,Invalid code syntax detected by compiler or linter
"2026-04-01T17:24:17.000Z ##[group]Run CI for microsoft/vscode
2026-04-01T17:24:17.000Z Runner image: macos-latest
2026-04-01T17:24:17.000Z Language: java
2026-04-01T17:24:17.000Z src/auth/handler.py:299: SyntaxError: unexpected token '@'
2026-04-01T17:24:17.000Z pylint: E0001 syntax-error
2026-04-01T17:24:17.000Z ##[error]Build stopped due to syntax error",2026-04-01t17:24:17.000z group run ci for microsoft/vscode 2026-04-01t17:24:17.000z runner image: macos-latest 2026-04-01t17:24:17.000z language: java 2026-04-01t17:24:17.000z src/auth/handler.py:299: syntaxerror: unexpected token 2026-04-01t17:24:17.000z pylint:,Syntax Error,build,high,Invalid code syntax detected by compiler or linter
"2026-04-01T14:51:49.000Z ##[group]Run CI for facebook/react
2026-04-01T14:51:49.000Z Runner image: macos-latest
2026-04-01T14:51:49.000Z Language: go
2026-04-01T14:51:49.000Z src/worker/handler.py:320: SyntaxError: unexpected token '=>'
2026-04-01T14:51:49.000Z pylint: E0001 syntax-error
2026-04-01T14:51:49.000Z ##[error]Build stopped due to syntax error",2026-04-01t14:51:49.000z group run ci for facebook/react 2026-04-01t14:51:49.000z runner image: macos-latest 2026-04-01t14:51:49.000z language: go 2026-04-01t14:51:49.000z src/worker/handler.py:320: syntaxerror: unexpected token 2026-04-01t14:51:49.000z pylint:,Syntax Error,build,high,Invalid code syntax detected by compiler or linter
"2026-04-01T14:54:43.000Z ##[group]Run CI for pytorch/pytorch
2026-04-01T14:54:43.000Z Runner image: ubuntu-latest
2026-04-01T14:54:43.000Z Language: node
2026-04-01T14:54:43.000Z src/router/handler.py:347: SyntaxError: unexpected token '='
2026-04-01T14:54:43.000Z pylint: E0001 syntax-error
2026-04-01T14:54:43.000Z ##[error]Build stopped due to syntax error",2026-04-01t14:54:43.000z group run ci for pytorch/pytorch 2026-04-01t14:54:43.000z runner image: ubuntu-latest 2026-04-01t14:54:43.000z language: node 2026-04-01t14:54:43.000z src/router/handler.py:347: syntaxerror: unexpected token 2026-04-01t14:54:43.000z pylint:,Syntax Error,build,high,Invalid code syntax detected by compiler or linter
"2026-04-01T09:39:19.000Z ##[group]Run CI for nodejs/node
2026-04-01T09:39:19.000Z Runner image: macos-latest
2026-04-01T09:39:19.000Z Language: python
2026-04-01T09:39:19.000Z src/cache/handler.py:27: SyntaxError: unexpected token '['
2026-04-01T09:39:19.000Z pylint: E0001 syntax-error
2026-04-01T09:39:19.000Z ##[error]Build stopped due to syntax error",2026-04-01t09:39:19.000z group run ci for nodejs/node 2026-04-01t09:39:19.000z runner image: macos-latest 2026-04-01t09:39:19.000z language: python 2026-04-01t09:39:19.000z src/cache/handler.py:27: syntaxerror: unexpected token 2026-04-01t09:39:19.000z pylint:,Syntax Error,build,high,Invalid code syntax detected by compiler or linter
"2026-04-01T15:00:20.000Z ##[group]Run CI for angular/angular
2026-04-01T15:00:20.000Z Runner image: windows-latest
2026-04-01T15:00:20.000Z Language: node
2026-04-01T15:00:20.000Z src/auth/handler.py:222: SyntaxError: unexpected token '='
2026-04-01T15:00:20.000Z pylint: E0001 syntax-error
2026-04-01T15:00:20.000Z ##[error]Build stopped due to syntax error",2026-04-01t15:00:20.000z group run ci for angular/angular 2026-04-01t15:00:20.000z runner image: windows-latest 2026-04-01t15:00:20.000z language: node 2026-04-01t15:00:20.000z src/auth/handler.py:222: syntaxerror: unexpected token 2026-04-01t15:00:20.000z pylint:,Syntax Error,build,high,Invalid code syntax detected by compiler or linter
"2026-04-01T15:03:33.000Z ##[group]Run CI for nodejs/node
2026-04-01T15:03:33.000Z Runner image: ubuntu-latest
2026-04-01T15:03:33.000Z Language: node
2026-04-01T15:03:33.000Z src/worker/handler.py:149: SyntaxError: unexpected token ')'
2026-04-01T15:03:33.000Z pylint: E0001 syntax-error
2026-04-01T15:03:33.000Z ##[error]Build stopped due to syntax error",2026-04-01t15:03:33.000z group run ci for nodejs/node 2026-04-01t15:03:33.000z runner image: ubuntu-latest 2026-04-01t15:03:33.000z language: node 2026-04-01t15:03:33.000z src/worker/handler.py:149: syntaxerror: unexpected token 2026-04-01t15:03:33.000z pylint:,Syntax Error,build,high,Invalid code syntax detected by compiler or linter
"2026-04-01T15:06:47.000Z ##[group]Run CI for nodejs/node
2026-04-01T15:06:47.000Z Runner image: windows-latest
2026-04-01T15:06:47.000Z Language: go
2026-04-01T15:06:47.000Z src/worker/handler.py:68: SyntaxError: unexpected token '{'
2026-04-01T15:06:47.000Z pylint: E0001 syntax-error
2026-04-01T15:06:47.000Z ##[error]Build stopped due to syntax error",2026-04-01t15:06:47.000z group run ci for nodejs/node 2026-04-01t15:06:47.000z runner image: windows-latest 2026-04-01t15:06:47.000z language: go 2026-04-01t15:06:47.000z src/worker/handler.py:68: syntaxerror: unexpected token 2026-04-01t15:06:47.000z pylint:,Syntax Error,build,high,Invalid code syntax detected by compiler or linter
"2026-04-01T12:26:55.000Z ##[group]Run CI for apache/spark
2026-04-01T12:26:55.000Z Runner image: ubuntu-latest
2026-04-01T12:26:55.000Z Language: node
2026-04-01T12:26:55.000Z src/worker/handler.py:380: SyntaxError: unexpected token '='
2026-04-01T12:26:55.000Z pylint: E0001 syntax-error
2026-04-01T12:26:55.000Z ##[error]Build stopped due to syntax error",2026-04-01t12:26:55.000z group run ci for apache/spark 2026-04-01t12:26:55.000z runner image: ubuntu-latest 2026-04-01t12:26:55.000z language: node 2026-04-01t12:26:55.000z src/worker/handler.py:380: syntaxerror: unexpected token 2026-04-01t12:26:55.000z pylint:,Syntax Error,build,high,Invalid code syntax detected by compiler or linter
"2026-04-01T17:56:00.000Z ##[group]Run CI for django/django
2026-04-01T17:56:00.000Z Runner image: macos-latest
2026-04-01T17:56:00.000Z Language: java
2026-04-01T17:56:00.000Z src/auth/handler.py:284: SyntaxError: unexpected token '{'
2026-04-01T17:56:00.000Z pylint: E0001 syntax-error
2026-04-01T17:56:00.000Z ##[error]Build stopped due to syntax error",2026-04-01t17:56:00.000z group run ci for django/django 2026-04-01t17:56:00.000z runner image: macos-latest 2026-04-01t17:56:00.000z language: java 2026-04-01t17:56:00.000z src/auth/handler.py:284: syntaxerror: unexpected token 2026-04-01t17:56:00.000z pylint:,Syntax Error,build,high,Invalid code syntax detected by compiler or linter
"2026-04-01T15:15:37.000Z ##[group]Run CI for tensorflow/tensorflow
2026-04-01T15:15:37.000Z Runner image: windows-latest
2026-04-01T15:15:37.000Z Language: java
2026-04-01T15:15:37.000Z src/cache/handler.py:336: SyntaxError: unexpected token '['
2026-04-01T15:15:37.000Z pylint: E0001 syntax-error
2026-04-01T15:15:37.000Z ##[error]Build stopped due to syntax error",2026-04-01t15:15:37.000z group run ci for tensorflow/tensorflow 2026-04-01t15:15:37.000z runner image: windows-latest 2026-04-01t15:15:37.000z language: java 2026-04-01t15:15:37.000z src/cache/handler.py:336: syntaxerror: unexpected token 2026-04-01t15:15:37.000z pylint:,Syntax Error,build,high,Invalid code syntax detected by compiler or linter
"2026-04-01T09:46:39.000Z ##[group]Run CI for pytorch/pytorch
2026-04-01T09:46:39.000Z Runner image: ubuntu-latest
2026-04-01T09:46:39.000Z Language: node
2026-04-01T09:46:39.000Z src/compiler/handler.py:177: SyntaxError: unexpected token ')'
2026-04-01T09:46:39.000Z pylint: E0001 syntax-error
2026-04-01T09:46:39.000Z ##[error]Build stopped due to syntax error",2026-04-01t09:46:39.000z group run ci for pytorch/pytorch 2026-04-01t09:46:39.000z runner image: ubuntu-latest 2026-04-01t09:46:39.000z language: node 2026-04-01t09:46:39.000z src/compiler/handler.py:177: syntaxerror: unexpected token 2026-04-01t09:46:39.000z pylint:,Syntax Error,build,high,Invalid code syntax detected by compiler or linter
"2026-04-01T18:08:58.000Z ##[group]Run CI for angular/angular
2026-04-01T18:08:58.000Z Runner image: ubuntu-latest
2026-04-01T18:08:58.000Z Language: python
2026-04-01T18:08:58.000Z src/cache/handler.py:164: SyntaxError: unexpected token '='
2026-04-01T18:08:58.000Z pylint: E0001 syntax-error
2026-04-01T18:08:58.000Z ##[error]Build stopped due to syntax error",2026-04-01t18:08:58.000z group run ci for angular/angular 2026-04-01t18:08:58.000z runner image: ubuntu-latest 2026-04-01t18:08:58.000z language: python 2026-04-01t18:08:58.000z src/cache/handler.py:164: syntaxerror: unexpected token 2026-04-01t18:08:58.000z pylint:,Syntax Error,build,high,Invalid code syntax detected by compiler or linter
"2026-04-01T09:48:19.000Z ##[group]Run CI for django/django
2026-04-01T09:48:19.000Z Runner image: ubuntu-latest
2026-04-01T09:48:19.000Z Language: node
2026-04-01T09:48:19.000Z src/auth/handler.py:69: SyntaxError: unexpected token '['
2026-04-01T09:48:19.000Z pylint: E0001 syntax-error
2026-04-01T09:48:19.000Z ##[error]Build stopped due to syntax error",2026-04-01t09:48:19.000z group run ci for django/django 2026-04-01t09:48:19.000z runner image: ubuntu-latest 2026-04-01t09:48:19.000z language: node 2026-04-01t09:48:19.000z src/auth/handler.py:69: syntaxerror: unexpected token 2026-04-01t09:48:19.000z pylint:,Syntax Error,build,high,Invalid code syntax detected by compiler or linter
"2026-04-01T18:16:29.000Z ##[group]Run CI for tensorflow/tensorflow
2026-04-01T18:16:29.000Z Runner image: ubuntu-latest
2026-04-01T18:16:29.000Z Language: rust
2026-04-01T18:16:29.000Z src/billing/handler.py:353: SyntaxError: unexpected token '{'
2026-04-01T18:16:29.000Z pylint: E0001 syntax-error
2026-04-01T18:16:29.000Z ##[error]Build stopped due to syntax error",2026-04-01t18:16:29.000z group run ci for tensorflow/tensorflow 2026-04-01t18:16:29.000z runner image: ubuntu-latest 2026-04-01t18:16:29.000z language: rust 2026-04-01t18:16:29.000z src/billing/handler.py:353: syntaxerror: unexpected token 2026-04-01t18:16:29.000z pylint:,Syntax Error,build,high,Invalid code syntax detected by compiler or linter
"2026-04-01T12:40:56.000Z ##[group]Run CI for spring-projects/spring-boot
2026-04-01T12:40:56.000Z Runner image: windows-latest
2026-04-01T12:40:56.000Z Language: rust
2026-04-01T12:40:56.000Z src/cache/handler.py:345: SyntaxError: unexpected token '['
2026-04-01T12:40:56.000Z pylint: E0001 syntax-error
2026-04-01T12:40:56.000Z ##[error]Build stopped due to syntax error",2026-04-01t12:40:56.000z group run ci for spring-projects/spring-boot 2026-04-01t12:40:56.000z runner image: windows-latest 2026-04-01t12:40:56.000z language: rust 2026-04-01t12:40:56.000z src/cache/handler.py:345: syntaxerror: unexpected token 2026-04-01t12:40:56.000z pylint:,Syntax Error,build,high,Invalid code syntax detected by compiler or linter
"2026-04-01T15:33:02.000Z ##[group]Run CI for tensorflow/tensorflow
2026-04-01T15:33:02.000Z Runner image: windows-latest
2026-04-01T15:33:02.000Z Language: rust
2026-04-01T15:33:02.000Z src/compiler/handler.py:199: SyntaxError: unexpected token '='
2026-04-01T15:33:02.000Z pylint: E0001 syntax-error
2026-04-01T15:33:02.000Z ##[error]Build stopped due to syntax error",2026-04-01t15:33:02.000z group run ci for tensorflow/tensorflow 2026-04-01t15:33:02.000z runner image: windows-latest 2026-04-01t15:33:02.000z language: rust 2026-04-01t15:33:02.000z src/compiler/handler.py:199: syntaxerror: unexpected token 2026-04-01t15:33:02.000z pylint:,Syntax Error,build,high,Invalid code syntax detected by compiler or linter
"2026-04-01T15:36:06.000Z ##[group]Run CI for vercel/next.js
2026-04-01T15:36:06.000Z Runner image: windows-latest
2026-04-01T15:36:06.000Z Language: go
2026-04-01T15:36:06.000Z src/billing/handler.py:198: SyntaxError: unexpected token '='
2026-04-01T15:36:06.000Z pylint: E0001 syntax-error
2026-04-01T15:36:06.000Z ##[error]Build stopped due to syntax error",2026-04-01t15:36:06.000z group run ci for vercel/next.js 2026-04-01t15:36:06.000z runner image: windows-latest 2026-04-01t15:36:06.000z language: go 2026-04-01t15:36:06.000z src/billing/handler.py:198: syntaxerror: unexpected token 2026-04-01t15:36:06.000z pylint:,Syntax Error,build,high,Invalid code syntax detected by compiler or linter
"2026-04-01T18:32:17.000Z ##[group]Run CI for spring-projects/spring-boot
2026-04-01T18:32:17.000Z Runner image: macos-latest
2026-04-01T18:32:17.000Z Language: java
2026-04-01T18:32:17.000Z src/auth/handler.py:72: SyntaxError: unexpected token '=>'
2026-04-01T18:32:17.000Z pylint: E0001 syntax-error
2026-04-01T18:32:17.000Z ##[error]Build stopped due to syntax error",2026-04-01t18:32:17.000z group run ci for spring-projects/spring-boot 2026-04-01t18:32:17.000z runner image: macos-latest 2026-04-01t18:32:17.000z language: java 2026-04-01t18:32:17.000z src/auth/handler.py:72: syntaxerror: unexpected token 2026-04-01t18:32:17.000z pylint:,Syntax Error,build,high,Invalid code syntax detected by compiler or linter
"2026-04-01T09:54:03.000Z ##[group]Run CI for apache/spark
2026-04-01T09:54:03.000Z Runner image: ubuntu-latest
2026-04-01T09:54:03.000Z Language: node
2026-04-01T09:54:03.000Z src/cache/handler.py:134: SyntaxError: unexpected token '{'
2026-04-01T09:54:03.000Z pylint: E0001 syntax-error
2026-04-01T09:54:03.000Z ##[error]Build stopped due to syntax error",2026-04-01t09:54:03.000z group run ci for apache/spark 2026-04-01t09:54:03.000z runner image: ubuntu-latest 2026-04-01t09:54:03.000z language: node 2026-04-01t09:54:03.000z src/cache/handler.py:134: syntaxerror: unexpected token 2026-04-01t09:54:03.000z pylint:,Syntax Error,build,high,Invalid code syntax detected by compiler or linter
"2026-04-01T12:50:37.000Z ##[group]Run CI for nodejs/node
2026-04-01T12:50:37.000Z Runner image: macos-latest
2026-04-01T12:50:37.000Z Language: node
2026-04-01T12:50:37.000Z src/auth/handler.py:129: SyntaxError: unexpected token '=>'
2026-04-01T12:50:37.000Z pylint: E0001 syntax-error
2026-04-01T12:50:37.000Z ##[error]Build stopped due to syntax error",2026-04-01t12:50:37.000z group run ci for nodejs/node 2026-04-01t12:50:37.000z runner image: macos-latest 2026-04-01t12:50:37.000z language: node 2026-04-01t12:50:37.000z src/auth/handler.py:129: syntaxerror: unexpected token 2026-04-01t12:50:37.000z pylint:,Syntax Error,build,high,Invalid code syntax detected by compiler or linter
"2026-04-01T15:48:54.000Z ##[group]Run CI for pytorch/pytorch
2026-04-01T15:48:54.000Z Runner image: ubuntu-latest
2026-04-01T15:48:54.000Z Language: rust
2026-04-01T15:48:54.000Z src/auth/handler.py:76: SyntaxError: unexpected token '=>'
2026-04-01T15:48:54.000Z pylint: E0001 syntax-error
2026-04-01T15:48:54.000Z ##[error]Build stopped due to syntax error",2026-04-01t15:48:54.000z group run ci for pytorch/pytorch 2026-04-01t15:48:54.000z runner image: ubuntu-latest 2026-04-01t15:48:54.000z language: rust 2026-04-01t15:48:54.000z src/auth/handler.py:76: syntaxerror: unexpected token 2026-04-01t15:48:54.000z pylint:,Syntax Error,build,high,Invalid code syntax detected by compiler or linter
"2026-04-01T09:57:08.000Z ##[group]Run CI for spring-projects/spring-boot
2026-04-01T09:57:08.000Z Runner image: windows-latest
2026-04-01T09:57:08.000Z Language: node
2026-04-01T09:57:08.000Z src/auth/handler.py:193: SyntaxError: unexpected token '@'
2026-04-01T09:57:08.000Z pylint: E0001 syntax-error
2026-04-01T09:57:08.000Z ##[error]Build stopped due to syntax error",2026-04-01t09:57:08.000z group run ci for spring-projects/spring-boot 2026-04-01t09:57:08.000z runner image: windows-latest 2026-04-01t09:57:08.000z language: node 2026-04-01t09:57:08.000z src/auth/handler.py:193: syntaxerror: unexpected token 2026-04-01t09:57:08.000z pylint:,Syntax Error,build,high,Invalid code syntax detected by compiler or linter
"2026-04-01T12:56:16.000Z ##[group]Run CI for vercel/next.js
2026-04-01T12:56:16.000Z Runner image: macos-latest
2026-04-01T12:56:16.000Z Language: java
2026-04-01T12:56:16.000Z src/auth/handler.py:74: SyntaxError: unexpected token '@'
2026-04-01T12:56:16.000Z pylint: E0001 syntax-error
2026-04-01T12:56:16.000Z ##[error]Build stopped due to syntax error",2026-04-01t12:56:16.000z group run ci for vercel/next.js 2026-04-01t12:56:16.000z runner image: macos-latest 2026-04-01t12:56:16.000z language: java 2026-04-01t12:56:16.000z src/auth/handler.py:74: syntaxerror: unexpected token 2026-04-01t12:56:16.000z pylint:,Syntax Error,build,high,Invalid code syntax detected by compiler or linter
"2026-04-01T09:59:30.000Z ##[group]Run CI for django/django
2026-04-01T09:59:30.000Z Runner image: macos-latest
2026-04-01T09:59:30.000Z Language: python
2026-04-01T09:59:30.000Z src/cache/handler.py:195: SyntaxError: unexpected token '['
2026-04-01T09:59:30.000Z pylint: E0001 syntax-error
2026-04-01T09:59:30.000Z ##[error]Build stopped due to syntax error",2026-04-01t09:59:30.000z group run ci for django/django 2026-04-01t09:59:30.000z runner image: macos-latest 2026-04-01t09:59:30.000z language: python 2026-04-01t09:59:30.000z src/cache/handler.py:195: syntaxerror: unexpected token 2026-04-01t09:59:30.000z pylint:,Syntax Error,build,high,Invalid code syntax detected by compiler or linter
"2026-04-01T13:00:39.000Z ##[group]Run CI for spring-projects/spring-boot
2026-04-01T13:00:39.000Z Runner image: macos-latest
2026-04-01T13:00:39.000Z Language: python
2026-04-01T13:00:39.000Z src/compiler/handler.py:382: SyntaxError: unexpected token '@'
2026-04-01T13:00:39.000Z pylint: E0001 syntax-error
2026-04-01T13:00:39.000Z ##[error]Build stopped due to syntax error",2026-04-01t13:00:39.000z group run ci for spring-projects/spring-boot 2026-04-01t13:00:39.000z runner image: macos-latest 2026-04-01t13:00:39.000z language: python 2026-04-01t13:00:39.000z src/compiler/handler.py:382: syntaxerror: unexpected token 2026-04-01t13:00:39.000z pylint:,Syntax Error,build,high,Invalid code syntax detected by compiler or linter
"2026-04-01T10:01:03.000Z ##[group]Run CI for spring-projects/spring-boot
2026-04-01T10:01:03.000Z Runner image: windows-latest
2026-04-01T10:01:03.000Z Language: go
2026-04-01T10:01:03.000Z pytest -m integration --maxfail=1
2026-04-01T10:01:03.000Z Error: Process timed out after 30 minutes
2026-04-01T10:01:03.000Z ##[error]The operation was canceled",2026-04-01t10:01:03.000z group run ci for spring-projects/spring-boot 2026-04-01t10:01:03.000z runner image: windows-latest 2026-04-01t10:01:03.000z language: go 2026-04-01t10:01:03.000z pytest -m integration --maxfail 1 2026-04-01t10:01:03.000z,Timeout Error,test,medium,Long-running step exceeded CI timeout threshold
"2026-04-01T19:08:04.000Z ##[group]Run CI for django/django
2026-04-01T19:08:04.000Z Runner image: windows-latest
2026-04-01T19:08:04.000Z Language: python
2026-04-01T19:08:04.000Z pytest -m integration --maxfail=1
2026-04-01T19:08:04.000Z Error: Process timed out after 10 minutes
2026-04-01T19:08:04.000Z ##[error]The operation was canceled",2026-04-01t19:08:04.000z group run ci for django/django 2026-04-01t19:08:04.000z runner image: windows-latest 2026-04-01t19:08:04.000z language: python 2026-04-01t19:08:04.000z pytest -m integration --maxfail 1 2026-04-01t19:08:04.000z,Timeout Error,test,medium,Long-running step exceeded CI timeout threshold
"2026-04-01T13:06:17.000Z ##[group]Run CI for pytorch/pytorch
2026-04-01T13:06:17.000Z Runner image: macos-latest
2026-04-01T13:06:17.000Z Language: node
2026-04-01T13:06:17.000Z pytest -m integration --maxfail=1
2026-04-01T13:06:17.000Z Error: Process timed out after 20 minutes
2026-04-01T13:06:17.000Z ##[error]The operation was canceled",2026-04-01t13:06:17.000z group run ci for pytorch/pytorch 2026-04-01t13:06:17.000z runner image: macos-latest 2026-04-01t13:06:17.000z language: node 2026-04-01t13:06:17.000z pytest -m integration --maxfail 1 2026-04-01t13:06:17.000z,Timeout Error,test,medium,Long-running step exceeded CI timeout threshold
"2026-04-01T19:16:32.000Z ##[group]Run CI for django/django
2026-04-01T19:16:32.000Z Runner image: macos-latest
2026-04-01T19:16:32.000Z Language: rust
2026-04-01T19:16:32.000Z pytest -m integration --maxfail=1
2026-04-01T19:16:32.000Z Error: Process timed out after 30 minutes
2026-04-01T19:16:32.000Z ##[error]The operation was canceled",2026-04-01t19:16:32.000z group run ci for django/django 2026-04-01t19:16:32.000z runner image: macos-latest 2026-04-01t19:16:32.000z language: rust 2026-04-01t19:16:32.000z pytest -m integration --maxfail 1 2026-04-01t19:16:32.000z,Timeout Error,test,medium,Long-running step exceeded CI timeout threshold
"2026-04-01T13:10:27.000Z ##[group]Run CI for tensorflow/tensorflow
2026-04-01T13:10:27.000Z Runner image: macos-latest
2026-04-01T13:10:27.000Z Language: python
2026-04-01T13:10:27.000Z pytest -m integration --maxfail=1
2026-04-01T13:10:27.000Z Error: Process timed out after 30 minutes
2026-04-01T13:10:27.000Z ##[error]The operation was canceled",2026-04-01t13:10:27.000z group run ci for tensorflow/tensorflow 2026-04-01t13:10:27.000z runner image: macos-latest 2026-04-01t13:10:27.000z language: python 2026-04-01t13:10:27.000z pytest -m integration --maxfail 1 2026-04-01t13:10:27.000z,Timeout Error,test,medium,Long-running step exceeded CI timeout threshold
"2026-04-01T19:24:25.000Z ##[group]Run CI for vercel/next.js
2026-04-01T19:24:25.000Z Runner image: windows-latest
2026-04-01T19:24:25.000Z Language: java
2026-04-01T19:24:25.000Z pytest -m integration --maxfail=1
2026-04-01T19:24:25.000Z Error: Process timed out after 30 minutes
2026-04-01T19:24:25.000Z ##[error]The operation was canceled",2026-04-01t19:24:25.000z group run ci for vercel/next.js 2026-04-01t19:24:25.000z runner image: windows-latest 2026-04-01t19:24:25.000z language: java 2026-04-01t19:24:25.000z pytest -m integration --maxfail 1 2026-04-01t19:24:25.000z,Timeout Error,test,medium,Long-running step exceeded CI timeout threshold
"2026-04-01T16:21:23.000Z ##[group]Run CI for tensorflow/tensorflow
2026-04-01T16:21:23.000Z Runner image: windows-latest
2026-04-01T16:21:23.000Z Language: go
2026-04-01T16:21:23.000Z pytest -m integration --maxfail=1
2026-04-01T16:21:23.000Z Error: Process timed out after 15 minutes
2026-04-01T16:21:23.000Z ##[error]The operation was canceled",2026-04-01t16:21:23.000z group run ci for tensorflow/tensorflow 2026-04-01t16:21:23.000z runner image: windows-latest 2026-04-01t16:21:23.000z language: go 2026-04-01t16:21:23.000z pytest -m integration --maxfail 1 2026-04-01t16:21:23.000z,Timeout Error,test,medium,Long-running step exceeded CI timeout threshold
"2026-04-01T10:08:05.000Z ##[group]Run CI for apache/spark
2026-04-01T10:08:05.000Z Runner image: ubuntu-latest
2026-04-01T10:08:05.000Z Language: python
2026-04-01T10:08:05.000Z pytest -m integration --maxfail=1
2026-04-01T10:08:05.000Z Error: Process timed out after 30 minutes
2026-04-01T10:08:05.000Z ##[error]The operation was canceled",2026-04-01t10:08:05.000z group run ci for apache/spark 2026-04-01t10:08:05.000z runner image: ubuntu-latest 2026-04-01t10:08:05.000z language: python 2026-04-01t10:08:05.000z pytest -m integration --maxfail 1 2026-04-01t10:08:05.000z,Timeout Error,test,medium,Long-running step exceeded CI timeout threshold
"2026-04-01T13:18:35.000Z ##[group]Run CI for tensorflow/tensorflow
2026-04-01T13:18:35.000Z Runner image: macos-latest
2026-04-01T13:18:35.000Z Language: java
2026-04-01T13:18:35.000Z pytest -m integration --maxfail=1
2026-04-01T13:18:35.000Z Error: Process timed out after 10 minutes
2026-04-01T13:18:35.000Z ##[error]The operation was canceled",2026-04-01t13:18:35.000z group run ci for tensorflow/tensorflow 2026-04-01t13:18:35.000z runner image: macos-latest 2026-04-01t13:18:35.000z language: java 2026-04-01t13:18:35.000z pytest -m integration --maxfail 1 2026-04-01t13:18:35.000z,Timeout Error,test,medium,Long-running step exceeded CI timeout threshold
"2026-04-01T10:10:26.000Z ##[group]Run CI for angular/angular
2026-04-01T10:10:26.000Z Runner image: macos-latest
2026-04-01T10:10:26.000Z Language: rust
2026-04-01T10:10:26.000Z pytest -m integration --maxfail=1
2026-04-01T10:10:26.000Z Error: Process timed out after 20 minutes
2026-04-01T10:10:26.000Z ##[error]The operation was canceled",2026-04-01t10:10:26.000z group run ci for angular/angular 2026-04-01t10:10:26.000z runner image: macos-latest 2026-04-01t10:10:26.000z language: rust 2026-04-01t10:10:26.000z pytest -m integration --maxfail 1 2026-04-01t10:10:26.000z,Timeout Error,test,medium,Long-running step exceeded CI timeout threshold
"2026-04-01T16:33:22.000Z ##[group]Run CI for django/django
2026-04-01T16:33:22.000Z Runner image: macos-latest
2026-04-01T16:33:22.000Z Language: python
2026-04-01T16:33:22.000Z pytest -m integration --maxfail=1
2026-04-01T16:33:22.000Z Error: Process timed out after 10 minutes
2026-04-01T16:33:22.000Z ##[error]The operation was canceled",2026-04-01t16:33:22.000z group run ci for django/django 2026-04-01t16:33:22.000z runner image: macos-latest 2026-04-01t16:33:22.000z language: python 2026-04-01t16:33:22.000z pytest -m integration --maxfail 1 2026-04-01t16:33:22.000z,Timeout Error,test,medium,Long-running step exceeded CI timeout threshold
"2026-04-01T19:48:14.000Z ##[group]Run CI for angular/angular
2026-04-01T19:48:14.000Z Runner image: macos-latest
2026-04-01T19:48:14.000Z Language: node
2026-04-01T19:48:14.000Z pytest -m integration --maxfail=1
2026-04-01T19:48:14.000Z Error: Process timed out after 10 minutes
2026-04-01T19:48:14.000Z ##[error]The operation was canceled",2026-04-01t19:48:14.000z group run ci for angular/angular 2026-04-01t19:48:14.000z runner image: macos-latest 2026-04-01t19:48:14.000z language: node 2026-04-01t19:48:14.000z pytest -m integration --maxfail 1 2026-04-01t19:48:14.000z,Timeout Error,test,medium,Long-running step exceeded CI timeout threshold
"2026-04-01T16:39:36.000Z ##[group]Run CI for pytorch/pytorch
2026-04-01T16:39:36.000Z Runner image: macos-latest
2026-04-01T16:39:36.000Z Language: java
2026-04-01T16:39:36.000Z pytest -m integration --maxfail=1
2026-04-01T16:39:36.000Z Error: Process timed out after 15 minutes
2026-04-01T16:39:36.000Z ##[error]The operation was canceled",2026-04-01t16:39:36.000z group run ci for pytorch/pytorch 2026-04-01t16:39:36.000z runner image: macos-latest 2026-04-01t16:39:36.000z language: java 2026-04-01t16:39:36.000z pytest -m integration --maxfail 1 2026-04-01t16:39:36.000z,Timeout Error,test,medium,Long-running step exceeded CI timeout threshold
"2026-04-01T10:14:38.000Z ##[group]Run CI for django/django
2026-04-01T10:14:38.000Z Runner image: macos-latest
2026-04-01T10:14:38.000Z Language: rust
2026-04-01T10:14:38.000Z pytest -m integration --maxfail=1
2026-04-01T10:14:38.000Z Error: Process timed out after 20 minutes
2026-04-01T10:14:38.000Z ##[error]The operation was canceled",2026-04-01t10:14:38.000z group run ci for django/django 2026-04-01t10:14:38.000z runner image: macos-latest 2026-04-01t10:14:38.000z language: rust 2026-04-01t10:14:38.000z pytest -m integration --maxfail 1 2026-04-01t10:14:38.000z,Timeout Error,test,medium,Long-running step exceeded CI timeout threshold
"2026-04-01T16:45:58.000Z ##[group]Run CI for facebook/react
2026-04-01T16:45:58.000Z Runner image: ubuntu-latest
2026-04-01T16:45:58.000Z Language: java
2026-04-01T16:45:58.000Z pytest -m integration --maxfail=1
2026-04-01T16:45:58.000Z Error: Process timed out after 20 minutes
2026-04-01T16:45:58.000Z ##[error]The operation was canceled",2026-04-01t16:45:58.000z group run ci for facebook/react 2026-04-01t16:45:58.000z runner image: ubuntu-latest 2026-04-01t16:45:58.000z language: java 2026-04-01t16:45:58.000z pytest -m integration --maxfail 1 2026-04-01t16:45:58.000z,Timeout Error,test,medium,Long-running step exceeded CI timeout threshold
"2026-04-01T13:32:36.000Z ##[group]Run CI for pytorch/pytorch
2026-04-01T13:32:36.000Z Runner image: ubuntu-latest
2026-04-01T13:32:36.000Z Language: node
2026-04-01T13:32:36.000Z pytest -m integration --maxfail=1
2026-04-01T13:32:36.000Z Error: Process timed out after 30 minutes
2026-04-01T13:32:36.000Z ##[error]The operation was canceled",2026-04-01t13:32:36.000z group run ci for pytorch/pytorch 2026-04-01t13:32:36.000z runner image: ubuntu-latest 2026-04-01t13:32:36.000z language: node 2026-04-01t13:32:36.000z pytest -m integration --maxfail 1 2026-04-01t13:32:36.000z,Timeout Error,test,medium,Long-running step exceeded CI timeout threshold
"2026-04-01T13:34:24.000Z ##[group]Run CI for tensorflow/tensorflow
2026-04-01T13:34:24.000Z Runner image: ubuntu-latest
2026-04-01T13:34:24.000Z Language: python
2026-04-01T13:34:24.000Z pytest -m integration --maxfail=1
2026-04-01T13:34:24.000Z Error: Process timed out after 30 minutes
2026-04-01T13:34:24.000Z ##[error]The operation was canceled",2026-04-01t13:34:24.000z group run ci for tensorflow/tensorflow 2026-04-01t13:34:24.000z runner image: ubuntu-latest 2026-04-01t13:34:24.000z language: python 2026-04-01t13:34:24.000z pytest -m integration --maxfail 1 2026-04-01t13:34:24.000z,Timeout Error,test,medium,Long-running step exceeded CI timeout threshold
"2026-04-01T16:54:46.000Z ##[group]Run CI for apache/spark
2026-04-01T16:54:46.000Z Runner image: windows-latest
2026-04-01T16:54:46.000Z Language: node
2026-04-01T16:54:46.000Z pytest -m integration --maxfail=1
2026-04-01T16:54:46.000Z Error: Process timed out after 20 minutes
2026-04-01T16:54:46.000Z ##[error]The operation was canceled",2026-04-01t16:54:46.000z group run ci for apache/spark 2026-04-01t16:54:46.000z runner image: windows-latest 2026-04-01t16:54:46.000z language: node 2026-04-01t16:54:46.000z pytest -m integration --maxfail 1 2026-04-01t16:54:46.000z,Timeout Error,test,medium,Long-running step exceeded CI timeout threshold
"2026-04-01T13:38:10.000Z ##[group]Run CI for angular/angular
2026-04-01T13:38:10.000Z Runner image: macos-latest
2026-04-01T13:38:10.000Z Language: python
2026-04-01T13:38:10.000Z pytest -m integration --maxfail=1
2026-04-01T13:38:10.000Z Error: Process timed out after 10 minutes
2026-04-01T13:38:10.000Z ##[error]The operation was canceled",2026-04-01t13:38:10.000z group run ci for angular/angular 2026-04-01t13:38:10.000z runner image: macos-latest 2026-04-01t13:38:10.000z language: python 2026-04-01t13:38:10.000z pytest -m integration --maxfail 1 2026-04-01t13:38:10.000z,Timeout Error,test,medium,Long-running step exceeded CI timeout threshold
"2026-04-01T20:20:31.000Z ##[group]Run CI for tensorflow/tensorflow
2026-04-01T20:20:31.000Z Runner image: windows-latest
2026-04-01T20:20:31.000Z Language: go
2026-04-01T20:20:31.000Z pytest -m integration --maxfail=1
2026-04-01T20:20:31.000Z Error: Process timed out after 30 minutes
2026-04-01T20:20:31.000Z ##[error]The operation was canceled",2026-04-01t20:20:31.000z group run ci for tensorflow/tensorflow 2026-04-01t20:20:31.000z runner image: windows-latest 2026-04-01t20:20:31.000z language: go 2026-04-01t20:20:31.000z pytest -m integration --maxfail 1 2026-04-01t20:20:31.000z,Timeout Error,test,medium,Long-running step exceeded CI timeout threshold
"2026-04-01T10:21:22.000Z ##[group]Run CI for django/django
2026-04-01T10:21:22.000Z Runner image: windows-latest
2026-04-01T10:21:22.000Z Language: node
2026-04-01T10:21:22.000Z pytest -m integration --maxfail=1
2026-04-01T10:21:22.000Z Error: Process timed out after 30 minutes
2026-04-01T10:21:22.000Z ##[error]The operation was canceled",2026-04-01t10:21:22.000z group run ci for django/django 2026-04-01t10:21:22.000z runner image: windows-latest 2026-04-01t10:21:22.000z language: node 2026-04-01t10:21:22.000z pytest -m integration --maxfail 1 2026-04-01t10:21:22.000z,Timeout Error,test,medium,Long-running step exceeded CI timeout threshold
"2026-04-01T17:06:02.000Z ##[group]Run CI for tensorflow/tensorflow
2026-04-01T17:06:02.000Z Runner image: windows-latest
2026-04-01T17:06:02.000Z Language: rust
2026-04-01T17:06:02.000Z pytest -m integration --maxfail=1
2026-04-01T17:06:02.000Z Error: Process timed out after 15 minutes
2026-04-01T17:06:02.000Z ##[error]The operation was canceled",2026-04-01t17:06:02.000z group run ci for tensorflow/tensorflow 2026-04-01t17:06:02.000z runner image: windows-latest 2026-04-01t17:06:02.000z language: rust 2026-04-01t17:06:02.000z pytest -m integration --maxfail 1 2026-04-01t17:06:02.000z,Timeout Error,test,medium,Long-running step exceeded CI timeout threshold
"2026-04-01T13:46:19.000Z ##[group]Run CI for django/django
2026-04-01T13:46:19.000Z Runner image: macos-latest
2026-04-01T13:46:19.000Z Language: python
2026-04-01T13:46:19.000Z pytest -m integration --maxfail=1
2026-04-01T13:46:19.000Z Error: Process timed out after 15 minutes
2026-04-01T13:46:19.000Z ##[error]The operation was canceled",2026-04-01t13:46:19.000z group run ci for django/django 2026-04-01t13:46:19.000z runner image: macos-latest 2026-04-01t13:46:19.000z language: python 2026-04-01t13:46:19.000z pytest -m integration --maxfail 1 2026-04-01t13:46:19.000z,Timeout Error,test,medium,Long-running step exceeded CI timeout threshold
"2026-04-01T10:24:00.000Z ##[group]Run CI for nodejs/node
2026-04-01T10:24:00.000Z Runner image: windows-latest
2026-04-01T10:24:00.000Z Language: java
2026-04-01T10:24:00.000Z pytest -m integration --maxfail=1
2026-04-01T10:24:00.000Z Error: Process timed out after 30 minutes
2026-04-01T10:24:00.000Z ##[error]The operation was canceled",2026-04-01t10:24:00.000z group run ci for nodejs/node 2026-04-01t10:24:00.000z runner image: windows-latest 2026-04-01t10:24:00.000z language: java 2026-04-01t10:24:00.000z pytest -m integration --maxfail 1 2026-04-01t10:24:00.000z,Timeout Error,test,medium,Long-running step exceeded CI timeout threshold
"2026-04-01T13:50:32.000Z ##[group]Run CI for django/django
2026-04-01T13:50:32.000Z Runner image: ubuntu-latest
2026-04-01T13:50:32.000Z Language: node
2026-04-01T13:50:32.000Z pytest -m integration --maxfail=1
2026-04-01T13:50:32.000Z Error: Process timed out after 20 minutes
2026-04-01T13:50:32.000Z ##[error]The operation was canceled",2026-04-01t13:50:32.000z group run ci for django/django 2026-04-01t13:50:32.000z runner image: ubuntu-latest 2026-04-01t13:50:32.000z language: node 2026-04-01t13:50:32.000z pytest -m integration --maxfail 1 2026-04-01t13:50:32.000z,Timeout Error,test,medium,Long-running step exceeded CI timeout threshold
"2026-04-01T10:26:29.000Z ##[group]Run CI for tensorflow/tensorflow
2026-04-01T10:26:29.000Z Runner image: windows-latest
2026-04-01T10:26:29.000Z Language: python
2026-04-01T10:26:29.000Z pytest -m integration --maxfail=1
2026-04-01T10:26:29.000Z Error: Process timed out after 10 minutes
2026-04-01T10:26:29.000Z ##[error]The operation was canceled",2026-04-01t10:26:29.000z group run ci for tensorflow/tensorflow 2026-04-01t10:26:29.000z runner image: windows-latest 2026-04-01t10:26:29.000z language: python 2026-04-01t10:26:29.000z pytest -m integration --maxfail 1 2026-04-01t10:26:29.000z,Timeout Error,test,medium,Long-running step exceeded CI timeout threshold
"2026-04-01T20:48:45.000Z ##[group]Run CI for pytorch/pytorch
2026-04-01T20:48:45.000Z Runner image: macos-latest
2026-04-01T20:48:45.000Z Language: go
2026-04-01T20:48:45.000Z pytest -m integration --maxfail=1
2026-04-01T20:48:45.000Z Error: Process timed out after 30 minutes
2026-04-01T20:48:45.000Z ##[error]The operation was canceled",2026-04-01t20:48:45.000z group run ci for pytorch/pytorch 2026-04-01t20:48:45.000z runner image: macos-latest 2026-04-01t20:48:45.000z language: go 2026-04-01t20:48:45.000z pytest -m integration --maxfail 1 2026-04-01t20:48:45.000z,Timeout Error,test,medium,Long-running step exceeded CI timeout threshold
"2026-04-01T17:24:10.000Z ##[group]Run CI for microsoft/vscode
2026-04-01T17:24:10.000Z Runner image: ubuntu-latest
2026-04-01T17:24:10.000Z Language: go
2026-04-01T17:24:10.000Z pytest -m integration --maxfail=1
2026-04-01T17:24:10.000Z Error: Process timed out after 30 minutes
2026-04-01T17:24:10.000Z ##[error]The operation was canceled",2026-04-01t17:24:10.000z group run ci for microsoft/vscode 2026-04-01t17:24:10.000z runner image: ubuntu-latest 2026-04-01t17:24:10.000z language: go 2026-04-01t17:24:10.000z pytest -m integration --maxfail 1 2026-04-01t17:24:10.000z,Timeout Error,test,medium,Long-running step exceeded CI timeout threshold
"2026-04-01T10:29:15.000Z ##[group]Run CI for pytorch/pytorch
2026-04-01T10:29:15.000Z Runner image: ubuntu-latest
2026-04-01T10:29:15.000Z Language: go
2026-04-01T10:29:15.000Z pytest -m integration --maxfail=1
2026-04-01T10:29:15.000Z Error: Process timed out after 30 minutes
2026-04-01T10:29:15.000Z ##[error]The operation was canceled",2026-04-01t10:29:15.000z group run ci for pytorch/pytorch 2026-04-01t10:29:15.000z runner image: ubuntu-latest 2026-04-01t10:29:15.000z language: go 2026-04-01t10:29:15.000z pytest -m integration --maxfail 1 2026-04-01t10:29:15.000z,Timeout Error,test,medium,Long-running step exceeded CI timeout threshold
"2026-04-01T21:00:55.000Z ##[group]Run CI for angular/angular
2026-04-01T21:00:55.000Z Runner image: windows-latest
2026-04-01T21:00:55.000Z Language: rust
2026-04-01T21:00:55.000Z pytest -m integration --maxfail=1
2026-04-01T21:00:55.000Z Error: Process timed out after 20 minutes
2026-04-01T21:00:55.000Z ##[error]The operation was canceled",2026-04-01t21:00:55.000z group run ci for angular/angular 2026-04-01t21:00:55.000z runner image: windows-latest 2026-04-01t21:00:55.000z language: rust 2026-04-01t21:00:55.000z pytest -m integration --maxfail 1 2026-04-01t21:00:55.000z,Timeout Error,test,medium,Long-running step exceeded CI timeout threshold
"2026-04-01T14:02:04.000Z ##[group]Run CI for pytorch/pytorch
2026-04-01T14:02:04.000Z Runner image: ubuntu-latest
2026-04-01T14:02:04.000Z Language: java
2026-04-01T14:02:04.000Z pytest -m integration --maxfail=1
2026-04-01T14:02:04.000Z Error: Process timed out after 10 minutes
2026-04-01T14:02:04.000Z ##[error]The operation was canceled",2026-04-01t14:02:04.000z group run ci for pytorch/pytorch 2026-04-01t14:02:04.000z runner image: ubuntu-latest 2026-04-01t14:02:04.000z language: java 2026-04-01t14:02:04.000z pytest -m integration --maxfail 1 2026-04-01t14:02:04.000z,Timeout Error,test,medium,Long-running step exceeded CI timeout threshold
"2026-04-01T17:36:22.000Z ##[group]Run CI for spring-projects/spring-boot
2026-04-01T17:36:22.000Z Runner image: macos-latest
2026-04-01T17:36:22.000Z Language: node
2026-04-01T17:36:22.000Z pytest -m integration --maxfail=1
2026-04-01T17:36:22.000Z Error: Process timed out after 15 minutes
2026-04-01T17:36:22.000Z ##[error]The operation was canceled",2026-04-01t17:36:22.000z group run ci for spring-projects/spring-boot 2026-04-01t17:36:22.000z runner image: macos-latest 2026-04-01t17:36:22.000z language: node 2026-04-01t17:36:22.000z pytest -m integration --maxfail 1 2026-04-01t17:36:22.000z,Timeout Error,test,medium,Long-running step exceeded CI timeout threshold
"2026-04-01T14:06:11.000Z ##[group]Run CI for vercel/next.js
2026-04-01T14:06:11.000Z Runner image: ubuntu-latest
2026-04-01T14:06:11.000Z Language: node
2026-04-01T14:06:11.000Z pytest -m integration --maxfail=1
2026-04-01T14:06:11.000Z Error: Process timed out after 15 minutes
2026-04-01T14:06:11.000Z ##[error]The operation was canceled",2026-04-01t14:06:11.000z group run ci for vercel/next.js 2026-04-01t14:06:11.000z runner image: ubuntu-latest 2026-04-01t14:06:11.000z language: node 2026-04-01t14:06:11.000z pytest -m integration --maxfail 1 2026-04-01t14:06:11.000z,Timeout Error,test,medium,Long-running step exceeded CI timeout threshold
"2026-04-01T21:16:43.000Z ##[group]Run CI for tensorflow/tensorflow
2026-04-01T21:16:43.000Z Runner image: ubuntu-latest
2026-04-01T21:16:43.000Z Language: go
2026-04-01T21:16:43.000Z pytest -m integration --maxfail=1
2026-04-01T21:16:43.000Z Error: Process timed out after 20 minutes
2026-04-01T21:16:43.000Z ##[error]The operation was canceled",2026-04-01t21:16:43.000z group run ci for tensorflow/tensorflow 2026-04-01t21:16:43.000z runner image: ubuntu-latest 2026-04-01t21:16:43.000z language: go 2026-04-01t21:16:43.000z pytest -m integration --maxfail 1 2026-04-01t21:16:43.000z,Timeout Error,test,medium,Long-running step exceeded CI timeout threshold
"2026-04-01T21:20:28.000Z ##[group]Run CI for pytorch/pytorch
2026-04-01T21:20:28.000Z Runner image: ubuntu-latest
2026-04-01T21:20:28.000Z Language: go
2026-04-01T21:20:28.000Z pytest -m integration --maxfail=1
2026-04-01T21:20:28.000Z Error: Process timed out after 20 minutes
2026-04-01T21:20:28.000Z ##[error]The operation was canceled",2026-04-01t21:20:28.000z group run ci for pytorch/pytorch 2026-04-01t21:20:28.000z runner image: ubuntu-latest 2026-04-01t21:20:28.000z language: go 2026-04-01t21:20:28.000z pytest -m integration --maxfail 1 2026-04-01t21:20:28.000z,Timeout Error,test,medium,Long-running step exceeded CI timeout threshold
"2026-04-01T10:36:19.000Z ##[group]Run CI for microsoft/vscode
2026-04-01T10:36:19.000Z Runner image: macos-latest
2026-04-01T10:36:19.000Z Language: python
2026-04-01T10:36:19.000Z pytest -m integration --maxfail=1
2026-04-01T10:36:19.000Z Error: Process timed out after 30 minutes
2026-04-01T10:36:19.000Z ##[error]The operation was canceled",2026-04-01t10:36:19.000z group run ci for microsoft/vscode 2026-04-01t10:36:19.000z runner image: macos-latest 2026-04-01t10:36:19.000z language: python 2026-04-01t10:36:19.000z pytest -m integration --maxfail 1 2026-04-01t10:36:19.000z,Timeout Error,test,medium,Long-running step exceeded CI timeout threshold
"2026-04-01T17:51:04.000Z ##[group]Run CI for apache/spark
2026-04-01T17:51:04.000Z Runner image: ubuntu-latest
2026-04-01T17:51:04.000Z Language: python
2026-04-01T17:51:04.000Z pytest -m integration --maxfail=1
2026-04-01T17:51:04.000Z Error: Process timed out after 10 minutes
2026-04-01T17:51:04.000Z ##[error]The operation was canceled",2026-04-01t17:51:04.000z group run ci for apache/spark 2026-04-01t17:51:04.000z runner image: ubuntu-latest 2026-04-01t17:51:04.000z language: python 2026-04-01t17:51:04.000z pytest -m integration --maxfail 1 2026-04-01t17:51:04.000z,Timeout Error,test,medium,Long-running step exceeded CI timeout threshold
"2026-04-01T21:32:37.000Z ##[group]Run CI for angular/angular
2026-04-01T21:32:37.000Z Runner image: macos-latest
2026-04-01T21:32:37.000Z Language: rust
2026-04-01T21:32:37.000Z pytest -m integration --maxfail=1
2026-04-01T21:32:37.000Z Error: Process timed out after 10 minutes
2026-04-01T21:32:37.000Z ##[error]The operation was canceled",2026-04-01t21:32:37.000z group run ci for angular/angular 2026-04-01t21:32:37.000z runner image: macos-latest 2026-04-01t21:32:37.000z language: rust 2026-04-01t21:32:37.000z pytest -m integration --maxfail 1 2026-04-01t21:32:37.000z,Timeout Error,test,medium,Long-running step exceeded CI timeout threshold
"2026-04-01T21:36:32.000Z ##[group]Run CI for apache/spark
2026-04-01T21:36:32.000Z Runner image: macos-latest
2026-04-01T21:36:32.000Z Language: node
2026-04-01T21:36:32.000Z pytest -m integration --maxfail=1
2026-04-01T21:36:32.000Z Error: Process timed out after 15 minutes
2026-04-01T21:36:32.000Z ##[error]The operation was canceled",2026-04-01t21:36:32.000z group run ci for apache/spark 2026-04-01t21:36:32.000z runner image: macos-latest 2026-04-01t21:36:32.000z language: node 2026-04-01t21:36:32.000z pytest -m integration --maxfail 1 2026-04-01t21:36:32.000z,Timeout Error,test,medium,Long-running step exceeded CI timeout threshold
"2026-04-01T18:00:45.000Z ##[group]Run CI for facebook/react
2026-04-01T18:00:45.000Z Runner image: windows-latest
2026-04-01T18:00:45.000Z Language: python
2026-04-01T18:00:45.000Z pytest -m integration --maxfail=1
2026-04-01T18:00:45.000Z Error: Process timed out after 10 minutes
2026-04-01T18:00:45.000Z ##[error]The operation was canceled",2026-04-01t18:00:45.000z group run ci for facebook/react 2026-04-01t18:00:45.000z runner image: windows-latest 2026-04-01t18:00:45.000z language: python 2026-04-01t18:00:45.000z pytest -m integration --maxfail 1 2026-04-01t18:00:45.000z,Timeout Error,test,medium,Long-running step exceeded CI timeout threshold
"2026-04-01T14:22:45.000Z ##[group]Run CI for spring-projects/spring-boot
2026-04-01T14:22:45.000Z Runner image: macos-latest
2026-04-01T14:22:45.000Z Language: node
2026-04-01T14:22:45.000Z pytest -m integration --maxfail=1
2026-04-01T14:22:45.000Z Error: Process timed out after 30 minutes
2026-04-01T14:22:45.000Z ##[error]The operation was canceled",2026-04-01t14:22:45.000z group run ci for spring-projects/spring-boot 2026-04-01t14:22:45.000z runner image: macos-latest 2026-04-01t14:22:45.000z language: node 2026-04-01t14:22:45.000z pytest -m integration --maxfail 1 2026-04-01t14:22:45.000z,Timeout Error,test,medium,Long-running step exceeded CI timeout threshold
"2026-04-01T14:24:23.000Z ##[group]Run CI for apache/spark
2026-04-01T14:24:23.000Z Runner image: macos-latest
2026-04-01T14:24:23.000Z Language: rust
2026-04-01T14:24:23.000Z pytest -m integration --maxfail=1
2026-04-01T14:24:23.000Z Error: Process timed out after 20 minutes
2026-04-01T14:24:23.000Z ##[error]The operation was canceled",2026-04-01t14:24:23.000z group run ci for apache/spark 2026-04-01t14:24:23.000z runner image: macos-latest 2026-04-01t14:24:23.000z language: rust 2026-04-01t14:24:23.000z pytest -m integration --maxfail 1 2026-04-01t14:24:23.000z,Timeout Error,test,medium,Long-running step exceeded CI timeout threshold
"2026-04-01T18:09:43.000Z ##[group]Run CI for microsoft/vscode
2026-04-01T18:09:43.000Z Runner image: windows-latest
2026-04-01T18:09:43.000Z Language: go
2026-04-01T18:09:43.000Z pytest -m integration --maxfail=1
2026-04-01T18:09:43.000Z Error: Process timed out after 10 minutes
2026-04-01T18:09:43.000Z ##[error]The operation was canceled",2026-04-01t18:09:43.000z group run ci for microsoft/vscode 2026-04-01t18:09:43.000z runner image: windows-latest 2026-04-01t18:09:43.000z language: go 2026-04-01t18:09:43.000z pytest -m integration --maxfail 1 2026-04-01t18:09:43.000z,Timeout Error,test,medium,Long-running step exceeded CI timeout threshold
"2026-04-01T21:56:18.000Z ##[group]Run CI for pytorch/pytorch
2026-04-01T21:56:18.000Z Runner image: ubuntu-latest
2026-04-01T21:56:18.000Z Language: java
2026-04-01T21:56:18.000Z pytest -m integration --maxfail=1
2026-04-01T21:56:18.000Z Error: Process timed out after 20 minutes
2026-04-01T21:56:18.000Z ##[error]The operation was canceled",2026-04-01t21:56:18.000z group run ci for pytorch/pytorch 2026-04-01t21:56:18.000z runner image: ubuntu-latest 2026-04-01t21:56:18.000z language: java 2026-04-01t21:56:18.000z pytest -m integration --maxfail 1 2026-04-01t21:56:18.000z,Timeout Error,test,medium,Long-running step exceeded CI timeout threshold
"2026-04-01T14:30:58.000Z ##[group]Run CI for angular/angular
2026-04-01T14:30:58.000Z Runner image: ubuntu-latest
2026-04-01T14:30:58.000Z Language: java
2026-04-01T14:30:58.000Z pytest -m integration --maxfail=1
2026-04-01T14:30:58.000Z Error: Process timed out after 20 minutes
2026-04-01T14:30:58.000Z ##[error]The operation was canceled",2026-04-01t14:30:58.000z group run ci for angular/angular 2026-04-01t14:30:58.000z runner image: ubuntu-latest 2026-04-01t14:30:58.000z language: java 2026-04-01t14:30:58.000z pytest -m integration --maxfail 1 2026-04-01t14:30:58.000z,Timeout Error,test,medium,Long-running step exceeded CI timeout threshold
"2026-04-01T10:46:19.000Z ##[group]Run CI for microsoft/vscode
2026-04-01T10:46:19.000Z Runner image: macos-latest
2026-04-01T10:46:19.000Z Language: go
2026-04-01T10:46:19.000Z pytest -m integration --maxfail=1
2026-04-01T10:46:19.000Z Error: Process timed out after 30 minutes
2026-04-01T10:46:19.000Z ##[error]The operation was canceled",2026-04-01t10:46:19.000z group run ci for microsoft/vscode 2026-04-01t10:46:19.000z runner image: macos-latest 2026-04-01t10:46:19.000z language: go 2026-04-01t10:46:19.000z pytest -m integration --maxfail 1 2026-04-01t10:46:19.000z,Timeout Error,test,medium,Long-running step exceeded CI timeout threshold
"2026-04-01T22:08:32.000Z ##[group]Run CI for pytorch/pytorch
2026-04-01T22:08:32.000Z Runner image: ubuntu-latest
2026-04-01T22:08:32.000Z Language: rust
2026-04-01T22:08:32.000Z pytest -m integration --maxfail=1
2026-04-01T22:08:32.000Z Error: Process timed out after 20 minutes
2026-04-01T22:08:32.000Z ##[error]The operation was canceled",2026-04-01t22:08:32.000z group run ci for pytorch/pytorch 2026-04-01t22:08:32.000z runner image: ubuntu-latest 2026-04-01t22:08:32.000z language: rust 2026-04-01t22:08:32.000z pytest -m integration --maxfail 1 2026-04-01t22:08:32.000z,Timeout Error,test,medium,Long-running step exceeded CI timeout threshold
"2026-04-01T14:36:21.000Z ##[group]Run CI for facebook/react
2026-04-01T14:36:21.000Z Runner image: windows-latest
2026-04-01T14:36:21.000Z Language: java
2026-04-01T14:36:21.000Z pytest -m integration --maxfail=1
2026-04-01T14:36:21.000Z Error: Process timed out after 30 minutes
2026-04-01T14:36:21.000Z ##[error]The operation was canceled",2026-04-01t14:36:21.000z group run ci for facebook/react 2026-04-01t14:36:21.000z runner image: windows-latest 2026-04-01t14:36:21.000z language: java 2026-04-01t14:36:21.000z pytest -m integration --maxfail 1 2026-04-01t14:36:21.000z,Timeout Error,test,medium,Long-running step exceeded CI timeout threshold
"2026-04-01T10:49:18.000Z ##[group]Run CI for vercel/next.js
2026-04-01T10:49:18.000Z Runner image: ubuntu-latest
2026-04-01T10:49:18.000Z Language: node
2026-04-01T10:49:18.000Z pytest -m integration --maxfail=1
2026-04-01T10:49:18.000Z Error: Process timed out after 10 minutes
2026-04-01T10:49:18.000Z ##[error]The operation was canceled",2026-04-01t10:49:18.000z group run ci for vercel/next.js 2026-04-01t10:49:18.000z runner image: ubuntu-latest 2026-04-01t10:49:18.000z language: node 2026-04-01t10:49:18.000z pytest -m integration --maxfail 1 2026-04-01t10:49:18.000z,Timeout Error,test,medium,Long-running step exceeded CI timeout threshold
"2026-04-01T18:30:56.000Z ##[group]Run CI for spring-projects/spring-boot
2026-04-01T18:30:56.000Z Runner image: macos-latest
2026-04-01T18:30:56.000Z Language: rust
2026-04-01T18:30:56.000Z pytest -m integration --maxfail=1
2026-04-01T18:30:56.000Z Error: Process timed out after 15 minutes
2026-04-01T18:30:56.000Z ##[error]The operation was canceled",2026-04-01t18:30:56.000z group run ci for spring-projects/spring-boot 2026-04-01t18:30:56.000z runner image: macos-latest 2026-04-01t18:30:56.000z language: rust 2026-04-01t18:30:56.000z pytest -m integration --maxfail 1 2026-04-01t18:30:56.000z,Timeout Error,test,medium,Long-running step exceeded CI timeout threshold
"2026-04-01T14:42:53.000Z ##[group]Run CI for angular/angular
2026-04-01T14:42:53.000Z Runner image: windows-latest
2026-04-01T14:42:53.000Z Language: node
2026-04-01T14:42:53.000Z pytest -m integration --maxfail=1
2026-04-01T14:42:53.000Z Error: Process timed out after 15 minutes
2026-04-01T14:42:53.000Z ##[error]The operation was canceled",2026-04-01t14:42:53.000z group run ci for angular/angular 2026-04-01t14:42:53.000z runner image: windows-latest 2026-04-01t14:42:53.000z language: node 2026-04-01t14:42:53.000z pytest -m integration --maxfail 1 2026-04-01t14:42:53.000z,Timeout Error,test,medium,Long-running step exceeded CI timeout threshold
"2026-04-01T14:44:28.000Z ##[group]Run CI for apache/spark
2026-04-01T14:44:28.000Z Runner image: ubuntu-latest
2026-04-01T14:44:28.000Z Language: go
2026-04-01T14:44:28.000Z pytest -m integration --maxfail=1
2026-04-01T14:44:28.000Z Error: Process timed out after 20 minutes
2026-04-01T14:44:28.000Z ##[error]The operation was canceled",2026-04-01t14:44:28.000z group run ci for apache/spark 2026-04-01t14:44:28.000z runner image: ubuntu-latest 2026-04-01t14:44:28.000z language: go 2026-04-01t14:44:28.000z pytest -m integration --maxfail 1 2026-04-01t14:44:28.000z,Timeout Error,test,medium,Long-running step exceeded CI timeout threshold
"2026-04-01T18:39:51.000Z ##[group]Run CI for apache/spark
2026-04-01T18:39:51.000Z Runner image: ubuntu-latest
2026-04-01T18:39:51.000Z Language: rust
2026-04-01T18:39:51.000Z pytest -m integration --maxfail=1
2026-04-01T18:39:51.000Z Error: Process timed out after 30 minutes
2026-04-01T18:39:51.000Z ##[error]The operation was canceled",2026-04-01t18:39:51.000z group run ci for apache/spark 2026-04-01t18:39:51.000z runner image: ubuntu-latest 2026-04-01t18:39:51.000z language: rust 2026-04-01t18:39:51.000z pytest -m integration --maxfail 1 2026-04-01t18:39:51.000z,Timeout Error,test,medium,Long-running step exceeded CI timeout threshold
"2026-04-01T22:36:49.000Z ##[group]Run CI for vercel/next.js
2026-04-01T22:36:49.000Z Runner image: windows-latest
2026-04-01T22:36:49.000Z Language: rust
2026-04-01T22:36:49.000Z pytest -m integration --maxfail=1
2026-04-01T22:36:49.000Z Error: Process timed out after 20 minutes
2026-04-01T22:36:49.000Z ##[error]The operation was canceled",2026-04-01t22:36:49.000z group run ci for vercel/next.js 2026-04-01t22:36:49.000z runner image: windows-latest 2026-04-01t22:36:49.000z language: rust 2026-04-01t22:36:49.000z pytest -m integration --maxfail 1 2026-04-01t22:36:49.000z,Timeout Error,test,medium,Long-running step exceeded CI timeout threshold
"2026-04-01T14:50:52.000Z ##[group]Run CI for django/django
2026-04-01T14:50:52.000Z Runner image: macos-latest
2026-04-01T14:50:52.000Z Language: rust
2026-04-01T14:50:52.000Z pytest -m integration --maxfail=1
2026-04-01T14:50:52.000Z Error: Process timed out after 15 minutes
2026-04-01T14:50:52.000Z ##[error]The operation was canceled",2026-04-01t14:50:52.000z group run ci for django/django 2026-04-01t14:50:52.000z runner image: macos-latest 2026-04-01t14:50:52.000z language: rust 2026-04-01t14:50:52.000z pytest -m integration --maxfail 1 2026-04-01t14:50:52.000z,Timeout Error,test,medium,Long-running step exceeded CI timeout threshold
"2026-04-01T22:44:55.000Z ##[group]Run CI for angular/angular
2026-04-01T22:44:55.000Z Runner image: ubuntu-latest
2026-04-01T22:44:55.000Z Language: java
2026-04-01T22:44:55.000Z pytest -m integration --maxfail=1
2026-04-01T22:44:55.000Z Error: Process timed out after 20 minutes
2026-04-01T22:44:55.000Z ##[error]The operation was canceled",2026-04-01t22:44:55.000z group run ci for angular/angular 2026-04-01t22:44:55.000z runner image: ubuntu-latest 2026-04-01t22:44:55.000z language: java 2026-04-01t22:44:55.000z pytest -m integration --maxfail 1 2026-04-01t22:44:55.000z,Timeout Error,test,medium,Long-running step exceeded CI timeout threshold
"2026-04-01T10:57:18.000Z ##[group]Run CI for spring-projects/spring-boot
2026-04-01T10:57:18.000Z Runner image: ubuntu-latest
2026-04-01T10:57:18.000Z Language: rust
2026-04-01T10:57:18.000Z pytest -m integration --maxfail=1
2026-04-01T10:57:18.000Z Error: Process timed out after 10 minutes
2026-04-01T10:57:18.000Z ##[error]The operation was canceled",2026-04-01t10:57:18.000z group run ci for spring-projects/spring-boot 2026-04-01t10:57:18.000z runner image: ubuntu-latest 2026-04-01t10:57:18.000z language: rust 2026-04-01t10:57:18.000z pytest -m integration --maxfail 1 2026-04-01t10:57:18.000z,Timeout Error,test,medium,Long-running step exceeded CI timeout threshold
"2026-04-01T14:56:53.000Z ##[group]Run CI for nodejs/node
2026-04-01T14:56:53.000Z Runner image: windows-latest
2026-04-01T14:56:53.000Z Language: go
2026-04-01T14:56:53.000Z pytest -m integration --maxfail=1
2026-04-01T14:56:53.000Z Error: Process timed out after 30 minutes
2026-04-01T14:56:53.000Z ##[error]The operation was canceled",2026-04-01t14:56:53.000z group run ci for nodejs/node 2026-04-01t14:56:53.000z runner image: windows-latest 2026-04-01t14:56:53.000z language: go 2026-04-01t14:56:53.000z pytest -m integration --maxfail 1 2026-04-01t14:56:53.000z,Timeout Error,test,medium,Long-running step exceeded CI timeout threshold
"2026-04-01T10:59:26.000Z ##[group]Run CI for tensorflow/tensorflow
2026-04-01T10:59:26.000Z Runner image: ubuntu-latest
2026-04-01T10:59:26.000Z Language: go
2026-04-01T10:59:26.000Z pytest -m integration --maxfail=1
2026-04-01T10:59:26.000Z Error: Process timed out after 10 minutes
2026-04-01T10:59:26.000Z ##[error]The operation was canceled",2026-04-01t10:59:26.000z group run ci for tensorflow/tensorflow 2026-04-01t10:59:26.000z runner image: ubuntu-latest 2026-04-01t10:59:26.000z language: go 2026-04-01t10:59:26.000z pytest -m integration --maxfail 1 2026-04-01t10:59:26.000z,Timeout Error,test,medium,Long-running step exceeded CI timeout threshold
"2026-04-01T23:00:05.000Z ##[group]Run CI for django/django
2026-04-01T23:00:05.000Z Runner image: macos-latest
2026-04-01T23:00:05.000Z Language: java
2026-04-01T23:00:05.000Z pytest -m integration --maxfail=1
2026-04-01T23:00:05.000Z Error: Process timed out after 20 minutes
2026-04-01T23:00:05.000Z ##[error]The operation was canceled",2026-04-01t23:00:05.000z group run ci for django/django 2026-04-01t23:00:05.000z runner image: macos-latest 2026-04-01t23:00:05.000z language: java 2026-04-01t23:00:05.000z pytest -m integration --maxfail 1 2026-04-01t23:00:05.000z,Timeout Error,test,medium,Long-running step exceeded CI timeout threshold
"2026-04-01T19:03:50.000Z ##[group]Run CI for vercel/next.js
2026-04-01T19:03:50.000Z Runner image: ubuntu-latest
2026-04-01T19:03:50.000Z Language: java
2026-04-01T19:03:50.000Z aws secretsmanager get-secret-value --secret-id docker-token
2026-04-01T19:03:50.000Z AccessDeniedException: User is not authorized to perform secretsmanager:GetSecretValue
2026-04-01T19:03:50.000Z ##[error]permission denied while accessing deployment secret",2026-04-01t19:03:50.000z group run ci for vercel/next.js 2026-04-01t19:03:50.000z runner image: ubuntu-latest 2026-04-01t19:03:50.000z language: java 2026-04-01t19:03:50.000z aws secretsmanager get-secret-value --secret-id docker-token 2026-04-01t19:03:50.000z,Permission Error,deploy,high,"Token, role, or filesystem permission denied"
"2026-04-01T23:08:44.000Z ##[group]Run CI for nodejs/node
2026-04-01T23:08:44.000Z Runner image: ubuntu-latest
2026-04-01T23:08:44.000Z Language: python
2026-04-01T23:08:44.000Z aws secretsmanager get-secret-value --secret-id docker-token
2026-04-01T23:08:44.000Z AccessDeniedException: User is not authorized to perform secretsmanager:GetSecretValue
2026-04-01T23:08:44.000Z ##[error]permission denied while accessing deployment secret",2026-04-01t23:08:44.000z group run ci for nodejs/node 2026-04-01t23:08:44.000z runner image: ubuntu-latest 2026-04-01t23:08:44.000z language: python 2026-04-01t23:08:44.000z aws secretsmanager get-secret-value --secret-id docker-token 2026-04-01t23:08:44.000z,Permission Error,deploy,high,"Token, role, or filesystem permission denied"
"2026-04-01T11:03:57.000Z ##[group]Run CI for nodejs/node
2026-04-01T11:03:57.000Z Runner image: macos-latest
2026-04-01T11:03:57.000Z Language: go
2026-04-01T11:03:57.000Z aws secretsmanager get-secret-value --secret-id docker-token
2026-04-01T11:03:57.000Z AccessDeniedException: User is not authorized to perform secretsmanager:GetSecretValue
2026-04-01T11:03:57.000Z ##[error]permission denied while accessing deployment secret",2026-04-01t11:03:57.000z group run ci for nodejs/node 2026-04-01t11:03:57.000z runner image: macos-latest 2026-04-01t11:03:57.000z language: go 2026-04-01t11:03:57.000z aws secretsmanager get-secret-value --secret-id docker-token 2026-04-01t11:03:57.000z,Permission Error,deploy,high,"Token, role, or filesystem permission denied"
"2026-04-01T15:08:35.000Z ##[group]Run CI for tensorflow/tensorflow
2026-04-01T15:08:35.000Z Runner image: ubuntu-latest
2026-04-01T15:08:35.000Z Language: java
2026-04-01T15:08:35.000Z aws secretsmanager get-secret-value --secret-id docker-token
2026-04-01T15:08:35.000Z AccessDeniedException: User is not authorized to perform secretsmanager:GetSecretValue
2026-04-01T15:08:35.000Z ##[error]permission denied while accessing deployment secret",2026-04-01t15:08:35.000z group run ci for tensorflow/tensorflow 2026-04-01t15:08:35.000z runner image: ubuntu-latest 2026-04-01t15:08:35.000z language: java 2026-04-01t15:08:35.000z aws secretsmanager get-secret-value --secret-id docker-token 2026-04-01t15:08:35.000z,Permission Error,deploy,high,"Token, role, or filesystem permission denied"
"2026-04-01T19:15:15.000Z ##[group]Run CI for angular/angular
2026-04-01T19:15:15.000Z Runner image: macos-latest
2026-04-01T19:15:15.000Z Language: go
2026-04-01T19:15:15.000Z aws secretsmanager get-secret-value --secret-id docker-token
2026-04-01T19:15:15.000Z AccessDeniedException: User is not authorized to perform secretsmanager:GetSecretValue
2026-04-01T19:15:15.000Z ##[error]permission denied while accessing deployment secret",2026-04-01t19:15:15.000z group run ci for angular/angular 2026-04-01t19:15:15.000z runner image: macos-latest 2026-04-01t19:15:15.000z language: go 2026-04-01t19:15:15.000z aws secretsmanager get-secret-value --secret-id docker-token 2026-04-01t19:15:15.000z,Permission Error,deploy,high,"Token, role, or filesystem permission denied"
"2026-04-01T23:24:40.000Z ##[group]Run CI for microsoft/vscode
2026-04-01T23:24:40.000Z Runner image: ubuntu-latest
2026-04-01T23:24:40.000Z Language: python
2026-04-01T23:24:40.000Z aws secretsmanager get-secret-value --secret-id docker-token
2026-04-01T23:24:40.000Z AccessDeniedException: User is not authorized to perform secretsmanager:GetSecretValue
2026-04-01T23:24:40.000Z ##[error]permission denied while accessing deployment secret",2026-04-01t23:24:40.000z group run ci for microsoft/vscode 2026-04-01t23:24:40.000z runner image: ubuntu-latest 2026-04-01t23:24:40.000z language: python 2026-04-01t23:24:40.000z aws secretsmanager get-secret-value --secret-id docker-token 2026-04-01t23:24:40.000z,Permission Error,deploy,high,"Token, role, or filesystem permission denied"
"2026-04-01T23:28:38.000Z ##[group]Run CI for angular/angular
2026-04-01T23:28:38.000Z Runner image: windows-latest
2026-04-01T23:28:38.000Z Language: python
2026-04-01T23:28:38.000Z aws secretsmanager get-secret-value --secret-id docker-token
2026-04-01T23:28:38.000Z AccessDeniedException: User is not authorized to perform secretsmanager:GetSecretValue
2026-04-01T23:28:38.000Z ##[error]permission denied while accessing deployment secret",2026-04-01t23:28:38.000z group run ci for angular/angular 2026-04-01t23:28:38.000z runner image: windows-latest 2026-04-01t23:28:38.000z language: python 2026-04-01t23:28:38.000z aws secretsmanager get-secret-value --secret-id docker-token 2026-04-01t23:28:38.000z,Permission Error,deploy,high,"Token, role, or filesystem permission denied"
"2026-04-01T15:16:45.000Z ##[group]Run CI for spring-projects/spring-boot
2026-04-01T15:16:45.000Z Runner image: ubuntu-latest
2026-04-01T15:16:45.000Z Language: rust
2026-04-01T15:16:45.000Z aws secretsmanager get-secret-value --secret-id docker-token
2026-04-01T15:16:45.000Z AccessDeniedException: User is not authorized to perform secretsmanager:GetSecretValue
2026-04-01T15:16:45.000Z ##[error]permission denied while accessing deployment secret",2026-04-01t15:16:45.000z group run ci for spring-projects/spring-boot 2026-04-01t15:16:45.000z runner image: ubuntu-latest 2026-04-01t15:16:45.000z language: rust 2026-04-01t15:16:45.000z aws secretsmanager get-secret-value --secret-id docker-token 2026-04-01t15:16:45.000z,Permission Error,deploy,high,"Token, role, or filesystem permission denied"
"2026-04-01T19:27:15.000Z ##[group]Run CI for nodejs/node
2026-04-01T19:27:15.000Z Runner image: windows-latest
2026-04-01T19:27:15.000Z Language: go
2026-04-01T19:27:15.000Z aws secretsmanager get-secret-value --secret-id docker-token
2026-04-01T19:27:15.000Z AccessDeniedException: User is not authorized to perform secretsmanager:GetSecretValue
2026-04-01T19:27:15.000Z ##[error]permission denied while accessing deployment secret",2026-04-01t19:27:15.000z group run ci for nodejs/node 2026-04-01t19:27:15.000z runner image: windows-latest 2026-04-01t19:27:15.000z language: go 2026-04-01t19:27:15.000z aws secretsmanager get-secret-value --secret-id docker-token 2026-04-01t19:27:15.000z,Permission Error,deploy,high,"Token, role, or filesystem permission denied"
"2026-04-01T11:10:33.000Z ##[group]Run CI for angular/angular
2026-04-01T11:10:33.000Z Runner image: windows-latest
2026-04-01T11:10:33.000Z Language: node
2026-04-01T11:10:33.000Z aws secretsmanager get-secret-value --secret-id docker-token
2026-04-01T11:10:33.000Z AccessDeniedException: User is not authorized to perform secretsmanager:GetSecretValue
2026-04-01T11:10:33.000Z ##[error]permission denied while accessing deployment secret",2026-04-01t11:10:33.000z group run ci for angular/angular 2026-04-01t11:10:33.000z runner image: windows-latest 2026-04-01t11:10:33.000z language: node 2026-04-01t11:10:33.000z aws secretsmanager get-secret-value --secret-id docker-token 2026-04-01t11:10:33.000z,Permission Error,deploy,high,"Token, role, or filesystem permission denied"
"2026-04-01T11:11:24.000Z ##[group]Run CI for pytorch/pytorch
2026-04-01T11:11:24.000Z Runner image: ubuntu-latest
2026-04-01T11:11:24.000Z Language: rust
2026-04-01T11:11:24.000Z aws secretsmanager get-secret-value --secret-id docker-token
2026-04-01T11:11:24.000Z AccessDeniedException: User is not authorized to perform secretsmanager:GetSecretValue
2026-04-01T11:11:24.000Z ##[error]permission denied while accessing deployment secret",2026-04-01t11:11:24.000z group run ci for pytorch/pytorch 2026-04-01t11:11:24.000z runner image: ubuntu-latest 2026-04-01t11:11:24.000z language: rust 2026-04-01t11:11:24.000z aws secretsmanager get-secret-value --secret-id docker-token 2026-04-01t11:11:24.000z,Permission Error,deploy,high,"Token, role, or filesystem permission denied"
"2026-04-01T19:36:47.000Z ##[group]Run CI for apache/spark
2026-04-01T19:36:47.000Z Runner image: ubuntu-latest
2026-04-01T19:36:47.000Z Language: go
2026-04-01T19:36:47.000Z aws secretsmanager get-secret-value --secret-id docker-token
2026-04-01T19:36:47.000Z AccessDeniedException: User is not authorized to perform secretsmanager:GetSecretValue
2026-04-01T19:36:47.000Z ##[error]permission denied while accessing deployment secret",2026-04-01t19:36:47.000z group run ci for apache/spark 2026-04-01t19:36:47.000z runner image: ubuntu-latest 2026-04-01t19:36:47.000z language: go 2026-04-01t19:36:47.000z aws secretsmanager get-secret-value --secret-id docker-token 2026-04-01t19:36:47.000z,Permission Error,deploy,high,"Token, role, or filesystem permission denied"
"2026-04-01T15:26:46.000Z ##[group]Run CI for facebook/react
2026-04-01T15:26:46.000Z Runner image: windows-latest
2026-04-01T15:26:46.000Z Language: python
2026-04-01T15:26:46.000Z aws secretsmanager get-secret-value --secret-id docker-token
2026-04-01T15:26:46.000Z AccessDeniedException: User is not authorized to perform secretsmanager:GetSecretValue
2026-04-01T15:26:46.000Z ##[error]permission denied while accessing deployment secret",2026-04-01t15:26:46.000z group run ci for facebook/react 2026-04-01t15:26:46.000z runner image: windows-latest 2026-04-01t15:26:46.000z language: python 2026-04-01t15:26:46.000z aws secretsmanager get-secret-value --secret-id docker-token 2026-04-01t15:26:46.000z,Permission Error,deploy,high,"Token, role, or filesystem permission denied"
"2026-04-01T11:14:22.000Z ##[group]Run CI for tensorflow/tensorflow
2026-04-01T11:14:22.000Z Runner image: macos-latest
2026-04-01T11:14:22.000Z Language: java
2026-04-01T11:14:22.000Z aws secretsmanager get-secret-value --secret-id docker-token
2026-04-01T11:14:22.000Z AccessDeniedException: User is not authorized to perform secretsmanager:GetSecretValue
2026-04-01T11:14:22.000Z ##[error]permission denied while accessing deployment secret",2026-04-01t11:14:22.000z group run ci for tensorflow/tensorflow 2026-04-01t11:14:22.000z runner image: macos-latest 2026-04-01t11:14:22.000z language: java 2026-04-01t11:14:22.000z aws secretsmanager get-secret-value --secret-id docker-token 2026-04-01t11:14:22.000z,Permission Error,deploy,high,"Token, role, or filesystem permission denied"
"2026-04-02T00:00:44.000Z ##[group]Run CI for spring-projects/spring-boot
2026-04-02T00:00:44.000Z Runner image: windows-latest
2026-04-02T00:00:44.000Z Language: node
2026-04-02T00:00:44.000Z aws secretsmanager get-secret-value --secret-id docker-token
2026-04-02T00:00:44.000Z AccessDeniedException: User is not authorized to perform secretsmanager:GetSecretValue
2026-04-02T00:00:44.000Z ##[error]permission denied while accessing deployment secret",2026-04-02t00:00:44.000z group run ci for spring-projects/spring-boot 2026-04-02t00:00:44.000z runner image: windows-latest 2026-04-02t00:00:44.000z language: node 2026-04-02t00:00:44.000z aws secretsmanager get-secret-value --secret-id docker-token 2026-04-02t00:00:44.000z,Permission Error,deploy,high,"Token, role, or filesystem permission denied"
"2026-04-01T15:32:04.000Z ##[group]Run CI for apache/spark
2026-04-01T15:32:04.000Z Runner image: macos-latest
2026-04-01T15:32:04.000Z Language: node
2026-04-01T15:32:04.000Z aws secretsmanager get-secret-value --secret-id docker-token
2026-04-01T15:32:04.000Z AccessDeniedException: User is not authorized to perform secretsmanager:GetSecretValue
2026-04-01T15:32:04.000Z ##[error]permission denied while accessing deployment secret",2026-04-01t15:32:04.000z group run ci for apache/spark 2026-04-01t15:32:04.000z runner image: macos-latest 2026-04-01t15:32:04.000z language: node 2026-04-01t15:32:04.000z aws secretsmanager get-secret-value --secret-id docker-token 2026-04-01t15:32:04.000z,Permission Error,deploy,high,"Token, role, or filesystem permission denied"
"2026-04-01T11:17:50.000Z ##[group]Run CI for apache/spark
2026-04-01T11:17:50.000Z Runner image: ubuntu-latest
2026-04-01T11:17:50.000Z Language: java
2026-04-01T11:17:50.000Z aws secretsmanager get-secret-value --secret-id docker-token
2026-04-01T11:17:50.000Z AccessDeniedException: User is not authorized to perform secretsmanager:GetSecretValue
2026-04-01T11:17:50.000Z ##[error]permission denied while accessing deployment secret",2026-04-01t11:17:50.000z group run ci for apache/spark 2026-04-01t11:17:50.000z runner image: ubuntu-latest 2026-04-01t11:17:50.000z language: java 2026-04-01t11:17:50.000z aws secretsmanager get-secret-value --secret-id docker-token 2026-04-01t11:17:50.000z,Permission Error,deploy,high,"Token, role, or filesystem permission denied"
"2026-04-02T00:12:52.000Z ##[group]Run CI for vercel/next.js
2026-04-02T00:12:52.000Z Runner image: ubuntu-latest
2026-04-02T00:12:52.000Z Language: java
2026-04-02T00:12:52.000Z aws secretsmanager get-secret-value --secret-id docker-token
2026-04-02T00:12:52.000Z AccessDeniedException: User is not authorized to perform secretsmanager:GetSecretValue
2026-04-02T00:12:52.000Z ##[error]permission denied while accessing deployment secret",2026-04-02t00:12:52.000z group run ci for vercel/next.js 2026-04-02t00:12:52.000z runner image: ubuntu-latest 2026-04-02t00:12:52.000z language: java 2026-04-02t00:12:52.000z aws secretsmanager get-secret-value --secret-id docker-token 2026-04-02t00:12:52.000z,Permission Error,deploy,high,"Token, role, or filesystem permission denied"
"2026-04-01T15:38:18.000Z ##[group]Run CI for spring-projects/spring-boot
2026-04-01T15:38:18.000Z Runner image: windows-latest
2026-04-01T15:38:18.000Z Language: java
2026-04-01T15:38:18.000Z aws secretsmanager get-secret-value --secret-id docker-token
2026-04-01T15:38:18.000Z AccessDeniedException: User is not authorized to perform secretsmanager:GetSecretValue
2026-04-01T15:38:18.000Z ##[error]permission denied while accessing deployment secret",2026-04-01t15:38:18.000z group run ci for spring-projects/spring-boot 2026-04-01t15:38:18.000z runner image: windows-latest 2026-04-01t15:38:18.000z language: java 2026-04-01t15:38:18.000z aws secretsmanager get-secret-value --secret-id docker-token 2026-04-01t15:38:18.000z,Permission Error,deploy,high,"Token, role, or filesystem permission denied"
"2026-04-01T11:20:51.000Z ##[group]Run CI for pytorch/pytorch
2026-04-01T11:20:51.000Z Runner image: ubuntu-latest
2026-04-01T11:20:51.000Z Language: java
2026-04-01T11:20:51.000Z aws secretsmanager get-secret-value --secret-id docker-token
2026-04-01T11:20:51.000Z AccessDeniedException: User is not authorized to perform secretsmanager:GetSecretValue
2026-04-01T11:20:51.000Z ##[error]permission denied while accessing deployment secret",2026-04-01t11:20:51.000z group run ci for pytorch/pytorch 2026-04-01t11:20:51.000z runner image: ubuntu-latest 2026-04-01t11:20:51.000z language: java 2026-04-01t11:20:51.000z aws secretsmanager get-secret-value --secret-id docker-token 2026-04-01t11:20:51.000z,Permission Error,deploy,high,"Token, role, or filesystem permission denied"
"2026-04-02T00:24:57.000Z ##[group]Run CI for pytorch/pytorch
2026-04-02T00:24:57.000Z Runner image: windows-latest
2026-04-02T00:24:57.000Z Language: go
2026-04-02T00:24:57.000Z aws secretsmanager get-secret-value --secret-id docker-token
2026-04-02T00:24:57.000Z AccessDeniedException: User is not authorized to perform secretsmanager:GetSecretValue
2026-04-02T00:24:57.000Z ##[error]permission denied while accessing deployment secret",2026-04-02t00:24:57.000z group run ci for pytorch/pytorch 2026-04-02t00:24:57.000z runner image: windows-latest 2026-04-02t00:24:57.000z language: go 2026-04-02t00:24:57.000z aws secretsmanager get-secret-value --secret-id docker-token 2026-04-02t00:24:57.000z,Permission Error,deploy,high,"Token, role, or filesystem permission denied"
"2026-04-02T00:28:23.000Z ##[group]Run CI for django/django
2026-04-02T00:28:23.000Z Runner image: windows-latest
2026-04-02T00:28:23.000Z Language: node
2026-04-02T00:28:23.000Z aws secretsmanager get-secret-value --secret-id docker-token
2026-04-02T00:28:23.000Z AccessDeniedException: User is not authorized to perform secretsmanager:GetSecretValue
2026-04-02T00:28:23.000Z ##[error]permission denied while accessing deployment secret",2026-04-02t00:28:23.000z group run ci for django/django 2026-04-02t00:28:23.000z runner image: windows-latest 2026-04-02t00:28:23.000z language: node 2026-04-02t00:28:23.000z aws secretsmanager get-secret-value --secret-id docker-token 2026-04-02t00:28:23.000z,Permission Error,deploy,high,"Token, role, or filesystem permission denied"
"2026-04-02T00:32:05.000Z ##[group]Run CI for spring-projects/spring-boot
2026-04-02T00:32:05.000Z Runner image: windows-latest
2026-04-02T00:32:05.000Z Language: python
2026-04-02T00:32:05.000Z aws secretsmanager get-secret-value --secret-id docker-token
2026-04-02T00:32:05.000Z AccessDeniedException: User is not authorized to perform secretsmanager:GetSecretValue
2026-04-02T00:32:05.000Z ##[error]permission denied while accessing deployment secret",2026-04-02t00:32:05.000z group run ci for spring-projects/spring-boot 2026-04-02t00:32:05.000z runner image: windows-latest 2026-04-02t00:32:05.000z language: python 2026-04-02t00:32:05.000z aws secretsmanager get-secret-value --secret-id docker-token 2026-04-02t00:32:05.000z,Permission Error,deploy,high,"Token, role, or filesystem permission denied"
"2026-04-01T20:12:20.000Z ##[group]Run CI for django/django
2026-04-01T20:12:20.000Z Runner image: macos-latest
2026-04-01T20:12:20.000Z Language: node
2026-04-01T20:12:20.000Z aws secretsmanager get-secret-value --secret-id docker-token
2026-04-01T20:12:20.000Z AccessDeniedException: User is not authorized to perform secretsmanager:GetSecretValue
2026-04-01T20:12:20.000Z ##[error]permission denied while accessing deployment secret",2026-04-01t20:12:20.000z group run ci for django/django 2026-04-01t20:12:20.000z runner image: macos-latest 2026-04-01t20:12:20.000z language: node 2026-04-01t20:12:20.000z aws secretsmanager get-secret-value --secret-id docker-token 2026-04-01t20:12:20.000z,Permission Error,deploy,high,"Token, role, or filesystem permission denied"
"2026-04-01T20:15:19.000Z ##[group]Run CI for tensorflow/tensorflow
2026-04-01T20:15:19.000Z Runner image: ubuntu-latest
2026-04-01T20:15:19.000Z Language: java
2026-04-01T20:15:19.000Z aws secretsmanager get-secret-value --secret-id docker-token
2026-04-01T20:15:19.000Z AccessDeniedException: User is not authorized to perform secretsmanager:GetSecretValue
2026-04-01T20:15:19.000Z ##[error]permission denied while accessing deployment secret",2026-04-01t20:15:19.000z group run ci for tensorflow/tensorflow 2026-04-01t20:15:19.000z runner image: ubuntu-latest 2026-04-01t20:15:19.000z language: java 2026-04-01t20:15:19.000z aws secretsmanager get-secret-value --secret-id docker-token 2026-04-01t20:15:19.000z,Permission Error,deploy,high,"Token, role, or filesystem permission denied"
"2026-04-02T00:44:22.000Z ##[group]Run CI for apache/spark
2026-04-02T00:44:22.000Z Runner image: macos-latest
2026-04-02T00:44:22.000Z Language: go
2026-04-02T00:44:22.000Z aws secretsmanager get-secret-value --secret-id docker-token
2026-04-02T00:44:22.000Z AccessDeniedException: User is not authorized to perform secretsmanager:GetSecretValue
2026-04-02T00:44:22.000Z ##[error]permission denied while accessing deployment secret",2026-04-02t00:44:22.000z group run ci for apache/spark 2026-04-02t00:44:22.000z runner image: macos-latest 2026-04-02t00:44:22.000z language: go 2026-04-02t00:44:22.000z aws secretsmanager get-secret-value --secret-id docker-token 2026-04-02t00:44:22.000z,Permission Error,deploy,high,"Token, role, or filesystem permission denied"
"2026-04-02T00:48:17.000Z ##[group]Run CI for apache/spark
2026-04-02T00:48:17.000Z Runner image: ubuntu-latest
2026-04-02T00:48:17.000Z Language: java
2026-04-02T00:48:17.000Z aws secretsmanager get-secret-value --secret-id docker-token
2026-04-02T00:48:17.000Z AccessDeniedException: User is not authorized to perform secretsmanager:GetSecretValue
2026-04-02T00:48:17.000Z ##[error]permission denied while accessing deployment secret",2026-04-02t00:48:17.000z group run ci for apache/spark 2026-04-02t00:48:17.000z runner image: ubuntu-latest 2026-04-02t00:48:17.000z language: java 2026-04-02t00:48:17.000z aws secretsmanager get-secret-value --secret-id docker-token 2026-04-02t00:48:17.000z,Permission Error,deploy,high,"Token, role, or filesystem permission denied"
"2026-04-01T15:56:01.000Z ##[group]Run CI for facebook/react
2026-04-01T15:56:01.000Z Runner image: ubuntu-latest
2026-04-01T15:56:01.000Z Language: go
2026-04-01T15:56:01.000Z aws secretsmanager get-secret-value --secret-id docker-token
2026-04-01T15:56:01.000Z AccessDeniedException: User is not authorized to perform secretsmanager:GetSecretValue
2026-04-01T15:56:01.000Z ##[error]permission denied while accessing deployment secret",2026-04-01t15:56:01.000z group run ci for facebook/react 2026-04-01t15:56:01.000z runner image: ubuntu-latest 2026-04-01t15:56:01.000z language: go 2026-04-01t15:56:01.000z aws secretsmanager get-secret-value --secret-id docker-token 2026-04-01t15:56:01.000z,Permission Error,deploy,high,"Token, role, or filesystem permission denied"
"2026-04-01T15:58:04.000Z ##[group]Run CI for nodejs/node
2026-04-01T15:58:04.000Z Runner image: macos-latest
2026-04-01T15:58:04.000Z Language: go
2026-04-01T15:58:04.000Z aws secretsmanager get-secret-value --secret-id docker-token
2026-04-01T15:58:04.000Z AccessDeniedException: User is not authorized to perform secretsmanager:GetSecretValue
2026-04-01T15:58:04.000Z ##[error]permission denied while accessing deployment secret",2026-04-01t15:58:04.000z group run ci for nodejs/node 2026-04-01t15:58:04.000z runner image: macos-latest 2026-04-01t15:58:04.000z language: go 2026-04-01t15:58:04.000z aws secretsmanager get-secret-value --secret-id docker-token 2026-04-01t15:58:04.000z,Permission Error,deploy,high,"Token, role, or filesystem permission denied"
"2026-04-02T01:00:36.000Z ##[group]Run CI for vercel/next.js
2026-04-02T01:00:36.000Z Runner image: macos-latest
2026-04-02T01:00:36.000Z Language: java
2026-04-02T01:00:36.000Z aws secretsmanager get-secret-value --secret-id docker-token
2026-04-02T01:00:36.000Z AccessDeniedException: User is not authorized to perform secretsmanager:GetSecretValue
2026-04-02T01:00:36.000Z ##[error]permission denied while accessing deployment secret",2026-04-02t01:00:36.000z group run ci for vercel/next.js 2026-04-02t01:00:36.000z runner image: macos-latest 2026-04-02t01:00:36.000z language: java 2026-04-02t01:00:36.000z aws secretsmanager get-secret-value --secret-id docker-token 2026-04-02t01:00:36.000z,Permission Error,deploy,high,"Token, role, or filesystem permission denied"
"2026-04-02T01:04:23.000Z ##[group]Run CI for facebook/react
2026-04-02T01:04:23.000Z Runner image: macos-latest
2026-04-02T01:04:23.000Z Language: node
2026-04-02T01:04:23.000Z aws secretsmanager get-secret-value --secret-id docker-token
2026-04-02T01:04:23.000Z AccessDeniedException: User is not authorized to perform secretsmanager:GetSecretValue
2026-04-02T01:04:23.000Z ##[error]permission denied while accessing deployment secret",2026-04-02t01:04:23.000z group run ci for facebook/react 2026-04-02t01:04:23.000z runner image: macos-latest 2026-04-02t01:04:23.000z language: node 2026-04-02t01:04:23.000z aws secretsmanager get-secret-value --secret-id docker-token 2026-04-02t01:04:23.000z,Permission Error,deploy,high,"Token, role, or filesystem permission denied"
"2026-04-01T16:04:33.000Z ##[group]Run CI for pytorch/pytorch
2026-04-01T16:04:33.000Z Runner image: windows-latest
2026-04-01T16:04:33.000Z Language: python
2026-04-01T16:04:33.000Z aws secretsmanager get-secret-value --secret-id docker-token
2026-04-01T16:04:33.000Z AccessDeniedException: User is not authorized to perform secretsmanager:GetSecretValue
2026-04-01T16:04:33.000Z ##[error]permission denied while accessing deployment secret",2026-04-01t16:04:33.000z group run ci for pytorch/pytorch 2026-04-01t16:04:33.000z runner image: windows-latest 2026-04-01t16:04:33.000z language: python 2026-04-01t16:04:33.000z aws secretsmanager get-secret-value --secret-id docker-token 2026-04-01t16:04:33.000z,Permission Error,deploy,high,"Token, role, or filesystem permission denied"
"2026-04-01T20:39:15.000Z ##[group]Run CI for pytorch/pytorch
2026-04-01T20:39:15.000Z Runner image: windows-latest
2026-04-01T20:39:15.000Z Language: java
2026-04-01T20:39:15.000Z aws secretsmanager get-secret-value --secret-id docker-token
2026-04-01T20:39:15.000Z AccessDeniedException: User is not authorized to perform secretsmanager:GetSecretValue
2026-04-01T20:39:15.000Z ##[error]permission denied while accessing deployment secret",2026-04-01t20:39:15.000z group run ci for pytorch/pytorch 2026-04-01t20:39:15.000z runner image: windows-latest 2026-04-01t20:39:15.000z language: java 2026-04-01t20:39:15.000z aws secretsmanager get-secret-value --secret-id docker-token 2026-04-01t20:39:15.000z,Permission Error,deploy,high,"Token, role, or filesystem permission denied"
"2026-04-02T01:16:58.000Z ##[group]Run CI for tensorflow/tensorflow
2026-04-02T01:16:58.000Z Runner image: ubuntu-latest
2026-04-02T01:16:58.000Z Language: node
2026-04-02T01:16:58.000Z aws secretsmanager get-secret-value --secret-id docker-token
2026-04-02T01:16:58.000Z AccessDeniedException: User is not authorized to perform secretsmanager:GetSecretValue
2026-04-02T01:16:58.000Z ##[error]permission denied while accessing deployment secret",2026-04-02t01:16:58.000z group run ci for tensorflow/tensorflow 2026-04-02t01:16:58.000z runner image: ubuntu-latest 2026-04-02t01:16:58.000z language: node 2026-04-02t01:16:58.000z aws secretsmanager get-secret-value --secret-id docker-token 2026-04-02t01:16:58.000z,Permission Error,deploy,high,"Token, role, or filesystem permission denied"
"2026-04-01T20:45:45.000Z ##[group]Run CI for spring-projects/spring-boot
2026-04-01T20:45:45.000Z Runner image: ubuntu-latest
2026-04-01T20:45:45.000Z Language: java
2026-04-01T20:45:45.000Z aws secretsmanager get-secret-value --secret-id docker-token
2026-04-01T20:45:45.000Z AccessDeniedException: User is not authorized to perform secretsmanager:GetSecretValue
2026-04-01T20:45:45.000Z ##[error]permission denied while accessing deployment secret",2026-04-01t20:45:45.000z group run ci for spring-projects/spring-boot 2026-04-01t20:45:45.000z runner image: ubuntu-latest 2026-04-01t20:45:45.000z language: java 2026-04-01t20:45:45.000z aws secretsmanager get-secret-value --secret-id docker-token 2026-04-01t20:45:45.000z,Permission Error,deploy,high,"Token, role, or filesystem permission denied"
"2026-04-02T01:24:12.000Z ##[group]Run CI for apache/spark
2026-04-02T01:24:12.000Z Runner image: ubuntu-latest
2026-04-02T01:24:12.000Z Language: rust
2026-04-02T01:24:12.000Z aws secretsmanager get-secret-value --secret-id docker-token
2026-04-02T01:24:12.000Z AccessDeniedException: User is not authorized to perform secretsmanager:GetSecretValue
2026-04-02T01:24:12.000Z ##[error]permission denied while accessing deployment secret",2026-04-02t01:24:12.000z group run ci for apache/spark 2026-04-02t01:24:12.000z runner image: ubuntu-latest 2026-04-02t01:24:12.000z language: rust 2026-04-02t01:24:12.000z aws secretsmanager get-secret-value --secret-id docker-token 2026-04-02t01:24:12.000z,Permission Error,deploy,high,"Token, role, or filesystem permission denied"
"2026-04-01T16:14:57.000Z ##[group]Run CI for tensorflow/tensorflow
2026-04-01T16:14:57.000Z Runner image: ubuntu-latest
2026-04-01T16:14:57.000Z Language: python
2026-04-01T16:14:57.000Z aws secretsmanager get-secret-value --secret-id docker-token
2026-04-01T16:14:57.000Z AccessDeniedException: User is not authorized to perform secretsmanager:GetSecretValue
2026-04-01T16:14:57.000Z ##[error]permission denied while accessing deployment secret",2026-04-01t16:14:57.000z group run ci for tensorflow/tensorflow 2026-04-01t16:14:57.000z runner image: ubuntu-latest 2026-04-01t16:14:57.000z language: python 2026-04-01t16:14:57.000z aws secretsmanager get-secret-value --secret-id docker-token 2026-04-01t16:14:57.000z,Permission Error,deploy,high,"Token, role, or filesystem permission denied"
"2026-04-01T20:54:45.000Z ##[group]Run CI for apache/spark
2026-04-01T20:54:45.000Z Runner image: ubuntu-latest
2026-04-01T20:54:45.000Z Language: java
2026-04-01T20:54:45.000Z aws secretsmanager get-secret-value --secret-id docker-token
2026-04-01T20:54:45.000Z AccessDeniedException: User is not authorized to perform secretsmanager:GetSecretValue
2026-04-01T20:54:45.000Z ##[error]permission denied while accessing deployment secret",2026-04-01t20:54:45.000z group run ci for apache/spark 2026-04-01t20:54:45.000z runner image: ubuntu-latest 2026-04-01t20:54:45.000z language: java 2026-04-01t20:54:45.000z aws secretsmanager get-secret-value --secret-id docker-token 2026-04-01t20:54:45.000z,Permission Error,deploy,high,"Token, role, or filesystem permission denied"
"2026-04-01T20:57:54.000Z ##[group]Run CI for tensorflow/tensorflow
2026-04-01T20:57:54.000Z Runner image: macos-latest
2026-04-01T20:57:54.000Z Language: rust
2026-04-01T20:57:54.000Z aws secretsmanager get-secret-value --secret-id docker-token
2026-04-01T20:57:54.000Z AccessDeniedException: User is not authorized to perform secretsmanager:GetSecretValue
2026-04-01T20:57:54.000Z ##[error]permission denied while accessing deployment secret",2026-04-01t20:57:54.000z group run ci for tensorflow/tensorflow 2026-04-01t20:57:54.000z runner image: macos-latest 2026-04-01t20:57:54.000z language: rust 2026-04-01t20:57:54.000z aws secretsmanager get-secret-value --secret-id docker-token 2026-04-01t20:57:54.000z,Permission Error,deploy,high,"Token, role, or filesystem permission denied"
"2026-04-01T21:00:32.000Z ##[group]Run CI for nodejs/node
2026-04-01T21:00:32.000Z Runner image: macos-latest
2026-04-01T21:00:32.000Z Language: node
2026-04-01T21:00:32.000Z aws secretsmanager get-secret-value --secret-id docker-token
2026-04-01T21:00:32.000Z AccessDeniedException: User is not authorized to perform secretsmanager:GetSecretValue
2026-04-01T21:00:32.000Z ##[error]permission denied while accessing deployment secret",2026-04-01t21:00:32.000z group run ci for nodejs/node 2026-04-01t21:00:32.000z runner image: macos-latest 2026-04-01t21:00:32.000z language: node 2026-04-01t21:00:32.000z aws secretsmanager get-secret-value --secret-id docker-token 2026-04-01t21:00:32.000z,Permission Error,deploy,high,"Token, role, or filesystem permission denied"
"2026-04-01T16:22:15.000Z ##[group]Run CI for vercel/next.js
2026-04-01T16:22:15.000Z Runner image: ubuntu-latest
2026-04-01T16:22:15.000Z Language: node
2026-04-01T16:22:15.000Z aws secretsmanager get-secret-value --secret-id docker-token
2026-04-01T16:22:15.000Z AccessDeniedException: User is not authorized to perform secretsmanager:GetSecretValue
2026-04-01T16:22:15.000Z ##[error]permission denied while accessing deployment secret",2026-04-01t16:22:15.000z group run ci for vercel/next.js 2026-04-01t16:22:15.000z runner image: ubuntu-latest 2026-04-01t16:22:15.000z language: node 2026-04-01t16:22:15.000z aws secretsmanager get-secret-value --secret-id docker-token 2026-04-01t16:22:15.000z,Permission Error,deploy,high,"Token, role, or filesystem permission denied"
"2026-04-01T21:06:29.000Z ##[group]Run CI for apache/spark
2026-04-01T21:06:29.000Z Runner image: ubuntu-latest
2026-04-01T21:06:29.000Z Language: java
2026-04-01T21:06:29.000Z aws secretsmanager get-secret-value --secret-id docker-token
2026-04-01T21:06:29.000Z AccessDeniedException: User is not authorized to perform secretsmanager:GetSecretValue
2026-04-01T21:06:29.000Z ##[error]permission denied while accessing deployment secret",2026-04-01t21:06:29.000z group run ci for apache/spark 2026-04-01t21:06:29.000z runner image: ubuntu-latest 2026-04-01t21:06:29.000z language: java 2026-04-01t21:06:29.000z aws secretsmanager get-secret-value --secret-id docker-token 2026-04-01t21:06:29.000z,Permission Error,deploy,high,"Token, role, or filesystem permission denied"
"2026-04-01T11:43:19.000Z ##[group]Run CI for spring-projects/spring-boot
2026-04-01T11:43:19.000Z Runner image: ubuntu-latest
2026-04-01T11:43:19.000Z Language: rust
2026-04-01T11:43:19.000Z aws secretsmanager get-secret-value --secret-id docker-token
2026-04-01T11:43:19.000Z AccessDeniedException: User is not authorized to perform secretsmanager:GetSecretValue
2026-04-01T11:43:19.000Z ##[error]permission denied while accessing deployment secret",2026-04-01t11:43:19.000z group run ci for spring-projects/spring-boot 2026-04-01t11:43:19.000z runner image: ubuntu-latest 2026-04-01t11:43:19.000z language: rust 2026-04-01t11:43:19.000z aws secretsmanager get-secret-value --secret-id docker-token 2026-04-01t11:43:19.000z,Permission Error,deploy,high,"Token, role, or filesystem permission denied"
"2026-04-02T01:56:49.000Z ##[group]Run CI for django/django
2026-04-02T01:56:49.000Z Runner image: macos-latest
2026-04-02T01:56:49.000Z Language: go
2026-04-02T01:56:49.000Z aws secretsmanager get-secret-value --secret-id docker-token
2026-04-02T01:56:49.000Z AccessDeniedException: User is not authorized to perform secretsmanager:GetSecretValue
2026-04-02T01:56:49.000Z ##[error]permission denied while accessing deployment secret",2026-04-02t01:56:49.000z group run ci for django/django 2026-04-02t01:56:49.000z runner image: macos-latest 2026-04-02t01:56:49.000z language: go 2026-04-02t01:56:49.000z aws secretsmanager get-secret-value --secret-id docker-token 2026-04-02t01:56:49.000z,Permission Error,deploy,high,"Token, role, or filesystem permission denied"
"2026-04-01T21:15:41.000Z ##[group]Run CI for django/django
2026-04-01T21:15:41.000Z Runner image: macos-latest
2026-04-01T21:15:41.000Z Language: python
2026-04-01T21:15:41.000Z aws secretsmanager get-secret-value --secret-id docker-token
2026-04-01T21:15:41.000Z AccessDeniedException: User is not authorized to perform secretsmanager:GetSecretValue
2026-04-01T21:15:41.000Z ##[error]permission denied while accessing deployment secret",2026-04-01t21:15:41.000z group run ci for django/django 2026-04-01t21:15:41.000z runner image: macos-latest 2026-04-01t21:15:41.000z language: python 2026-04-01t21:15:41.000z aws secretsmanager get-secret-value --secret-id docker-token 2026-04-01t21:15:41.000z,Permission Error,deploy,high,"Token, role, or filesystem permission denied"
"2026-04-01T21:18:08.000Z ##[group]Run CI for tensorflow/tensorflow
2026-04-01T21:18:08.000Z Runner image: windows-latest
2026-04-01T21:18:08.000Z Language: go
2026-04-01T21:18:08.000Z aws secretsmanager get-secret-value --secret-id docker-token
2026-04-01T21:18:08.000Z AccessDeniedException: User is not authorized to perform secretsmanager:GetSecretValue
2026-04-01T21:18:08.000Z ##[error]permission denied while accessing deployment secret",2026-04-01t21:18:08.000z group run ci for tensorflow/tensorflow 2026-04-01t21:18:08.000z runner image: windows-latest 2026-04-01t21:18:08.000z language: go 2026-04-01t21:18:08.000z aws secretsmanager get-secret-value --secret-id docker-token 2026-04-01t21:18:08.000z,Permission Error,deploy,high,"Token, role, or filesystem permission denied"
"2026-04-01T16:34:27.000Z ##[group]Run CI for spring-projects/spring-boot
2026-04-01T16:34:27.000Z Runner image: macos-latest
2026-04-01T16:34:27.000Z Language: rust
2026-04-01T16:34:27.000Z aws secretsmanager get-secret-value --secret-id docker-token
2026-04-01T16:34:27.000Z AccessDeniedException: User is not authorized to perform secretsmanager:GetSecretValue
2026-04-01T16:34:27.000Z ##[error]permission denied while accessing deployment secret",2026-04-01t16:34:27.000z group run ci for spring-projects/spring-boot 2026-04-01t16:34:27.000z runner image: macos-latest 2026-04-01t16:34:27.000z language: rust 2026-04-01t16:34:27.000z aws secretsmanager get-secret-value --secret-id docker-token 2026-04-01t16:34:27.000z,Permission Error,deploy,high,"Token, role, or filesystem permission denied"
"2026-04-01T16:36:19.000Z ##[group]Run CI for spring-projects/spring-boot
2026-04-01T16:36:19.000Z Runner image: ubuntu-latest
2026-04-01T16:36:19.000Z Language: python
2026-04-01T16:36:19.000Z aws secretsmanager get-secret-value --secret-id docker-token
2026-04-01T16:36:19.000Z AccessDeniedException: User is not authorized to perform secretsmanager:GetSecretValue
2026-04-01T16:36:19.000Z ##[error]permission denied while accessing deployment secret",2026-04-01t16:36:19.000z group run ci for spring-projects/spring-boot 2026-04-01t16:36:19.000z runner image: ubuntu-latest 2026-04-01t16:36:19.000z language: python 2026-04-01t16:36:19.000z aws secretsmanager get-secret-value --secret-id docker-token 2026-04-01t16:36:19.000z,Permission Error,deploy,high,"Token, role, or filesystem permission denied"
"2026-04-01T16:38:22.000Z ##[group]Run CI for nodejs/node
2026-04-01T16:38:22.000Z Runner image: ubuntu-latest
2026-04-01T16:38:22.000Z Language: java
2026-04-01T16:38:22.000Z aws secretsmanager get-secret-value --secret-id docker-token
2026-04-01T16:38:22.000Z AccessDeniedException: User is not authorized to perform secretsmanager:GetSecretValue
2026-04-01T16:38:22.000Z ##[error]permission denied while accessing deployment secret",2026-04-01t16:38:22.000z group run ci for nodejs/node 2026-04-01t16:38:22.000z runner image: ubuntu-latest 2026-04-01t16:38:22.000z language: java 2026-04-01t16:38:22.000z aws secretsmanager get-secret-value --secret-id docker-token 2026-04-01t16:38:22.000z,Permission Error,deploy,high,"Token, role, or filesystem permission denied"
"2026-04-01T16:40:40.000Z ##[group]Run CI for spring-projects/spring-boot
2026-04-01T16:40:40.000Z Runner image: windows-latest
2026-04-01T16:40:40.000Z Language: python
2026-04-01T16:40:40.000Z aws secretsmanager get-secret-value --secret-id docker-token
2026-04-01T16:40:40.000Z AccessDeniedException: User is not authorized to perform secretsmanager:GetSecretValue
2026-04-01T16:40:40.000Z ##[error]permission denied while accessing deployment secret",2026-04-01t16:40:40.000z group run ci for spring-projects/spring-boot 2026-04-01t16:40:40.000z runner image: windows-latest 2026-04-01t16:40:40.000z language: python 2026-04-01t16:40:40.000z aws secretsmanager get-secret-value --secret-id docker-token 2026-04-01t16:40:40.000z,Permission Error,deploy,high,"Token, role, or filesystem permission denied"
"2026-04-01T21:33:39.000Z ##[group]Run CI for spring-projects/spring-boot
2026-04-01T21:33:39.000Z Runner image: windows-latest
2026-04-01T21:33:39.000Z Language: node
2026-04-01T21:33:39.000Z aws secretsmanager get-secret-value --secret-id docker-token
2026-04-01T21:33:39.000Z AccessDeniedException: User is not authorized to perform secretsmanager:GetSecretValue
2026-04-01T21:33:39.000Z ##[error]permission denied while accessing deployment secret",2026-04-01t21:33:39.000z group run ci for spring-projects/spring-boot 2026-04-01t21:33:39.000z runner image: windows-latest 2026-04-01t21:33:39.000z language: node 2026-04-01t21:33:39.000z aws secretsmanager get-secret-value --secret-id docker-token 2026-04-01t21:33:39.000z,Permission Error,deploy,high,"Token, role, or filesystem permission denied"
"2026-04-01T16:44:37.000Z ##[group]Run CI for spring-projects/spring-boot
2026-04-01T16:44:37.000Z Runner image: ubuntu-latest
2026-04-01T16:44:37.000Z Language: rust
2026-04-01T16:44:37.000Z aws secretsmanager get-secret-value --secret-id docker-token
2026-04-01T16:44:37.000Z AccessDeniedException: User is not authorized to perform secretsmanager:GetSecretValue
2026-04-01T16:44:37.000Z ##[error]permission denied while accessing deployment secret",2026-04-01t16:44:37.000z group run ci for spring-projects/spring-boot 2026-04-01t16:44:37.000z runner image: ubuntu-latest 2026-04-01t16:44:37.000z language: rust 2026-04-01t16:44:37.000z aws secretsmanager get-secret-value --secret-id docker-token 2026-04-01t16:44:37.000z,Permission Error,deploy,high,"Token, role, or filesystem permission denied"
"2026-04-01T21:39:53.000Z ##[group]Run CI for angular/angular
2026-04-01T21:39:53.000Z Runner image: ubuntu-latest
2026-04-01T21:39:53.000Z Language: node
2026-04-01T21:39:53.000Z aws secretsmanager get-secret-value --secret-id docker-token
2026-04-01T21:39:53.000Z AccessDeniedException: User is not authorized to perform secretsmanager:GetSecretValue
2026-04-01T21:39:53.000Z ##[error]permission denied while accessing deployment secret",2026-04-01t21:39:53.000z group run ci for angular/angular 2026-04-01t21:39:53.000z runner image: ubuntu-latest 2026-04-01t21:39:53.000z language: node 2026-04-01t21:39:53.000z aws secretsmanager get-secret-value --secret-id docker-token 2026-04-01t21:39:53.000z,Permission Error,deploy,high,"Token, role, or filesystem permission denied"
"2026-04-01T11:54:41.000Z ##[group]Run CI for angular/angular
2026-04-01T11:54:41.000Z Runner image: ubuntu-latest
2026-04-01T11:54:41.000Z Language: python
2026-04-01T11:54:41.000Z aws secretsmanager get-secret-value --secret-id docker-token
2026-04-01T11:54:41.000Z AccessDeniedException: User is not authorized to perform secretsmanager:GetSecretValue
2026-04-01T11:54:41.000Z ##[error]permission denied while accessing deployment secret",2026-04-01t11:54:41.000z group run ci for angular/angular 2026-04-01t11:54:41.000z runner image: ubuntu-latest 2026-04-01t11:54:41.000z language: python 2026-04-01t11:54:41.000z aws secretsmanager get-secret-value --secret-id docker-token 2026-04-01t11:54:41.000z,Permission Error,deploy,high,"Token, role, or filesystem permission denied"
"2026-04-02T02:40:39.000Z ##[group]Run CI for angular/angular
2026-04-02T02:40:39.000Z Runner image: windows-latest
2026-04-02T02:40:39.000Z Language: node
2026-04-02T02:40:39.000Z aws secretsmanager get-secret-value --secret-id docker-token
2026-04-02T02:40:39.000Z AccessDeniedException: User is not authorized to perform secretsmanager:GetSecretValue
2026-04-02T02:40:39.000Z ##[error]permission denied while accessing deployment secret",2026-04-02t02:40:39.000z group run ci for angular/angular 2026-04-02t02:40:39.000z runner image: windows-latest 2026-04-02t02:40:39.000z language: node 2026-04-02t02:40:39.000z aws secretsmanager get-secret-value --secret-id docker-token 2026-04-02t02:40:39.000z,Permission Error,deploy,high,"Token, role, or filesystem permission denied"
"2026-04-01T21:48:30.000Z ##[group]Run CI for facebook/react
2026-04-01T21:48:30.000Z Runner image: windows-latest
2026-04-01T21:48:30.000Z Language: rust
2026-04-01T21:48:30.000Z aws secretsmanager get-secret-value --secret-id docker-token
2026-04-01T21:48:30.000Z AccessDeniedException: User is not authorized to perform secretsmanager:GetSecretValue
2026-04-01T21:48:30.000Z ##[error]permission denied while accessing deployment secret",2026-04-01t21:48:30.000z group run ci for facebook/react 2026-04-01t21:48:30.000z runner image: windows-latest 2026-04-01t21:48:30.000z language: rust 2026-04-01t21:48:30.000z aws secretsmanager get-secret-value --secret-id docker-token 2026-04-01t21:48:30.000z,Permission Error,deploy,high,"Token, role, or filesystem permission denied"
"2026-04-02T02:48:04.000Z ##[group]Run CI for vercel/next.js
2026-04-02T02:48:04.000Z Runner image: macos-latest
2026-04-02T02:48:04.000Z Language: go
2026-04-02T02:48:04.000Z aws secretsmanager get-secret-value --secret-id docker-token
2026-04-02T02:48:04.000Z AccessDeniedException: User is not authorized to perform secretsmanager:GetSecretValue
2026-04-02T02:48:04.000Z ##[error]permission denied while accessing deployment secret",2026-04-02t02:48:04.000z group run ci for vercel/next.js 2026-04-02t02:48:04.000z runner image: macos-latest 2026-04-02t02:48:04.000z language: go 2026-04-02t02:48:04.000z aws secretsmanager get-secret-value --secret-id docker-token 2026-04-02t02:48:04.000z,Permission Error,deploy,high,"Token, role, or filesystem permission denied"
"2026-04-02T02:52:29.000Z ##[group]Run CI for facebook/react
2026-04-02T02:52:29.000Z Runner image: ubuntu-latest
2026-04-02T02:52:29.000Z Language: go
2026-04-02T02:52:29.000Z aws secretsmanager get-secret-value --secret-id docker-token
2026-04-02T02:52:29.000Z AccessDeniedException: User is not authorized to perform secretsmanager:GetSecretValue
2026-04-02T02:52:29.000Z ##[error]permission denied while accessing deployment secret",2026-04-02t02:52:29.000z group run ci for facebook/react 2026-04-02t02:52:29.000z runner image: ubuntu-latest 2026-04-02t02:52:29.000z language: go 2026-04-02t02:52:29.000z aws secretsmanager get-secret-value --secret-id docker-token 2026-04-02t02:52:29.000z,Permission Error,deploy,high,"Token, role, or filesystem permission denied"
"2026-04-01T21:57:55.000Z ##[group]Run CI for vercel/next.js
2026-04-01T21:57:55.000Z Runner image: windows-latest
2026-04-01T21:57:55.000Z Language: rust
2026-04-01T21:57:55.000Z aws secretsmanager get-secret-value --secret-id docker-token
2026-04-01T21:57:55.000Z AccessDeniedException: User is not authorized to perform secretsmanager:GetSecretValue
2026-04-01T21:57:55.000Z ##[error]permission denied while accessing deployment secret",2026-04-01t21:57:55.000z group run ci for vercel/next.js 2026-04-01t21:57:55.000z runner image: windows-latest 2026-04-01t21:57:55.000z language: rust 2026-04-01t21:57:55.000z aws secretsmanager get-secret-value --secret-id docker-token 2026-04-01t21:57:55.000z,Permission Error,deploy,high,"Token, role, or filesystem permission denied"
"2026-04-01T17:00:48.000Z ##[group]Run CI for pytorch/pytorch
2026-04-01T17:00:48.000Z Runner image: macos-latest
2026-04-01T17:00:48.000Z Language: java
2026-04-01T17:00:48.000Z aws secretsmanager get-secret-value --secret-id docker-token
2026-04-01T17:00:48.000Z AccessDeniedException: User is not authorized to perform secretsmanager:GetSecretValue
2026-04-01T17:00:48.000Z ##[error]permission denied while accessing deployment secret",2026-04-01t17:00:48.000z group run ci for pytorch/pytorch 2026-04-01t17:00:48.000z runner image: macos-latest 2026-04-01t17:00:48.000z language: java 2026-04-01t17:00:48.000z aws secretsmanager get-secret-value --secret-id docker-token 2026-04-01t17:00:48.000z,Permission Error,deploy,high,"Token, role, or filesystem permission denied"
"2026-04-01T22:03:15.000Z ##[group]Run CI for pytorch/pytorch
2026-04-01T22:03:15.000Z Runner image: macos-latest
2026-04-01T22:03:15.000Z Language: rust
2026-04-01T22:03:15.000Z make build-ci -j4
2026-04-01T22:03:15.000Z gcc: fatal error: cannot execute 'cc1plus': No such file or directory
2026-04-01T22:03:15.000Z ##[error]Build failed with exit code 2",2026-04-01t22:03:15.000z group run ci for pytorch/pytorch 2026-04-01t22:03:15.000z runner image: macos-latest 2026-04-01t22:03:15.000z language: rust 2026-04-01t22:03:15.000z make build-ci -j4 2026-04-01t22:03:15.000z gcc: fatal,Build Failure,build,high,Compilation or packaging process failed
"2026-04-01T17:04:09.000Z ##[group]Run CI for apache/spark
2026-04-01T17:04:09.000Z Runner image: ubuntu-latest
2026-04-01T17:04:09.000Z Language: java
2026-04-01T17:04:09.000Z make build-ci -j4
2026-04-01T17:04:09.000Z gcc: fatal error: cannot execute 'cc1plus': No such file or directory
2026-04-01T17:04:09.000Z ##[error]Build failed with exit code 2",2026-04-01t17:04:09.000z group run ci for apache/spark 2026-04-01t17:04:09.000z runner image: ubuntu-latest 2026-04-01t17:04:09.000z language: java 2026-04-01t17:04:09.000z make build-ci -j4 2026-04-01t17:04:09.000z gcc: fatal,Build Failure,build,high,Compilation or packaging process failed
"2026-04-02T03:12:15.000Z ##[group]Run CI for tensorflow/tensorflow
2026-04-02T03:12:15.000Z Runner image: ubuntu-latest
2026-04-02T03:12:15.000Z Language: java
2026-04-02T03:12:15.000Z make build-ci -j4
2026-04-02T03:12:15.000Z gcc: fatal error: cannot execute 'cc1plus': No such file or directory
2026-04-02T03:12:15.000Z ##[error]Build failed with exit code 2",2026-04-02t03:12:15.000z group run ci for tensorflow/tensorflow 2026-04-02t03:12:15.000z runner image: ubuntu-latest 2026-04-02t03:12:15.000z language: java 2026-04-02t03:12:15.000z make build-ci -j4 2026-04-02t03:12:15.000z gcc: fatal,Build Failure,build,high,Compilation or packaging process failed
"2026-04-01T22:12:12.000Z ##[group]Run CI for nodejs/node
2026-04-01T22:12:12.000Z Runner image: windows-latest
2026-04-01T22:12:12.000Z Language: rust
2026-04-01T22:12:12.000Z make build-ci -j4
2026-04-01T22:12:12.000Z gcc: fatal error: cannot execute 'cc1plus': No such file or directory
2026-04-01T22:12:12.000Z ##[error]Build failed with exit code 2",2026-04-01t22:12:12.000z group run ci for nodejs/node 2026-04-01t22:12:12.000z runner image: windows-latest 2026-04-01t22:12:12.000z language: rust 2026-04-01t22:12:12.000z make build-ci -j4 2026-04-01t22:12:12.000z gcc: fatal,Build Failure,build,high,Compilation or packaging process failed
"2026-04-02T03:20:56.000Z ##[group]Run CI for nodejs/node
2026-04-02T03:20:56.000Z Runner image: windows-latest
2026-04-02T03:20:56.000Z Language: rust
2026-04-02T03:20:56.000Z make build-ci -j4
2026-04-02T03:20:56.000Z gcc: fatal error: cannot execute 'cc1plus': No such file or directory
2026-04-02T03:20:56.000Z ##[error]Build failed with exit code 2",2026-04-02t03:20:56.000z group run ci for nodejs/node 2026-04-02t03:20:56.000z runner image: windows-latest 2026-04-02t03:20:56.000z language: rust 2026-04-02t03:20:56.000z make build-ci -j4 2026-04-02t03:20:56.000z gcc: fatal,Build Failure,build,high,Compilation or packaging process failed
"2026-04-02T03:24:32.000Z ##[group]Run CI for microsoft/vscode
2026-04-02T03:24:32.000Z Runner image: windows-latest
2026-04-02T03:24:32.000Z Language: python
2026-04-02T03:24:32.000Z make build-ci -j4
2026-04-02T03:24:32.000Z gcc: fatal error: cannot execute 'cc1plus': No such file or directory
2026-04-02T03:24:32.000Z ##[error]Build failed with exit code 2",2026-04-02t03:24:32.000z group run ci for microsoft/vscode 2026-04-02t03:24:32.000z runner image: windows-latest 2026-04-02t03:24:32.000z language: python 2026-04-02t03:24:32.000z make build-ci -j4 2026-04-02t03:24:32.000z gcc: fatal,Build Failure,build,high,Compilation or packaging process failed
"2026-04-01T22:21:03.000Z ##[group]Run CI for apache/spark
2026-04-01T22:21:03.000Z Runner image: ubuntu-latest
2026-04-01T22:21:03.000Z Language: node
2026-04-01T22:21:03.000Z make build-ci -j4
2026-04-01T22:21:03.000Z gcc: fatal error: cannot execute 'cc1plus': No such file or directory
2026-04-01T22:21:03.000Z ##[error]Build failed with exit code 2",2026-04-01t22:21:03.000z group run ci for apache/spark 2026-04-01t22:21:03.000z runner image: ubuntu-latest 2026-04-01t22:21:03.000z language: node 2026-04-01t22:21:03.000z make build-ci -j4 2026-04-01t22:21:03.000z gcc: fatal,Build Failure,build,high,Compilation or packaging process failed
"2026-04-02T03:32:18.000Z ##[group]Run CI for facebook/react
2026-04-02T03:32:18.000Z Runner image: windows-latest
2026-04-02T03:32:18.000Z Language: go
2026-04-02T03:32:18.000Z make build-ci -j4
2026-04-02T03:32:18.000Z gcc: fatal error: cannot execute 'cc1plus': No such file or directory
2026-04-02T03:32:18.000Z ##[error]Build failed with exit code 2",2026-04-02t03:32:18.000z group run ci for facebook/react 2026-04-02t03:32:18.000z runner image: windows-latest 2026-04-02t03:32:18.000z language: go 2026-04-02t03:32:18.000z make build-ci -j4 2026-04-02t03:32:18.000z gcc: fatal,Build Failure,build,high,Compilation or packaging process failed
"2026-04-01T17:18:56.000Z ##[group]Run CI for spring-projects/spring-boot
2026-04-01T17:18:56.000Z Runner image: ubuntu-latest
2026-04-01T17:18:56.000Z Language: python
2026-04-01T17:18:56.000Z make build-ci -j4
2026-04-01T17:18:56.000Z gcc: fatal error: cannot execute 'cc1plus': No such file or directory
2026-04-01T17:18:56.000Z ##[error]Build failed with exit code 2",2026-04-01t17:18:56.000z group run ci for spring-projects/spring-boot 2026-04-01t17:18:56.000z runner image: ubuntu-latest 2026-04-01t17:18:56.000z language: python 2026-04-01t17:18:56.000z make build-ci -j4 2026-04-01t17:18:56.000z gcc: fatal,Build Failure,build,high,Compilation or packaging process failed
"2026-04-02T03:40:23.000Z ##[group]Run CI for microsoft/vscode
2026-04-02T03:40:23.000Z Runner image: macos-latest
2026-04-02T03:40:23.000Z Language: java
2026-04-02T03:40:23.000Z make build-ci -j4
2026-04-02T03:40:23.000Z gcc: fatal error: cannot execute 'cc1plus': No such file or directory
2026-04-02T03:40:23.000Z ##[error]Build failed with exit code 2",2026-04-02t03:40:23.000z group run ci for microsoft/vscode 2026-04-02t03:40:23.000z runner image: macos-latest 2026-04-02t03:40:23.000z language: java 2026-04-02t03:40:23.000z make build-ci -j4 2026-04-02t03:40:23.000z gcc: fatal,Build Failure,build,high,Compilation or packaging process failed
"2026-04-01T17:22:23.000Z ##[group]Run CI for facebook/react
2026-04-01T17:22:23.000Z Runner image: windows-latest
2026-04-01T17:22:23.000Z Language: python
2026-04-01T17:22:23.000Z make build-ci -j4
2026-04-01T17:22:23.000Z gcc: fatal error: cannot execute 'cc1plus': No such file or directory
2026-04-01T17:22:23.000Z ##[error]Build failed with exit code 2",2026-04-01t17:22:23.000z group run ci for facebook/react 2026-04-01t17:22:23.000z runner image: windows-latest 2026-04-01t17:22:23.000z language: python 2026-04-01t17:22:23.000z make build-ci -j4 2026-04-01t17:22:23.000z gcc: fatal,Build Failure,build,high,Compilation or packaging process failed
"2026-04-02T03:48:48.000Z ##[group]Run CI for spring-projects/spring-boot
2026-04-02T03:48:48.000Z Runner image: windows-latest
2026-04-02T03:48:48.000Z Language: python
2026-04-02T03:48:48.000Z make build-ci -j4
2026-04-02T03:48:48.000Z gcc: fatal error: cannot execute 'cc1plus': No such file or directory
2026-04-02T03:48:48.000Z ##[error]Build failed with exit code 2",2026-04-02t03:48:48.000z group run ci for spring-projects/spring-boot 2026-04-02t03:48:48.000z runner image: windows-latest 2026-04-02t03:48:48.000z language: python 2026-04-02t03:48:48.000z make build-ci -j4 2026-04-02t03:48:48.000z gcc: fatal,Build Failure,build,high,Compilation or packaging process failed
"2026-04-01T12:13:08.000Z ##[group]Run CI for spring-projects/spring-boot
2026-04-01T12:13:08.000Z Runner image: windows-latest
2026-04-01T12:13:08.000Z Language: rust
2026-04-01T12:13:08.000Z make build-ci -j4
2026-04-01T12:13:08.000Z gcc: fatal error: cannot execute 'cc1plus': No such file or directory
2026-04-01T12:13:08.000Z ##[error]Build failed with exit code 2",2026-04-01t12:13:08.000z group run ci for spring-projects/spring-boot 2026-04-01t12:13:08.000z runner image: windows-latest 2026-04-01t12:13:08.000z language: rust 2026-04-01t12:13:08.000z make build-ci -j4 2026-04-01t12:13:08.000z gcc: fatal,Build Failure,build,high,Compilation or packaging process failed
"2026-04-01T22:42:35.000Z ##[group]Run CI for tensorflow/tensorflow
2026-04-01T22:42:35.000Z Runner image: windows-latest
2026-04-01T22:42:35.000Z Language: java
2026-04-01T22:42:35.000Z make build-ci -j4
2026-04-01T22:42:35.000Z gcc: fatal error: cannot execute 'cc1plus': No such file or directory
2026-04-01T22:42:35.000Z ##[error]Build failed with exit code 2",2026-04-01t22:42:35.000z group run ci for tensorflow/tensorflow 2026-04-01t22:42:35.000z runner image: windows-latest 2026-04-01t22:42:35.000z language: java 2026-04-01t22:42:35.000z make build-ci -j4 2026-04-01t22:42:35.000z gcc: fatal,Build Failure,build,high,Compilation or packaging process failed
"2026-04-02T04:00:32.000Z ##[group]Run CI for pytorch/pytorch
2026-04-02T04:00:32.000Z Runner image: ubuntu-latest
2026-04-02T04:00:32.000Z Language: node
2026-04-02T04:00:32.000Z make build-ci -j4
2026-04-02T04:00:32.000Z gcc: fatal error: cannot execute 'cc1plus': No such file or directory
2026-04-02T04:00:32.000Z ##[error]Build failed with exit code 2",2026-04-02t04:00:32.000z group run ci for pytorch/pytorch 2026-04-02t04:00:32.000z runner image: ubuntu-latest 2026-04-02t04:00:32.000z language: node 2026-04-02t04:00:32.000z make build-ci -j4 2026-04-02t04:00:32.000z gcc: fatal,Build Failure,build,high,Compilation or packaging process failed
"2026-04-01T22:48:51.000Z ##[group]Run CI for facebook/react
2026-04-01T22:48:51.000Z Runner image: ubuntu-latest
2026-04-01T22:48:51.000Z Language: python
2026-04-01T22:48:51.000Z make build-ci -j4
2026-04-01T22:48:51.000Z gcc: fatal error: cannot execute 'cc1plus': No such file or directory
2026-04-01T22:48:51.000Z ##[error]Build failed with exit code 2",2026-04-01t22:48:51.000z group run ci for facebook/react 2026-04-01t22:48:51.000z runner image: ubuntu-latest 2026-04-01t22:48:51.000z language: python 2026-04-01t22:48:51.000z make build-ci -j4 2026-04-01t22:48:51.000z gcc: fatal,Build Failure,build,high,Compilation or packaging process failed
"2026-04-01T17:34:20.000Z ##[group]Run CI for apache/spark
2026-04-01T17:34:20.000Z Runner image: macos-latest
2026-04-01T17:34:20.000Z Language: go
2026-04-01T17:34:20.000Z make build-ci -j4
2026-04-01T17:34:20.000Z gcc: fatal error: cannot execute 'cc1plus': No such file or directory
2026-04-01T17:34:20.000Z ##[error]Build failed with exit code 2",2026-04-01t17:34:20.000z group run ci for apache/spark 2026-04-01t17:34:20.000z runner image: macos-latest 2026-04-01t17:34:20.000z language: go 2026-04-01t17:34:20.000z make build-ci -j4 2026-04-01t17:34:20.000z gcc: fatal,Build Failure,build,high,Compilation or packaging process failed
"2026-04-01T22:54:37.000Z ##[group]Run CI for angular/angular
2026-04-01T22:54:37.000Z Runner image: windows-latest
2026-04-01T22:54:37.000Z Language: node
2026-04-01T22:54:37.000Z make build-ci -j4
2026-04-01T22:54:37.000Z gcc: fatal error: cannot execute 'cc1plus': No such file or directory
2026-04-01T22:54:37.000Z ##[error]Build failed with exit code 2",2026-04-01t22:54:37.000z group run ci for angular/angular 2026-04-01t22:54:37.000z runner image: windows-latest 2026-04-01t22:54:37.000z language: node 2026-04-01t22:54:37.000z make build-ci -j4 2026-04-01t22:54:37.000z gcc: fatal,Build Failure,build,high,Compilation or packaging process failed
"2026-04-02T04:16:45.000Z ##[group]Run CI for pytorch/pytorch
2026-04-02T04:16:45.000Z Runner image: macos-latest
2026-04-02T04:16:45.000Z Language: rust
2026-04-02T04:16:45.000Z make build-ci -j4
2026-04-02T04:16:45.000Z gcc: fatal error: cannot execute 'cc1plus': No such file or directory
2026-04-02T04:16:45.000Z ##[error]Build failed with exit code 2",2026-04-02t04:16:45.000z group run ci for pytorch/pytorch 2026-04-02t04:16:45.000z runner image: macos-latest 2026-04-02t04:16:45.000z language: rust 2026-04-02t04:16:45.000z make build-ci -j4 2026-04-02t04:16:45.000z gcc: fatal,Build Failure,build,high,Compilation or packaging process failed
"2026-04-01T12:20:23.000Z ##[group]Run CI for angular/angular
2026-04-01T12:20:23.000Z Runner image: windows-latest
2026-04-01T12:20:23.000Z Language: go
2026-04-01T12:20:23.000Z make build-ci -j4
2026-04-01T12:20:23.000Z gcc: fatal error: cannot execute 'cc1plus': No such file or directory
2026-04-01T12:20:23.000Z ##[error]Build failed with exit code 2",2026-04-01t12:20:23.000z group run ci for angular/angular 2026-04-01t12:20:23.000z runner image: windows-latest 2026-04-01t12:20:23.000z language: go 2026-04-01t12:20:23.000z make build-ci -j4 2026-04-01t12:20:23.000z gcc: fatal,Build Failure,build,high,Compilation or packaging process failed
"2026-04-01T23:03:50.000Z ##[group]Run CI for pytorch/pytorch
2026-04-01T23:03:50.000Z Runner image: macos-latest
2026-04-01T23:03:50.000Z Language: python
2026-04-01T23:03:50.000Z make build-ci -j4
2026-04-01T23:03:50.000Z gcc: fatal error: cannot execute 'cc1plus': No such file or directory
2026-04-01T23:03:50.000Z ##[error]Build failed with exit code 2",2026-04-01t23:03:50.000z group run ci for pytorch/pytorch 2026-04-01t23:03:50.000z runner image: macos-latest 2026-04-01t23:03:50.000z language: python 2026-04-01t23:03:50.000z make build-ci -j4 2026-04-01t23:03:50.000z gcc: fatal,Build Failure,build,high,Compilation or packaging process failed
"2026-04-01T17:44:46.000Z ##[group]Run CI for facebook/react
2026-04-01T17:44:46.000Z Runner image: macos-latest
2026-04-01T17:44:46.000Z Language: go
2026-04-01T17:44:46.000Z make build-ci -j4
2026-04-01T17:44:46.000Z gcc: fatal error: cannot execute 'cc1plus': No such file or directory
2026-04-01T17:44:46.000Z ##[error]Build failed with exit code 2",2026-04-01t17:44:46.000z group run ci for facebook/react 2026-04-01t17:44:46.000z runner image: macos-latest 2026-04-01t17:44:46.000z language: go 2026-04-01t17:44:46.000z make build-ci -j4 2026-04-01t17:44:46.000z gcc: fatal,Build Failure,build,high,Compilation or packaging process failed
"2026-04-02T04:32:09.000Z ##[group]Run CI for facebook/react
2026-04-02T04:32:09.000Z Runner image: macos-latest
2026-04-02T04:32:09.000Z Language: go
2026-04-02T04:32:09.000Z make build-ci -j4
2026-04-02T04:32:09.000Z gcc: fatal error: cannot execute 'cc1plus': No such file or directory
2026-04-02T04:32:09.000Z ##[error]Build failed with exit code 2",2026-04-02t04:32:09.000z group run ci for facebook/react 2026-04-02t04:32:09.000z runner image: macos-latest 2026-04-02t04:32:09.000z language: go 2026-04-02t04:32:09.000z make build-ci -j4 2026-04-02t04:32:09.000z gcc: fatal,Build Failure,build,high,Compilation or packaging process failed
"2026-04-01T12:24:12.000Z ##[group]Run CI for vercel/next.js
2026-04-01T12:24:12.000Z Runner image: ubuntu-latest
2026-04-01T12:24:12.000Z Language: rust
2026-04-01T12:24:12.000Z make build-ci -j4
2026-04-01T12:24:12.000Z gcc: fatal error: cannot execute 'cc1plus': No such file or directory
2026-04-01T12:24:12.000Z ##[error]Build failed with exit code 2",2026-04-01t12:24:12.000z group run ci for vercel/next.js 2026-04-01t12:24:12.000z runner image: ubuntu-latest 2026-04-01t12:24:12.000z language: rust 2026-04-01t12:24:12.000z make build-ci -j4 2026-04-01t12:24:12.000z gcc: fatal,Build Failure,build,high,Compilation or packaging process failed
"2026-04-01T17:50:26.000Z ##[group]Run CI for facebook/react
2026-04-01T17:50:26.000Z Runner image: windows-latest
2026-04-01T17:50:26.000Z Language: java
2026-04-01T17:50:26.000Z make build-ci -j4
2026-04-01T17:50:26.000Z gcc: fatal error: cannot execute 'cc1plus': No such file or directory
2026-04-01T17:50:26.000Z ##[error]Build failed with exit code 2",2026-04-01t17:50:26.000z group run ci for facebook/react 2026-04-01t17:50:26.000z runner image: windows-latest 2026-04-01t17:50:26.000z language: java 2026-04-01t17:50:26.000z make build-ci -j4 2026-04-01t17:50:26.000z gcc: fatal,Build Failure,build,high,Compilation or packaging process failed
"2026-04-02T04:44:55.000Z ##[group]Run CI for vercel/next.js
2026-04-02T04:44:55.000Z Runner image: windows-latest
2026-04-02T04:44:55.000Z Language: rust
2026-04-02T04:44:55.000Z make build-ci -j4
2026-04-02T04:44:55.000Z gcc: fatal error: cannot execute 'cc1plus': No such file or directory
2026-04-02T04:44:55.000Z ##[error]Build failed with exit code 2",2026-04-02t04:44:55.000z group run ci for vercel/next.js 2026-04-02t04:44:55.000z runner image: windows-latest 2026-04-02t04:44:55.000z language: rust 2026-04-02t04:44:55.000z make build-ci -j4 2026-04-02t04:44:55.000z gcc: fatal,Build Failure,build,high,Compilation or packaging process failed
"2026-04-01T17:54:35.000Z ##[group]Run CI for facebook/react
2026-04-01T17:54:35.000Z Runner image: macos-latest
2026-04-01T17:54:35.000Z Language: node
2026-04-01T17:54:35.000Z make build-ci -j4
2026-04-01T17:54:35.000Z gcc: fatal error: cannot execute 'cc1plus': No such file or directory
2026-04-01T17:54:35.000Z ##[error]Build failed with exit code 2",2026-04-01t17:54:35.000z group run ci for facebook/react 2026-04-01t17:54:35.000z runner image: macos-latest 2026-04-01t17:54:35.000z language: node 2026-04-01t17:54:35.000z make build-ci -j4 2026-04-01t17:54:35.000z gcc: fatal,Build Failure,build,high,Compilation or packaging process failed
"2026-04-02T04:52:20.000Z ##[group]Run CI for pytorch/pytorch
2026-04-02T04:52:20.000Z Runner image: macos-latest
2026-04-02T04:52:20.000Z Language: go
2026-04-02T04:52:20.000Z make build-ci -j4
2026-04-02T04:52:20.000Z gcc: fatal error: cannot execute 'cc1plus': No such file or directory
2026-04-02T04:52:20.000Z ##[error]Build failed with exit code 2",2026-04-02t04:52:20.000z group run ci for pytorch/pytorch 2026-04-02t04:52:20.000z runner image: macos-latest 2026-04-02t04:52:20.000z language: go 2026-04-02t04:52:20.000z make build-ci -j4 2026-04-02t04:52:20.000z gcc: fatal,Build Failure,build,high,Compilation or packaging process failed
"2026-04-01T23:27:43.000Z ##[group]Run CI for nodejs/node
2026-04-01T23:27:43.000Z Runner image: windows-latest
2026-04-01T23:27:43.000Z Language: rust
2026-04-01T23:27:43.000Z make build-ci -j4
2026-04-01T23:27:43.000Z gcc: fatal error: cannot execute 'cc1plus': No such file or directory
2026-04-01T23:27:43.000Z ##[error]Build failed with exit code 2",2026-04-01t23:27:43.000z group run ci for nodejs/node 2026-04-01t23:27:43.000z runner image: windows-latest 2026-04-01t23:27:43.000z language: rust 2026-04-01t23:27:43.000z make build-ci -j4 2026-04-01t23:27:43.000z gcc: fatal,Build Failure,build,high,Compilation or packaging process failed
"2026-04-01T18:00:17.000Z ##[group]Run CI for microsoft/vscode
2026-04-01T18:00:17.000Z Runner image: macos-latest
2026-04-01T18:00:17.000Z Language: go
2026-04-01T18:00:17.000Z make build-ci -j4
2026-04-01T18:00:17.000Z gcc: fatal error: cannot execute 'cc1plus': No such file or directory
2026-04-01T18:00:17.000Z ##[error]Build failed with exit code 2",2026-04-01t18:00:17.000z group run ci for microsoft/vscode 2026-04-01t18:00:17.000z runner image: macos-latest 2026-04-01t18:00:17.000z language: go 2026-04-01t18:00:17.000z make build-ci -j4 2026-04-01t18:00:17.000z gcc: fatal,Build Failure,build,high,Compilation or packaging process failed
"2026-04-01T23:33:45.000Z ##[group]Run CI for spring-projects/spring-boot
2026-04-01T23:33:45.000Z Runner image: windows-latest
2026-04-01T23:33:45.000Z Language: node
2026-04-01T23:33:45.000Z make build-ci -j4
2026-04-01T23:33:45.000Z gcc: fatal error: cannot execute 'cc1plus': No such file or directory
2026-04-01T23:33:45.000Z ##[error]Build failed with exit code 2",2026-04-01t23:33:45.000z group run ci for spring-projects/spring-boot 2026-04-01t23:33:45.000z runner image: windows-latest 2026-04-01t23:33:45.000z language: node 2026-04-01t23:33:45.000z make build-ci -j4 2026-04-01t23:33:45.000z gcc: fatal,Build Failure,build,high,Compilation or packaging process failed
"2026-04-02T05:08:22.000Z ##[group]Run CI for vercel/next.js
2026-04-02T05:08:22.000Z Runner image: macos-latest
2026-04-02T05:08:22.000Z Language: go
2026-04-02T05:08:22.000Z make build-ci -j4
2026-04-02T05:08:22.000Z gcc: fatal error: cannot execute 'cc1plus': No such file or directory
2026-04-02T05:08:22.000Z ##[error]Build failed with exit code 2",2026-04-02t05:08:22.000z group run ci for vercel/next.js 2026-04-02t05:08:22.000z runner image: macos-latest 2026-04-02t05:08:22.000z language: go 2026-04-02t05:08:22.000z make build-ci -j4 2026-04-02t05:08:22.000z gcc: fatal,Build Failure,build,high,Compilation or packaging process failed
"2026-04-01T12:33:36.000Z ##[group]Run CI for spring-projects/spring-boot
2026-04-01T12:33:36.000Z Runner image: macos-latest
2026-04-01T12:33:36.000Z Language: java
2026-04-01T12:33:36.000Z make build-ci -j4
2026-04-01T12:33:36.000Z gcc: fatal error: cannot execute 'cc1plus': No such file or directory
2026-04-01T12:33:36.000Z ##[error]Build failed with exit code 2",2026-04-01t12:33:36.000z group run ci for spring-projects/spring-boot 2026-04-01t12:33:36.000z runner image: macos-latest 2026-04-01t12:33:36.000z language: java 2026-04-01t12:33:36.000z make build-ci -j4 2026-04-01t12:33:36.000z gcc: fatal,Build Failure,build,high,Compilation or packaging process failed
"2026-04-01T23:42:49.000Z ##[group]Run CI for spring-projects/spring-boot
2026-04-01T23:42:49.000Z Runner image: windows-latest
2026-04-01T23:42:49.000Z Language: go
2026-04-01T23:42:49.000Z make build-ci -j4
2026-04-01T23:42:49.000Z gcc: fatal error: cannot execute 'cc1plus': No such file or directory
2026-04-01T23:42:49.000Z ##[error]Build failed with exit code 2",2026-04-01t23:42:49.000z group run ci for spring-projects/spring-boot 2026-04-01t23:42:49.000z runner image: windows-latest 2026-04-01t23:42:49.000z language: go 2026-04-01t23:42:49.000z make build-ci -j4 2026-04-01t23:42:49.000z gcc: fatal,Build Failure,build,high,Compilation or packaging process failed
"2026-04-01T12:35:22.000Z ##[group]Run CI for nodejs/node
2026-04-01T12:35:22.000Z Runner image: windows-latest
2026-04-01T12:35:22.000Z Language: python
2026-04-01T12:35:22.000Z make build-ci -j4
2026-04-01T12:35:22.000Z gcc: fatal error: cannot execute 'cc1plus': No such file or directory
2026-04-01T12:35:22.000Z ##[error]Build failed with exit code 2",2026-04-01t12:35:22.000z group run ci for nodejs/node 2026-04-01t12:35:22.000z runner image: windows-latest 2026-04-01t12:35:22.000z language: python 2026-04-01t12:35:22.000z make build-ci -j4 2026-04-01t12:35:22.000z gcc: fatal,Build Failure,build,high,Compilation or packaging process failed
"2026-04-02T05:24:13.000Z ##[group]Run CI for apache/spark
2026-04-02T05:24:13.000Z Runner image: macos-latest
2026-04-02T05:24:13.000Z Language: java
2026-04-02T05:24:13.000Z make build-ci -j4
2026-04-02T05:24:13.000Z gcc: fatal error: cannot execute 'cc1plus': No such file or directory
2026-04-02T05:24:13.000Z ##[error]Build failed with exit code 2",2026-04-02t05:24:13.000z group run ci for apache/spark 2026-04-02t05:24:13.000z runner image: macos-latest 2026-04-02t05:24:13.000z language: java 2026-04-02t05:24:13.000z make build-ci -j4 2026-04-02t05:24:13.000z gcc: fatal,Build Failure,build,high,Compilation or packaging process failed
"2026-04-01T23:51:08.000Z ##[group]Run CI for vercel/next.js
2026-04-01T23:51:08.000Z Runner image: macos-latest
2026-04-01T23:51:08.000Z Language: java
2026-04-01T23:51:08.000Z make build-ci -j4
2026-04-01T23:51:08.000Z gcc: fatal error: cannot execute 'cc1plus': No such file or directory
2026-04-01T23:51:08.000Z ##[error]Build failed with exit code 2",2026-04-01t23:51:08.000z group run ci for vercel/next.js 2026-04-01t23:51:08.000z runner image: macos-latest 2026-04-01t23:51:08.000z language: java 2026-04-01t23:51:08.000z make build-ci -j4 2026-04-01t23:51:08.000z gcc: fatal,Build Failure,build,high,Compilation or packaging process failed
"2026-04-01T18:16:03.000Z ##[group]Run CI for tensorflow/tensorflow
2026-04-01T18:16:03.000Z Runner image: macos-latest
2026-04-01T18:16:03.000Z Language: rust
2026-04-01T18:16:03.000Z make build-ci -j4
2026-04-01T18:16:03.000Z gcc: fatal error: cannot execute 'cc1plus': No such file or directory
2026-04-01T18:16:03.000Z ##[error]Build failed with exit code 2",2026-04-01t18:16:03.000z group run ci for tensorflow/tensorflow 2026-04-01t18:16:03.000z runner image: macos-latest 2026-04-01t18:16:03.000z language: rust 2026-04-01t18:16:03.000z make build-ci -j4 2026-04-01t18:16:03.000z gcc: fatal,Build Failure,build,high,Compilation or packaging process failed
"2026-04-01T12:39:26.000Z ##[group]Run CI for spring-projects/spring-boot
2026-04-01T12:39:26.000Z Runner image: ubuntu-latest
2026-04-01T12:39:26.000Z Language: node
2026-04-01T12:39:26.000Z make build-ci -j4
2026-04-01T12:39:26.000Z gcc: fatal error: cannot execute 'cc1plus': No such file or directory
2026-04-01T12:39:26.000Z ##[error]Build failed with exit code 2",2026-04-01t12:39:26.000z group run ci for spring-projects/spring-boot 2026-04-01t12:39:26.000z runner image: ubuntu-latest 2026-04-01t12:39:26.000z language: node 2026-04-01t12:39:26.000z make build-ci -j4 2026-04-01t12:39:26.000z gcc: fatal,Build Failure,build,high,Compilation or packaging process failed
"2026-04-01T18:20:00.000Z ##[group]Run CI for pytorch/pytorch
2026-04-01T18:20:00.000Z Runner image: macos-latest
2026-04-01T18:20:00.000Z Language: go
2026-04-01T18:20:00.000Z make build-ci -j4
2026-04-01T18:20:00.000Z gcc: fatal error: cannot execute 'cc1plus': No such file or directory
2026-04-01T18:20:00.000Z ##[error]Build failed with exit code 2",2026-04-01t18:20:00.000z group run ci for pytorch/pytorch 2026-04-01t18:20:00.000z runner image: macos-latest 2026-04-01t18:20:00.000z language: go 2026-04-01t18:20:00.000z make build-ci -j4 2026-04-01t18:20:00.000z gcc: fatal,Build Failure,build,high,Compilation or packaging process failed
"2026-04-02T05:44:30.000Z ##[group]Run CI for spring-projects/spring-boot
2026-04-02T05:44:30.000Z Runner image: ubuntu-latest
2026-04-02T05:44:30.000Z Language: go
2026-04-02T05:44:30.000Z make build-ci -j4
2026-04-02T05:44:30.000Z gcc: fatal error: cannot execute 'cc1plus': No such file or directory
2026-04-02T05:44:30.000Z ##[error]Build failed with exit code 2",2026-04-02t05:44:30.000z group run ci for spring-projects/spring-boot 2026-04-02t05:44:30.000z runner image: ubuntu-latest 2026-04-02t05:44:30.000z language: go 2026-04-02t05:44:30.000z make build-ci -j4 2026-04-02t05:44:30.000z gcc: fatal,Build Failure,build,high,Compilation or packaging process failed
"2026-04-01T12:42:58.000Z ##[group]Run CI for vercel/next.js
2026-04-01T12:42:58.000Z Runner image: windows-latest
2026-04-01T12:42:58.000Z Language: java
2026-04-01T12:42:58.000Z make build-ci -j4
2026-04-01T12:42:58.000Z gcc: fatal error: cannot execute 'cc1plus': No such file or directory
2026-04-01T12:42:58.000Z ##[error]Build failed with exit code 2",2026-04-01t12:42:58.000z group run ci for vercel/next.js 2026-04-01t12:42:58.000z runner image: windows-latest 2026-04-01t12:42:58.000z language: java 2026-04-01t12:42:58.000z make build-ci -j4 2026-04-01t12:42:58.000z gcc: fatal,Build Failure,build,high,Compilation or packaging process failed
"2026-04-01T12:43:58.000Z ##[group]Run CI for tensorflow/tensorflow
2026-04-01T12:43:58.000Z Runner image: macos-latest
2026-04-01T12:43:58.000Z Language: rust
2026-04-01T12:43:58.000Z make build-ci -j4
2026-04-01T12:43:58.000Z gcc: fatal error: cannot execute 'cc1plus': No such file or directory
2026-04-01T12:43:58.000Z ##[error]Build failed with exit code 2",2026-04-01t12:43:58.000z group run ci for tensorflow/tensorflow 2026-04-01t12:43:58.000z runner image: macos-latest 2026-04-01t12:43:58.000z language: rust 2026-04-01t12:43:58.000z make build-ci -j4 2026-04-01t12:43:58.000z gcc: fatal,Build Failure,build,high,Compilation or packaging process failed
"2026-04-02T05:56:50.000Z ##[group]Run CI for nodejs/node
2026-04-02T05:56:50.000Z Runner image: windows-latest
2026-04-02T05:56:50.000Z Language: node
2026-04-02T05:56:50.000Z make build-ci -j4
2026-04-02T05:56:50.000Z gcc: fatal error: cannot execute 'cc1plus': No such file or directory
2026-04-02T05:56:50.000Z ##[error]Build failed with exit code 2",2026-04-02t05:56:50.000z group run ci for nodejs/node 2026-04-02t05:56:50.000z runner image: windows-latest 2026-04-02t05:56:50.000z language: node 2026-04-02t05:56:50.000z make build-ci -j4 2026-04-02t05:56:50.000z gcc: fatal,Build Failure,build,high,Compilation or packaging process failed
"2026-04-01T12:45:19.000Z ##[group]Run CI for apache/spark
2026-04-01T12:45:19.000Z Runner image: ubuntu-latest
2026-04-01T12:45:19.000Z Language: java
2026-04-01T12:45:19.000Z make build-ci -j4
2026-04-01T12:45:19.000Z gcc: fatal error: cannot execute 'cc1plus': No such file or directory
2026-04-01T12:45:19.000Z ##[error]Build failed with exit code 2",2026-04-01t12:45:19.000z group run ci for apache/spark 2026-04-01t12:45:19.000z runner image: ubuntu-latest 2026-04-01t12:45:19.000z language: java 2026-04-01t12:45:19.000z make build-ci -j4 2026-04-01t12:45:19.000z gcc: fatal,Build Failure,build,high,Compilation or packaging process failed
"2026-04-02T00:18:29.000Z ##[group]Run CI for angular/angular
2026-04-02T00:18:29.000Z Runner image: macos-latest
2026-04-02T00:18:29.000Z Language: python
2026-04-02T00:18:29.000Z make build-ci -j4
2026-04-02T00:18:29.000Z gcc: fatal error: cannot execute 'cc1plus': No such file or directory
2026-04-02T00:18:29.000Z ##[error]Build failed with exit code 2",2026-04-02t00:18:29.000z group run ci for angular/angular 2026-04-02t00:18:29.000z runner image: macos-latest 2026-04-02t00:18:29.000z language: python 2026-04-02t00:18:29.000z make build-ci -j4 2026-04-02t00:18:29.000z gcc: fatal,Build Failure,build,high,Compilation or packaging process failed
"2026-04-02T06:08:17.000Z ##[group]Run CI for spring-projects/spring-boot
2026-04-02T06:08:17.000Z Runner image: macos-latest
2026-04-02T06:08:17.000Z Language: go
2026-04-02T06:08:17.000Z make build-ci -j4
2026-04-02T06:08:17.000Z gcc: fatal error: cannot execute 'cc1plus': No such file or directory
2026-04-02T06:08:17.000Z ##[error]Build failed with exit code 2",2026-04-02t06:08:17.000z group run ci for spring-projects/spring-boot 2026-04-02t06:08:17.000z runner image: macos-latest 2026-04-02t06:08:17.000z language: go 2026-04-02t06:08:17.000z make build-ci -j4 2026-04-02t06:08:17.000z gcc: fatal,Build Failure,build,high,Compilation or packaging process failed
"2026-04-02T06:12:41.000Z ##[group]Run CI for vercel/next.js
2026-04-02T06:12:41.000Z Runner image: ubuntu-latest
2026-04-02T06:12:41.000Z Language: java
2026-04-02T06:12:41.000Z make build-ci -j4
2026-04-02T06:12:41.000Z gcc: fatal error: cannot execute 'cc1plus': No such file or directory
2026-04-02T06:12:41.000Z ##[error]Build failed with exit code 2",2026-04-02t06:12:41.000z group run ci for vercel/next.js 2026-04-02t06:12:41.000z runner image: ubuntu-latest 2026-04-02t06:12:41.000z language: java 2026-04-02t06:12:41.000z make build-ci -j4 2026-04-02t06:12:41.000z gcc: fatal,Build Failure,build,high,Compilation or packaging process failed
"2026-04-02T00:27:50.000Z ##[group]Run CI for microsoft/vscode
2026-04-02T00:27:50.000Z Runner image: macos-latest
2026-04-02T00:27:50.000Z Language: node
2026-04-02T00:27:50.000Z make build-ci -j4
2026-04-02T00:27:50.000Z gcc: fatal error: cannot execute 'cc1plus': No such file or directory
2026-04-02T00:27:50.000Z ##[error]Build failed with exit code 2",2026-04-02t00:27:50.000z group run ci for microsoft/vscode 2026-04-02t00:27:50.000z runner image: macos-latest 2026-04-02t00:27:50.000z language: node 2026-04-02t00:27:50.000z make build-ci -j4 2026-04-02t00:27:50.000z gcc: fatal,Build Failure,build,high,Compilation or packaging process failed
"2026-04-02T06:20:52.000Z ##[group]Run CI for microsoft/vscode
2026-04-02T06:20:52.000Z Runner image: macos-latest
2026-04-02T06:20:52.000Z Language: node
2026-04-02T06:20:52.000Z make build-ci -j4
2026-04-02T06:20:52.000Z gcc: fatal error: cannot execute 'cc1plus': No such file or directory
2026-04-02T06:20:52.000Z ##[error]Build failed with exit code 2",2026-04-02t06:20:52.000z group run ci for microsoft/vscode 2026-04-02t06:20:52.000z runner image: macos-latest 2026-04-02t06:20:52.000z language: node 2026-04-02t06:20:52.000z make build-ci -j4 2026-04-02t06:20:52.000z gcc: fatal,Build Failure,build,high,Compilation or packaging process failed
"2026-04-02T06:24:42.000Z ##[group]Run CI for django/django
2026-04-02T06:24:42.000Z Runner image: macos-latest
2026-04-02T06:24:42.000Z Language: java
2026-04-02T06:24:42.000Z make build-ci -j4
2026-04-02T06:24:42.000Z gcc: fatal error: cannot execute 'cc1plus': No such file or directory
2026-04-02T06:24:42.000Z ##[error]Build failed with exit code 2",2026-04-02t06:24:42.000z group run ci for django/django 2026-04-02t06:24:42.000z runner image: macos-latest 2026-04-02t06:24:42.000z language: java 2026-04-02t06:24:42.000z make build-ci -j4 2026-04-02t06:24:42.000z gcc: fatal,Build Failure,build,high,Compilation or packaging process failed
"2026-04-02T00:36:59.000Z ##[group]Run CI for tensorflow/tensorflow
2026-04-02T00:36:59.000Z Runner image: ubuntu-latest
2026-04-02T00:36:59.000Z Language: node
2026-04-02T00:36:59.000Z make build-ci -j4
2026-04-02T00:36:59.000Z gcc: fatal error: cannot execute 'cc1plus': No such file or directory
2026-04-02T00:36:59.000Z ##[error]Build failed with exit code 2",2026-04-02t00:36:59.000z group run ci for tensorflow/tensorflow 2026-04-02t00:36:59.000z runner image: ubuntu-latest 2026-04-02t00:36:59.000z language: node 2026-04-02t00:36:59.000z make build-ci -j4 2026-04-02t00:36:59.000z gcc: fatal,Build Failure,build,high,Compilation or packaging process failed
"2026-04-01T18:46:28.000Z ##[group]Run CI for vercel/next.js
2026-04-01T18:46:28.000Z Runner image: ubuntu-latest
2026-04-01T18:46:28.000Z Language: java
2026-04-01T18:46:28.000Z make build-ci -j4
2026-04-01T18:46:28.000Z gcc: fatal error: cannot execute 'cc1plus': No such file or directory
2026-04-01T18:46:28.000Z ##[error]Build failed with exit code 2",2026-04-01t18:46:28.000z group run ci for vercel/next.js 2026-04-01t18:46:28.000z runner image: ubuntu-latest 2026-04-01t18:46:28.000z language: java 2026-04-01t18:46:28.000z make build-ci -j4 2026-04-01t18:46:28.000z gcc: fatal,Build Failure,build,high,Compilation or packaging process failed
"2026-04-01T12:54:16.000Z ##[group]Run CI for microsoft/vscode
2026-04-01T12:54:16.000Z Runner image: windows-latest
2026-04-01T12:54:16.000Z Language: java
2026-04-01T12:54:16.000Z make build-ci -j4
2026-04-01T12:54:16.000Z gcc: fatal error: cannot execute 'cc1plus': No such file or directory
2026-04-01T12:54:16.000Z ##[error]Build failed with exit code 2",2026-04-01t12:54:16.000z group run ci for microsoft/vscode 2026-04-01t12:54:16.000z runner image: windows-latest 2026-04-01t12:54:16.000z language: java 2026-04-01t12:54:16.000z make build-ci -j4 2026-04-01t12:54:16.000z gcc: fatal,Build Failure,build,high,Compilation or packaging process failed
"2026-04-01T12:55:29.000Z ##[group]Run CI for pytorch/pytorch
2026-04-01T12:55:29.000Z Runner image: macos-latest
2026-04-01T12:55:29.000Z Language: node
2026-04-01T12:55:29.000Z make build-ci -j4
2026-04-01T12:55:29.000Z gcc: fatal error: cannot execute 'cc1plus': No such file or directory
2026-04-01T12:55:29.000Z ##[error]Build failed with exit code 2",2026-04-01t12:55:29.000z group run ci for pytorch/pytorch 2026-04-01t12:55:29.000z runner image: macos-latest 2026-04-01t12:55:29.000z language: node 2026-04-01t12:55:29.000z make build-ci -j4 2026-04-01t12:55:29.000z gcc: fatal,Build Failure,build,high,Compilation or packaging process failed
"2026-04-02T00:48:44.000Z ##[group]Run CI for microsoft/vscode
2026-04-02T00:48:44.000Z Runner image: ubuntu-latest
2026-04-02T00:48:44.000Z Language: go
2026-04-02T00:48:44.000Z make build-ci -j4
2026-04-02T00:48:44.000Z gcc: fatal error: cannot execute 'cc1plus': No such file or directory
2026-04-02T00:48:44.000Z ##[error]Build failed with exit code 2",2026-04-02t00:48:44.000z group run ci for microsoft/vscode 2026-04-02t00:48:44.000z runner image: ubuntu-latest 2026-04-02t00:48:44.000z language: go 2026-04-02t00:48:44.000z make build-ci -j4 2026-04-02t00:48:44.000z gcc: fatal,Build Failure,build,high,Compilation or packaging process failed
"2026-04-01T18:54:14.000Z ##[group]Run CI for tensorflow/tensorflow
2026-04-01T18:54:14.000Z Runner image: macos-latest
2026-04-01T18:54:14.000Z Language: java
2026-04-01T18:54:14.000Z make build-ci -j4
2026-04-01T18:54:14.000Z gcc: fatal error: cannot execute 'cc1plus': No such file or directory
2026-04-01T18:54:14.000Z ##[error]Build failed with exit code 2",2026-04-01t18:54:14.000z group run ci for tensorflow/tensorflow 2026-04-01t18:54:14.000z runner image: macos-latest 2026-04-01t18:54:14.000z language: java 2026-04-01t18:54:14.000z make build-ci -j4 2026-04-01t18:54:14.000z gcc: fatal,Build Failure,build,high,Compilation or packaging process failed
"2026-04-02T00:54:26.000Z ##[group]Run CI for nodejs/node
2026-04-02T00:54:26.000Z Runner image: windows-latest
2026-04-02T00:54:26.000Z Language: node
2026-04-02T00:54:26.000Z make build-ci -j4
2026-04-02T00:54:26.000Z gcc: fatal error: cannot execute 'cc1plus': No such file or directory
2026-04-02T00:54:26.000Z ##[error]Build failed with exit code 2",2026-04-02t00:54:26.000z group run ci for nodejs/node 2026-04-02t00:54:26.000z runner image: windows-latest 2026-04-02t00:54:26.000z language: node 2026-04-02t00:54:26.000z make build-ci -j4 2026-04-02t00:54:26.000z gcc: fatal,Build Failure,build,high,Compilation or packaging process failed
"2026-04-01T18:58:48.000Z ##[group]Run CI for spring-projects/spring-boot
2026-04-01T18:58:48.000Z Runner image: windows-latest
2026-04-01T18:58:48.000Z Language: rust
2026-04-01T18:58:48.000Z make build-ci -j4
2026-04-01T18:58:48.000Z gcc: fatal error: cannot execute 'cc1plus': No such file or directory
2026-04-01T18:58:48.000Z ##[error]Build failed with exit code 2",2026-04-01t18:58:48.000z group run ci for spring-projects/spring-boot 2026-04-01t18:58:48.000z runner image: windows-latest 2026-04-01t18:58:48.000z language: rust 2026-04-01t18:58:48.000z make build-ci -j4 2026-04-01t18:58:48.000z gcc: fatal,Build Failure,build,high,Compilation or packaging process failed
"2026-04-01T13:00:33.000Z ##[group]Run CI for vercel/next.js
2026-04-01T13:00:33.000Z Runner image: macos-latest
2026-04-01T13:00:33.000Z Language: rust
2026-04-01T13:00:33.000Z make build-ci -j4
2026-04-01T13:00:33.000Z gcc: fatal error: cannot execute 'cc1plus': No such file or directory
2026-04-01T13:00:33.000Z ##[error]Build failed with exit code 2",2026-04-01t13:00:33.000z group run ci for vercel/next.js 2026-04-01t13:00:33.000z runner image: macos-latest 2026-04-01t13:00:33.000z language: rust 2026-04-01t13:00:33.000z make build-ci -j4 2026-04-01t13:00:33.000z gcc: fatal,Build Failure,build,high,Compilation or packaging process failed
"2026-04-01T13:01:03.000Z ##[group]Run CI for apache/spark
2026-04-01T13:01:03.000Z Runner image: macos-latest
2026-04-01T13:01:03.000Z Language: java
2026-04-01T13:01:03.000Z Starting module auth
2026-04-01T13:01:03.000Z Traceback (most recent call last): ValueError: invalid state transition in auth
2026-04-01T13:01:03.000Z ##[error]Runtime exception in test process",2026-04-01t13:01:03.000z group run ci for apache/spark 2026-04-01t13:01:03.000z runner image: macos-latest 2026-04-01t13:01:03.000z language: java 2026-04-01t13:01:03.000z starting module auth 2026-04-01t13:01:03.000z traceback most,Runtime Error,test,medium,Unhandled exception during job execution
"2026-04-01T19:04:10.000Z ##[group]Run CI for spring-projects/spring-boot
2026-04-01T19:04:10.000Z Runner image: macos-latest
2026-04-01T19:04:10.000Z Language: node
2026-04-01T19:04:10.000Z Starting module router
2026-04-01T19:04:10.000Z Traceback (most recent call last): ValueError: invalid state transition in router
2026-04-01T19:04:10.000Z ##[error]Runtime exception in test process",2026-04-01t19:04:10.000z group run ci for spring-projects/spring-boot 2026-04-01t19:04:10.000z runner image: macos-latest 2026-04-01t19:04:10.000z language: node 2026-04-01t19:04:10.000z starting module router 2026-04-01t19:04:10.000z traceback most,Runtime Error,test,medium,Unhandled exception during job execution
"2026-04-01T19:06:45.000Z ##[group]Run CI for pytorch/pytorch
2026-04-01T19:06:45.000Z Runner image: macos-latest
2026-04-01T19:06:45.000Z Language: go
2026-04-01T19:06:45.000Z Starting module auth
2026-04-01T19:06:45.000Z Traceback (most recent call last): ValueError: invalid state transition in auth
2026-04-01T19:06:45.000Z ##[error]Runtime exception in test process",2026-04-01t19:06:45.000z group run ci for pytorch/pytorch 2026-04-01t19:06:45.000z runner image: macos-latest 2026-04-01t19:06:45.000z language: go 2026-04-01t19:06:45.000z starting module auth 2026-04-01t19:06:45.000z traceback most,Runtime Error,test,medium,Unhandled exception during job execution
"2026-04-02T07:16:51.000Z ##[group]Run CI for angular/angular
2026-04-02T07:16:51.000Z Runner image: windows-latest
2026-04-02T07:16:51.000Z Language: python
2026-04-02T07:16:51.000Z Starting module router
2026-04-02T07:16:51.000Z Traceback (most recent call last): ValueError: invalid state transition in router
2026-04-02T07:16:51.000Z ##[error]Runtime exception in test process",2026-04-02t07:16:51.000z group run ci for angular/angular 2026-04-02t07:16:51.000z runner image: windows-latest 2026-04-02t07:16:51.000z language: python 2026-04-02t07:16:51.000z starting module router 2026-04-02t07:16:51.000z traceback most,Runtime Error,test,medium,Unhandled exception during job execution
"2026-04-02T07:20:29.000Z ##[group]Run CI for facebook/react
2026-04-02T07:20:29.000Z Runner image: windows-latest
2026-04-02T07:20:29.000Z Language: node
2026-04-02T07:20:29.000Z Starting module router
2026-04-02T07:20:29.000Z Traceback (most recent call last): ValueError: invalid state transition in router
2026-04-02T07:20:29.000Z ##[error]Runtime exception in test process",2026-04-02t07:20:29.000z group run ci for facebook/react 2026-04-02t07:20:29.000z runner image: windows-latest 2026-04-02t07:20:29.000z language: node 2026-04-02t07:20:29.000z starting module router 2026-04-02t07:20:29.000z traceback most,Runtime Error,test,medium,Unhandled exception during job execution
"2026-04-02T01:18:46.000Z ##[group]Run CI for angular/angular
2026-04-02T01:18:46.000Z Runner image: ubuntu-latest
2026-04-02T01:18:46.000Z Language: rust
2026-04-02T01:18:46.000Z Starting module compiler
2026-04-02T01:18:46.000Z Traceback (most recent call last): ValueError: invalid state transition in compiler
2026-04-02T01:18:46.000Z ##[error]Runtime exception in test process",2026-04-02t01:18:46.000z group run ci for angular/angular 2026-04-02t01:18:46.000z runner image: ubuntu-latest 2026-04-02t01:18:46.000z language: rust 2026-04-02t01:18:46.000z starting module compiler 2026-04-02t01:18:46.000z traceback most,Runtime Error,test,medium,Unhandled exception during job execution
"2026-04-01T13:07:47.000Z ##[group]Run CI for facebook/react
2026-04-01T13:07:47.000Z Runner image: windows-latest
2026-04-01T13:07:47.000Z Language: java
2026-04-01T13:07:47.000Z Starting module worker
2026-04-01T13:07:47.000Z Traceback (most recent call last): ValueError: invalid state transition in worker
2026-04-01T13:07:47.000Z ##[error]Runtime exception in test process",2026-04-01t13:07:47.000z group run ci for facebook/react 2026-04-01t13:07:47.000z runner image: windows-latest 2026-04-01t13:07:47.000z language: java 2026-04-01t13:07:47.000z starting module worker 2026-04-01t13:07:47.000z traceback most,Runtime Error,test,medium,Unhandled exception during job execution
"2026-04-02T07:32:22.000Z ##[group]Run CI for vercel/next.js
2026-04-02T07:32:22.000Z Runner image: macos-latest
2026-04-02T07:32:22.000Z Language: python
2026-04-02T07:32:22.000Z Starting module auth
2026-04-02T07:32:22.000Z Traceback (most recent call last): ValueError: invalid state transition in auth
2026-04-02T07:32:22.000Z ##[error]Runtime exception in test process",2026-04-02t07:32:22.000z group run ci for vercel/next.js 2026-04-02t07:32:22.000z runner image: macos-latest 2026-04-02t07:32:22.000z language: python 2026-04-02t07:32:22.000z starting module auth 2026-04-02t07:32:22.000z traceback most,Runtime Error,test,medium,Unhandled exception during job execution
"2026-04-02T07:36:02.000Z ##[group]Run CI for tensorflow/tensorflow
2026-04-02T07:36:02.000Z Runner image: macos-latest
2026-04-02T07:36:02.000Z Language: python
2026-04-02T07:36:02.000Z Starting module auth
2026-04-02T07:36:02.000Z Traceback (most recent call last): ValueError: invalid state transition in auth
2026-04-02T07:36:02.000Z ##[error]Runtime exception in test process",2026-04-02t07:36:02.000z group run ci for tensorflow/tensorflow 2026-04-02t07:36:02.000z runner image: macos-latest 2026-04-02t07:36:02.000z language: python 2026-04-02t07:36:02.000z starting module auth 2026-04-02t07:36:02.000z traceback most,Runtime Error,test,medium,Unhandled exception during job execution
"2026-04-01T19:20:49.000Z ##[group]Run CI for microsoft/vscode
2026-04-01T19:20:49.000Z Runner image: windows-latest
2026-04-01T19:20:49.000Z Language: node
2026-04-01T19:20:49.000Z Starting module worker
2026-04-01T19:20:49.000Z Traceback (most recent call last): ValueError: invalid state transition in worker
2026-04-01T19:20:49.000Z ##[error]Runtime exception in test process",2026-04-01t19:20:49.000z group run ci for microsoft/vscode 2026-04-01t19:20:49.000z runner image: windows-latest 2026-04-01t19:20:49.000z language: node 2026-04-01t19:20:49.000z starting module worker 2026-04-01t19:20:49.000z traceback most,Runtime Error,test,medium,Unhandled exception during job execution
"2026-04-02T07:44:24.000Z ##[group]Run CI for django/django
2026-04-02T07:44:24.000Z Runner image: windows-latest
2026-04-02T07:44:24.000Z Language: go
2026-04-02T07:44:24.000Z Starting module compiler
2026-04-02T07:44:24.000Z Traceback (most recent call last): ValueError: invalid state transition in compiler
2026-04-02T07:44:24.000Z ##[error]Runtime exception in test process",2026-04-02t07:44:24.000z group run ci for django/django 2026-04-02t07:44:24.000z runner image: windows-latest 2026-04-02t07:44:24.000z language: go 2026-04-02t07:44:24.000z starting module compiler 2026-04-02t07:44:24.000z traceback most,Runtime Error,test,medium,Unhandled exception during job execution
"2026-04-02T01:36:07.000Z ##[group]Run CI for tensorflow/tensorflow
2026-04-02T01:36:07.000Z Runner image: macos-latest
2026-04-02T01:36:07.000Z Language: rust
2026-04-02T01:36:07.000Z Starting module billing
2026-04-02T01:36:07.000Z Traceback (most recent call last): ValueError: invalid state transition in billing
2026-04-02T01:36:07.000Z ##[error]Runtime exception in test process",2026-04-02t01:36:07.000z group run ci for tensorflow/tensorflow 2026-04-02t01:36:07.000z runner image: macos-latest 2026-04-02t01:36:07.000z language: rust 2026-04-02t01:36:07.000z starting module billing 2026-04-02t01:36:07.000z traceback most,Runtime Error,test,medium,Unhandled exception during job execution
"2026-04-01T19:26:46.000Z ##[group]Run CI for nodejs/node
2026-04-01T19:26:46.000Z Runner image: macos-latest
2026-04-01T19:26:46.000Z Language: go
2026-04-01T19:26:46.000Z Starting module router
2026-04-01T19:26:46.000Z Traceback (most recent call last): ValueError: invalid state transition in router
2026-04-01T19:26:46.000Z ##[error]Runtime exception in test process",2026-04-01t19:26:46.000z group run ci for nodejs/node 2026-04-01t19:26:46.000z runner image: macos-latest 2026-04-01t19:26:46.000z language: go 2026-04-01t19:26:46.000z starting module router 2026-04-01t19:26:46.000z traceback most,Runtime Error,test,medium,Unhandled exception during job execution
"2026-04-02T07:56:43.000Z ##[group]Run CI for vercel/next.js
2026-04-02T07:56:43.000Z Runner image: ubuntu-latest
2026-04-02T07:56:43.000Z Language: python
2026-04-02T07:56:43.000Z Starting module scheduler
2026-04-02T07:56:43.000Z Traceback (most recent call last): ValueError: invalid state transition in scheduler
2026-04-02T07:56:43.000Z ##[error]Runtime exception in test process",2026-04-02t07:56:43.000z group run ci for vercel/next.js 2026-04-02t07:56:43.000z runner image: ubuntu-latest 2026-04-02t07:56:43.000z language: python 2026-04-02t07:56:43.000z starting module scheduler 2026-04-02t07:56:43.000z traceback most,Runtime Error,test,medium,Unhandled exception during job execution
"2026-04-01T19:30:15.000Z ##[group]Run CI for spring-projects/spring-boot
2026-04-01T19:30:15.000Z Runner image: windows-latest
2026-04-01T19:30:15.000Z Language: rust
2026-04-01T19:30:15.000Z Starting module compiler
2026-04-01T19:30:15.000Z Traceback (most recent call last): ValueError: invalid state transition in compiler
2026-04-01T19:30:15.000Z ##[error]Runtime exception in test process",2026-04-01t19:30:15.000z group run ci for spring-projects/spring-boot 2026-04-01t19:30:15.000z runner image: windows-latest 2026-04-01t19:30:15.000z language: rust 2026-04-01t19:30:15.000z starting module compiler 2026-04-01t19:30:15.000z traceback most,Runtime Error,test,medium,Unhandled exception during job execution
"2026-04-01T19:32:59.000Z ##[group]Run CI for apache/spark
2026-04-01T19:32:59.000Z Runner image: windows-latest
2026-04-01T19:32:59.000Z Language: node
2026-04-01T19:32:59.000Z Starting module scheduler
2026-04-01T19:32:59.000Z Traceback (most recent call last): ValueError: invalid state transition in scheduler
2026-04-01T19:32:59.000Z ##[error]Runtime exception in test process",2026-04-01t19:32:59.000z group run ci for apache/spark 2026-04-01t19:32:59.000z runner image: windows-latest 2026-04-01t19:32:59.000z language: node 2026-04-01t19:32:59.000z starting module scheduler 2026-04-01t19:32:59.000z traceback most,Runtime Error,test,medium,Unhandled exception during job execution
"2026-04-01T13:17:15.000Z ##[group]Run CI for tensorflow/tensorflow
2026-04-01T13:17:15.000Z Runner image: ubuntu-latest
2026-04-01T13:17:15.000Z Language: go
2026-04-01T13:17:15.000Z Starting module router
2026-04-01T13:17:15.000Z Traceback (most recent call last): ValueError: invalid state transition in router
2026-04-01T13:17:15.000Z ##[error]Runtime exception in test process",2026-04-01t13:17:15.000z group run ci for tensorflow/tensorflow 2026-04-01t13:17:15.000z runner image: ubuntu-latest 2026-04-01t13:17:15.000z language: go 2026-04-01t13:17:15.000z starting module router 2026-04-01t13:17:15.000z traceback most,Runtime Error,test,medium,Unhandled exception during job execution
"2026-04-01T13:18:28.000Z ##[group]Run CI for vercel/next.js
2026-04-01T13:18:28.000Z Runner image: ubuntu-latest
2026-04-01T13:18:28.000Z Language: python
2026-04-01T13:18:28.000Z Starting module router
2026-04-01T13:18:28.000Z Traceback (most recent call last): ValueError: invalid state transition in router
2026-04-01T13:18:28.000Z ##[error]Runtime exception in test process",2026-04-01t13:18:28.000z group run ci for vercel/next.js 2026-04-01t13:18:28.000z runner image: ubuntu-latest 2026-04-01t13:18:28.000z language: python 2026-04-01t13:18:28.000z starting module router 2026-04-01t13:18:28.000z traceback most,Runtime Error,test,medium,Unhandled exception during job execution
"2026-04-01T13:19:25.000Z ##[group]Run CI for angular/angular
2026-04-01T13:19:25.000Z Runner image: macos-latest
2026-04-01T13:19:25.000Z Language: python
2026-04-01T13:19:25.000Z Starting module billing
2026-04-01T13:19:25.000Z Traceback (most recent call last): ValueError: invalid state transition in billing
2026-04-01T13:19:25.000Z ##[error]Runtime exception in test process",2026-04-01t13:19:25.000z group run ci for angular/angular 2026-04-01t13:19:25.000z runner image: macos-latest 2026-04-01t13:19:25.000z language: python 2026-04-01t13:19:25.000z starting module billing 2026-04-01t13:19:25.000z traceback most,Runtime Error,test,medium,Unhandled exception during job execution
"2026-04-01T13:20:08.000Z ##[group]Run CI for apache/spark
2026-04-01T13:20:08.000Z Runner image: ubuntu-latest
2026-04-01T13:20:08.000Z Language: rust
2026-04-01T13:20:08.000Z Starting module billing
2026-04-01T13:20:08.000Z Traceback (most recent call last): ValueError: invalid state transition in billing
2026-04-01T13:20:08.000Z ##[error]Runtime exception in test process",2026-04-01t13:20:08.000z group run ci for apache/spark 2026-04-01t13:20:08.000z runner image: ubuntu-latest 2026-04-01t13:20:08.000z language: rust 2026-04-01t13:20:08.000z starting module billing 2026-04-01t13:20:08.000z traceback most,Runtime Error,test,medium,Unhandled exception during job execution
"2026-04-02T02:03:36.000Z ##[group]Run CI for spring-projects/spring-boot
2026-04-02T02:03:36.000Z Runner image: windows-latest
2026-04-02T02:03:36.000Z Language: node
2026-04-02T02:03:36.000Z Starting module worker
2026-04-02T02:03:36.000Z Traceback (most recent call last): ValueError: invalid state transition in worker
2026-04-02T02:03:36.000Z ##[error]Runtime exception in test process",2026-04-02t02:03:36.000z group run ci for spring-projects/spring-boot 2026-04-02t02:03:36.000z runner image: windows-latest 2026-04-02t02:03:36.000z language: node 2026-04-02t02:03:36.000z starting module worker 2026-04-02t02:03:36.000z traceback most,Runtime Error,test,medium,Unhandled exception during job execution
"2026-04-02T02:06:56.000Z ##[group]Run CI for angular/angular
2026-04-02T02:06:56.000Z Runner image: macos-latest
2026-04-02T02:06:56.000Z Language: java
2026-04-02T02:06:56.000Z Starting module billing
2026-04-02T02:06:56.000Z Traceback (most recent call last): ValueError: invalid state transition in billing
2026-04-02T02:06:56.000Z ##[error]Runtime exception in test process",2026-04-02t02:06:56.000z group run ci for angular/angular 2026-04-02t02:06:56.000z runner image: macos-latest 2026-04-02t02:06:56.000z language: java 2026-04-02t02:06:56.000z starting module billing 2026-04-02t02:06:56.000z traceback most,Runtime Error,test,medium,Unhandled exception during job execution
"2026-04-02T08:32:19.000Z ##[group]Run CI for nodejs/node
2026-04-02T08:32:19.000Z Runner image: macos-latest
2026-04-02T08:32:19.000Z Language: rust
2026-04-02T08:32:19.000Z Starting module billing
2026-04-02T08:32:19.000Z Traceback (most recent call last): ValueError: invalid state transition in billing
2026-04-02T08:32:19.000Z ##[error]Runtime exception in test process",2026-04-02t08:32:19.000z group run ci for nodejs/node 2026-04-02t08:32:19.000z runner image: macos-latest 2026-04-02t08:32:19.000z language: rust 2026-04-02t08:32:19.000z starting module billing 2026-04-02t08:32:19.000z traceback most,Runtime Error,test,medium,Unhandled exception during job execution
"2026-04-01T19:48:40.000Z ##[group]Run CI for microsoft/vscode
2026-04-01T19:48:40.000Z Runner image: ubuntu-latest
2026-04-01T19:48:40.000Z Language: rust
2026-04-01T19:48:40.000Z Starting module router
2026-04-01T19:48:40.000Z Traceback (most recent call last): ValueError: invalid state transition in router
2026-04-01T19:48:40.000Z ##[error]Runtime exception in test process",2026-04-01t19:48:40.000z group run ci for microsoft/vscode 2026-04-01t19:48:40.000z runner image: ubuntu-latest 2026-04-01t19:48:40.000z language: rust 2026-04-01t19:48:40.000z starting module router 2026-04-01t19:48:40.000z traceback most,Runtime Error,test,medium,Unhandled exception during job execution
"2026-04-02T02:15:41.000Z ##[group]Run CI for django/django
2026-04-02T02:15:41.000Z Runner image: macos-latest
2026-04-02T02:15:41.000Z Language: go
2026-04-02T02:15:41.000Z Starting module auth
2026-04-02T02:15:41.000Z Traceback (most recent call last): ValueError: invalid state transition in auth
2026-04-02T02:15:41.000Z ##[error]Runtime exception in test process",2026-04-02t02:15:41.000z group run ci for django/django 2026-04-02t02:15:41.000z runner image: macos-latest 2026-04-02t02:15:41.000z language: go 2026-04-02t02:15:41.000z starting module auth 2026-04-02t02:15:41.000z traceback most,Runtime Error,test,medium,Unhandled exception during job execution
"2026-04-02T08:44:26.000Z ##[group]Run CI for django/django
2026-04-02T08:44:26.000Z Runner image: macos-latest
2026-04-02T08:44:26.000Z Language: java
2026-04-02T08:44:26.000Z Starting module cache
2026-04-02T08:44:26.000Z Traceback (most recent call last): ValueError: invalid state transition in cache
2026-04-02T08:44:26.000Z ##[error]Runtime exception in test process",2026-04-02t08:44:26.000z group run ci for django/django 2026-04-02t08:44:26.000z runner image: macos-latest 2026-04-02t08:44:26.000z language: java 2026-04-02t08:44:26.000z starting module cache 2026-04-02t08:44:26.000z traceback most,Runtime Error,test,medium,Unhandled exception during job execution
"2026-04-02T08:48:15.000Z ##[group]Run CI for nodejs/node
2026-04-02T08:48:15.000Z Runner image: windows-latest
2026-04-02T08:48:15.000Z Language: go
2026-04-02T08:48:15.000Z Starting module billing
2026-04-02T08:48:15.000Z Traceback (most recent call last): ValueError: invalid state transition in billing
2026-04-02T08:48:15.000Z ##[error]Runtime exception in test process",2026-04-02t08:48:15.000z group run ci for nodejs/node 2026-04-02t08:48:15.000z runner image: windows-latest 2026-04-02t08:48:15.000z language: go 2026-04-02t08:48:15.000z starting module billing 2026-04-02t08:48:15.000z traceback most,Runtime Error,test,medium,Unhandled exception during job execution
"2026-04-02T08:52:58.000Z ##[group]Run CI for vercel/next.js
2026-04-02T08:52:58.000Z Runner image: windows-latest
2026-04-02T08:52:58.000Z Language: node
2026-04-02T08:52:58.000Z Starting module worker
2026-04-02T08:52:58.000Z Traceback (most recent call last): ValueError: invalid state transition in worker
2026-04-02T08:52:58.000Z ##[error]Runtime exception in test process",2026-04-02t08:52:58.000z group run ci for vercel/next.js 2026-04-02t08:52:58.000z runner image: windows-latest 2026-04-02t08:52:58.000z language: node 2026-04-02t08:52:58.000z starting module worker 2026-04-02t08:52:58.000z traceback most,Runtime Error,test,medium,Unhandled exception during job execution
"2026-04-01T19:58:24.000Z ##[group]Run CI for facebook/react
2026-04-01T19:58:24.000Z Runner image: macos-latest
2026-04-01T19:58:24.000Z Language: go
2026-04-01T19:58:24.000Z Starting module compiler
2026-04-01T19:58:24.000Z Traceback (most recent call last): ValueError: invalid state transition in compiler
2026-04-01T19:58:24.000Z ##[error]Runtime exception in test process",2026-04-01t19:58:24.000z group run ci for facebook/react 2026-04-01t19:58:24.000z runner image: macos-latest 2026-04-01t19:58:24.000z language: go 2026-04-01t19:58:24.000z starting module compiler 2026-04-01t19:58:24.000z traceback most,Runtime Error,test,medium,Unhandled exception during job execution
"2026-04-01T13:30:59.000Z ##[group]Run CI for vercel/next.js
2026-04-01T13:30:59.000Z Runner image: windows-latest
2026-04-01T13:30:59.000Z Language: node
2026-04-01T13:30:59.000Z Starting module scheduler
2026-04-01T13:30:59.000Z Traceback (most recent call last): ValueError: invalid state transition in scheduler
2026-04-01T13:30:59.000Z ##[error]Runtime exception in test process",2026-04-01t13:30:59.000z group run ci for vercel/next.js 2026-04-01t13:30:59.000z runner image: windows-latest 2026-04-01t13:30:59.000z language: node 2026-04-01t13:30:59.000z starting module scheduler 2026-04-01t13:30:59.000z traceback most,Runtime Error,test,medium,Unhandled exception during job execution
"2026-04-01T20:02:03.000Z ##[group]Run CI for apache/spark
2026-04-01T20:02:03.000Z Runner image: windows-latest
2026-04-01T20:02:03.000Z Language: python
2026-04-01T20:02:03.000Z Starting module router
2026-04-01T20:02:03.000Z Traceback (most recent call last): ValueError: invalid state transition in router
2026-04-01T20:02:03.000Z ##[error]Runtime exception in test process",2026-04-01t20:02:03.000z group run ci for apache/spark 2026-04-01t20:02:03.000z runner image: windows-latest 2026-04-01t20:02:03.000z language: python 2026-04-01t20:02:03.000z starting module router 2026-04-01t20:02:03.000z traceback most,Runtime Error,test,medium,Unhandled exception during job execution
"2026-04-01T13:32:55.000Z ##[group]Run CI for microsoft/vscode
2026-04-01T13:32:55.000Z Runner image: windows-latest
2026-04-01T13:32:55.000Z Language: rust
2026-04-01T13:32:55.000Z Starting module router
2026-04-01T13:32:55.000Z Traceback (most recent call last): ValueError: invalid state transition in router
2026-04-01T13:32:55.000Z ##[error]Runtime exception in test process",2026-04-01t13:32:55.000z group run ci for microsoft/vscode 2026-04-01t13:32:55.000z runner image: windows-latest 2026-04-01t13:32:55.000z language: rust 2026-04-01t13:32:55.000z starting module router 2026-04-01t13:32:55.000z traceback most,Runtime Error,test,medium,Unhandled exception during job execution
"2026-04-01T20:06:30.000Z ##[group]Run CI for tensorflow/tensorflow
2026-04-01T20:06:30.000Z Runner image: ubuntu-latest
2026-04-01T20:06:30.000Z Language: rust
2026-04-01T20:06:30.000Z Starting module cache
2026-04-01T20:06:30.000Z Traceback (most recent call last): ValueError: invalid state transition in cache
2026-04-01T20:06:30.000Z ##[error]Runtime exception in test process",2026-04-01t20:06:30.000z group run ci for tensorflow/tensorflow 2026-04-01t20:06:30.000z runner image: ubuntu-latest 2026-04-01t20:06:30.000z language: rust 2026-04-01t20:06:30.000z starting module cache 2026-04-01t20:06:30.000z traceback most,Runtime Error,test,medium,Unhandled exception during job execution
"2026-04-01T20:08:59.000Z ##[group]Run CI for vercel/next.js
2026-04-01T20:08:59.000Z Runner image: windows-latest
2026-04-01T20:08:59.000Z Language: java
2026-04-01T20:08:59.000Z Starting module auth
2026-04-01T20:08:59.000Z Traceback (most recent call last): ValueError: invalid state transition in auth
2026-04-01T20:08:59.000Z ##[error]Runtime exception in test process",2026-04-01t20:08:59.000z group run ci for vercel/next.js 2026-04-01t20:08:59.000z runner image: windows-latest 2026-04-01t20:08:59.000z language: java 2026-04-01t20:08:59.000z starting module auth 2026-04-01t20:08:59.000z traceback most,Runtime Error,test,medium,Unhandled exception during job execution
"2026-04-02T09:20:58.000Z ##[group]Run CI for vercel/next.js
2026-04-02T09:20:58.000Z Runner image: macos-latest
2026-04-02T09:20:58.000Z Language: python
2026-04-02T09:20:58.000Z Starting module cache
2026-04-02T09:20:58.000Z Traceback (most recent call last): ValueError: invalid state transition in cache
2026-04-02T09:20:58.000Z ##[error]Runtime exception in test process",2026-04-02t09:20:58.000z group run ci for vercel/next.js 2026-04-02t09:20:58.000z runner image: macos-latest 2026-04-02t09:20:58.000z language: python 2026-04-02t09:20:58.000z starting module cache 2026-04-02t09:20:58.000z traceback most,Runtime Error,test,medium,Unhandled exception during job execution
"2026-04-01T20:12:25.000Z ##[group]Run CI for vercel/next.js
2026-04-01T20:12:25.000Z Runner image: macos-latest
2026-04-01T20:12:25.000Z Language: rust
2026-04-01T20:12:25.000Z Starting module cache
2026-04-01T20:12:25.000Z Traceback (most recent call last): ValueError: invalid state transition in cache
2026-04-01T20:12:25.000Z ##[error]Runtime exception in test process",2026-04-01t20:12:25.000z group run ci for vercel/next.js 2026-04-01t20:12:25.000z runner image: macos-latest 2026-04-01t20:12:25.000z language: rust 2026-04-01t20:12:25.000z starting module cache 2026-04-01t20:12:25.000z traceback most,Runtime Error,test,medium,Unhandled exception during job execution
"2026-04-02T02:51:24.000Z ##[group]Run CI for vercel/next.js
2026-04-02T02:51:24.000Z Runner image: macos-latest
2026-04-02T02:51:24.000Z Language: java
2026-04-02T02:51:24.000Z Starting module worker
2026-04-02T02:51:24.000Z Traceback (most recent call last): ValueError: invalid state transition in worker
2026-04-02T02:51:24.000Z ##[error]Runtime exception in test process",2026-04-02t02:51:24.000z group run ci for vercel/next.js 2026-04-02t02:51:24.000z runner image: macos-latest 2026-04-02t02:51:24.000z language: java 2026-04-02t02:51:24.000z starting module worker 2026-04-02t02:51:24.000z traceback most,Runtime Error,test,medium,Unhandled exception during job execution
"2026-04-02T02:54:23.000Z ##[group]Run CI for apache/spark
2026-04-02T02:54:23.000Z Runner image: macos-latest
2026-04-02T02:54:23.000Z Language: java
2026-04-02T02:54:23.000Z Starting module scheduler
2026-04-02T02:54:23.000Z Traceback (most recent call last): ValueError: invalid state transition in scheduler
2026-04-02T02:54:23.000Z ##[error]Runtime exception in test process",2026-04-02t02:54:23.000z group run ci for apache/spark 2026-04-02t02:54:23.000z runner image: macos-latest 2026-04-02t02:54:23.000z language: java 2026-04-02t02:54:23.000z starting module scheduler 2026-04-02t02:54:23.000z traceback most,Runtime Error,test,medium,Unhandled exception during job execution
"2026-04-02T09:36:48.000Z ##[group]Run CI for spring-projects/spring-boot
2026-04-02T09:36:48.000Z Runner image: windows-latest
2026-04-02T09:36:48.000Z Language: go
2026-04-02T09:36:48.000Z Starting module auth
2026-04-02T09:36:48.000Z Traceback (most recent call last): ValueError: invalid state transition in auth
2026-04-02T09:36:48.000Z ##[error]Runtime exception in test process",2026-04-02t09:36:48.000z group run ci for spring-projects/spring-boot 2026-04-02t09:36:48.000z runner image: windows-latest 2026-04-02t09:36:48.000z language: go 2026-04-02t09:36:48.000z starting module auth 2026-04-02t09:36:48.000z traceback most,Runtime Error,test,medium,Unhandled exception during job execution
"2026-04-02T09:40:02.000Z ##[group]Run CI for pytorch/pytorch
2026-04-02T09:40:02.000Z Runner image: ubuntu-latest
2026-04-02T09:40:02.000Z Language: java
2026-04-02T09:40:02.000Z Starting module scheduler
2026-04-02T09:40:02.000Z Traceback (most recent call last): ValueError: invalid state transition in scheduler
2026-04-02T09:40:02.000Z ##[error]Runtime exception in test process",2026-04-02t09:40:02.000z group run ci for pytorch/pytorch 2026-04-02t09:40:02.000z runner image: ubuntu-latest 2026-04-02t09:40:02.000z language: java 2026-04-02t09:40:02.000z starting module scheduler 2026-04-02t09:40:02.000z traceback most,Runtime Error,test,medium,Unhandled exception during job execution
"2026-04-02T03:03:35.000Z ##[group]Run CI for angular/angular
2026-04-02T03:03:35.000Z Runner image: ubuntu-latest
2026-04-02T03:03:35.000Z Language: node
2026-04-02T03:03:35.000Z Starting module auth
2026-04-02T03:03:35.000Z Traceback (most recent call last): ValueError: invalid state transition in auth
2026-04-02T03:03:35.000Z ##[error]Runtime exception in test process",2026-04-02t03:03:35.000z group run ci for angular/angular 2026-04-02t03:03:35.000z runner image: ubuntu-latest 2026-04-02t03:03:35.000z language: node 2026-04-02t03:03:35.000z starting module auth 2026-04-02t03:03:35.000z traceback most,Runtime Error,test,medium,Unhandled exception during job execution
"2026-04-01T20:24:12.000Z ##[group]Run CI for angular/angular
2026-04-01T20:24:12.000Z Runner image: macos-latest
2026-04-01T20:24:12.000Z Language: go
2026-04-01T20:24:12.000Z Starting module scheduler
2026-04-01T20:24:12.000Z Traceback (most recent call last): ValueError: invalid state transition in scheduler
2026-04-01T20:24:12.000Z ##[error]Runtime exception in test process",2026-04-01t20:24:12.000z group run ci for angular/angular 2026-04-01t20:24:12.000z runner image: macos-latest 2026-04-01t20:24:12.000z language: go 2026-04-01t20:24:12.000z starting module scheduler 2026-04-01t20:24:12.000z traceback most,Runtime Error,test,medium,Unhandled exception during job execution
"2026-04-01T20:26:31.000Z ##[group]Run CI for pytorch/pytorch
2026-04-01T20:26:31.000Z Runner image: ubuntu-latest
2026-04-01T20:26:31.000Z Language: go
2026-04-01T20:26:31.000Z Starting module router
2026-04-01T20:26:31.000Z Traceback (most recent call last): ValueError: invalid state transition in router
2026-04-01T20:26:31.000Z ##[error]Runtime exception in test process",2026-04-01t20:26:31.000z group run ci for pytorch/pytorch 2026-04-01t20:26:31.000z runner image: ubuntu-latest 2026-04-01t20:26:31.000z language: go 2026-04-01t20:26:31.000z starting module router 2026-04-01t20:26:31.000z traceback most,Runtime Error,test,medium,Unhandled exception during job execution
"2026-04-02T09:56:46.000Z ##[group]Run CI for spring-projects/spring-boot
2026-04-02T09:56:46.000Z Runner image: macos-latest
2026-04-02T09:56:46.000Z Language: java
2026-04-02T09:56:46.000Z Starting module scheduler
2026-04-02T09:56:46.000Z Traceback (most recent call last): ValueError: invalid state transition in scheduler
2026-04-02T09:56:46.000Z ##[error]Runtime exception in test process",2026-04-02t09:56:46.000z group run ci for spring-projects/spring-boot 2026-04-02t09:56:46.000z runner image: macos-latest 2026-04-02t09:56:46.000z language: java 2026-04-02t09:56:46.000z starting module scheduler 2026-04-02t09:56:46.000z traceback most,Runtime Error,test,medium,Unhandled exception during job execution
"2026-04-02T03:15:10.000Z ##[group]Run CI for apache/spark
2026-04-02T03:15:10.000Z Runner image: windows-latest
2026-04-02T03:15:10.000Z Language: node
2026-04-02T03:15:10.000Z Starting module cache
2026-04-02T03:15:10.000Z Traceback (most recent call last): ValueError: invalid state transition in cache
2026-04-02T03:15:10.000Z ##[error]Runtime exception in test process",2026-04-02t03:15:10.000z group run ci for apache/spark 2026-04-02t03:15:10.000z runner image: windows-latest 2026-04-02t03:15:10.000z language: node 2026-04-02t03:15:10.000z starting module cache 2026-04-02t03:15:10.000z traceback most,Runtime Error,test,medium,Unhandled exception during job execution
"2026-04-01T20:32:58.000Z ##[group]Run CI for nodejs/node
2026-04-01T20:32:58.000Z Runner image: macos-latest
2026-04-01T20:32:58.000Z Language: rust
2026-04-01T20:32:58.000Z Starting module compiler
2026-04-01T20:32:58.000Z Traceback (most recent call last): ValueError: invalid state transition in compiler
2026-04-01T20:32:58.000Z ##[error]Runtime exception in test process",2026-04-01t20:32:58.000z group run ci for nodejs/node 2026-04-01t20:32:58.000z runner image: macos-latest 2026-04-01t20:32:58.000z language: rust 2026-04-01t20:32:58.000z starting module compiler 2026-04-01t20:32:58.000z traceback most,Runtime Error,test,medium,Unhandled exception during job execution
"2026-04-01T13:47:53.000Z ##[group]Run CI for spring-projects/spring-boot
2026-04-01T13:47:53.000Z Runner image: macos-latest
2026-04-01T13:47:53.000Z Language: python
2026-04-01T13:47:53.000Z Starting module router
2026-04-01T13:47:53.000Z Traceback (most recent call last): ValueError: invalid state transition in router
2026-04-01T13:47:53.000Z ##[error]Runtime exception in test process",2026-04-01t13:47:53.000z group run ci for spring-projects/spring-boot 2026-04-01t13:47:53.000z runner image: macos-latest 2026-04-01t13:47:53.000z language: python 2026-04-01t13:47:53.000z starting module router 2026-04-01t13:47:53.000z traceback most,Runtime Error,test,medium,Unhandled exception during job execution
"2026-04-01T13:48:26.000Z ##[group]Run CI for tensorflow/tensorflow
2026-04-01T13:48:26.000Z Runner image: macos-latest
2026-04-01T13:48:26.000Z Language: python
2026-04-01T13:48:26.000Z Starting module worker
2026-04-01T13:48:26.000Z Traceback (most recent call last): ValueError: invalid state transition in worker
2026-04-01T13:48:26.000Z ##[error]Runtime exception in test process",2026-04-01t13:48:26.000z group run ci for tensorflow/tensorflow 2026-04-01t13:48:26.000z runner image: macos-latest 2026-04-01t13:48:26.000z language: python 2026-04-01t13:48:26.000z starting module worker 2026-04-01t13:48:26.000z traceback most,Runtime Error,test,medium,Unhandled exception during job execution
"2026-04-01T20:38:00.000Z ##[group]Run CI for nodejs/node
2026-04-01T20:38:00.000Z Runner image: macos-latest
2026-04-01T20:38:00.000Z Language: node
2026-04-01T20:38:00.000Z Starting module auth
2026-04-01T20:38:00.000Z Traceback (most recent call last): ValueError: invalid state transition in auth
2026-04-01T20:38:00.000Z ##[error]Runtime exception in test process",2026-04-01t20:38:00.000z group run ci for nodejs/node 2026-04-01t20:38:00.000z runner image: macos-latest 2026-04-01t20:38:00.000z language: node 2026-04-01t20:38:00.000z starting module auth 2026-04-01t20:38:00.000z traceback most,Runtime Error,test,medium,Unhandled exception during job execution
"2026-04-01T13:50:39.000Z ##[group]Run CI for vercel/next.js
2026-04-01T13:50:39.000Z Runner image: macos-latest
2026-04-01T13:50:39.000Z Language: go
2026-04-01T13:50:39.000Z Starting module scheduler
2026-04-01T13:50:39.000Z Traceback (most recent call last): ValueError: invalid state transition in scheduler
2026-04-01T13:50:39.000Z ##[error]Runtime exception in test process",2026-04-01t13:50:39.000z group run ci for vercel/next.js 2026-04-01t13:50:39.000z runner image: macos-latest 2026-04-01t13:50:39.000z language: go 2026-04-01t13:50:39.000z starting module scheduler 2026-04-01t13:50:39.000z traceback most,Runtime Error,test,medium,Unhandled exception during job execution
"2026-04-01T13:51:34.000Z ##[group]Run CI for angular/angular
2026-04-01T13:51:34.000Z Runner image: windows-latest
2026-04-01T13:51:34.000Z Language: go
2026-04-01T13:51:34.000Z Starting module auth
2026-04-01T13:51:34.000Z Traceback (most recent call last): ValueError: invalid state transition in auth
2026-04-01T13:51:34.000Z ##[error]Runtime exception in test process",2026-04-01t13:51:34.000z group run ci for angular/angular 2026-04-01t13:51:34.000z runner image: windows-latest 2026-04-01t13:51:34.000z language: go 2026-04-01t13:51:34.000z starting module auth 2026-04-01t13:51:34.000z traceback most,Runtime Error,test,medium,Unhandled exception during job execution
"2026-04-02T03:36:34.000Z ##[group]Run CI for spring-projects/spring-boot
2026-04-02T03:36:34.000Z Runner image: windows-latest
2026-04-02T03:36:34.000Z Language: python
2026-04-02T03:36:34.000Z Starting module auth
2026-04-02T03:36:34.000Z Traceback (most recent call last): ValueError: invalid state transition in auth
2026-04-02T03:36:34.000Z ##[error]Runtime exception in test process",2026-04-02t03:36:34.000z group run ci for spring-projects/spring-boot 2026-04-02t03:36:34.000z runner image: windows-latest 2026-04-02t03:36:34.000z language: python 2026-04-02t03:36:34.000z starting module auth 2026-04-02t03:36:34.000z traceback most,Runtime Error,test,medium,Unhandled exception during job execution
"2026-04-02T10:32:51.000Z ##[group]Run CI for microsoft/vscode
2026-04-02T10:32:51.000Z Runner image: ubuntu-latest
2026-04-02T10:32:51.000Z Language: rust
2026-04-02T10:32:51.000Z Starting module worker
2026-04-02T10:32:51.000Z Traceback (most recent call last): ValueError: invalid state transition in worker
2026-04-02T10:32:51.000Z ##[error]Runtime exception in test process",2026-04-02t10:32:51.000z group run ci for microsoft/vscode 2026-04-02t10:32:51.000z runner image: ubuntu-latest 2026-04-02t10:32:51.000z language: rust 2026-04-02t10:32:51.000z starting module worker 2026-04-02t10:32:51.000z traceback most,Runtime Error,test,medium,Unhandled exception during job execution
"2026-04-01T20:48:15.000Z ##[group]Run CI for nodejs/node
2026-04-01T20:48:15.000Z Runner image: ubuntu-latest
2026-04-01T20:48:15.000Z Language: python
2026-04-01T20:48:15.000Z Starting module router
2026-04-01T20:48:15.000Z Traceback (most recent call last): ValueError: invalid state transition in router
2026-04-01T20:48:15.000Z ##[error]Runtime exception in test process",2026-04-01t20:48:15.000z group run ci for nodejs/node 2026-04-01t20:48:15.000z runner image: ubuntu-latest 2026-04-01t20:48:15.000z language: python 2026-04-01t20:48:15.000z starting module router 2026-04-01t20:48:15.000z traceback most,Runtime Error,test,medium,Unhandled exception during job execution
"2026-04-02T03:45:17.000Z ##[group]Run CI for vercel/next.js
2026-04-02T03:45:17.000Z Runner image: macos-latest
2026-04-02T03:45:17.000Z Language: rust
2026-04-02T03:45:17.000Z Starting module scheduler
2026-04-02T03:45:17.000Z Traceback (most recent call last): ValueError: invalid state transition in scheduler
2026-04-02T03:45:17.000Z ##[error]Runtime exception in test process",2026-04-02t03:45:17.000z group run ci for vercel/next.js 2026-04-02t03:45:17.000z runner image: macos-latest 2026-04-02t03:45:17.000z language: rust 2026-04-02t03:45:17.000z starting module scheduler 2026-04-02t03:45:17.000z traceback most,Runtime Error,test,medium,Unhandled exception during job execution
"2026-04-02T10:44:36.000Z ##[group]Run CI for django/django
2026-04-02T10:44:36.000Z Runner image: ubuntu-latest
2026-04-02T10:44:36.000Z Language: java
2026-04-02T10:44:36.000Z Starting module compiler
2026-04-02T10:44:36.000Z Traceback (most recent call last): ValueError: invalid state transition in compiler
2026-04-02T10:44:36.000Z ##[error]Runtime exception in test process",2026-04-02t10:44:36.000z group run ci for django/django 2026-04-02t10:44:36.000z runner image: ubuntu-latest 2026-04-02t10:44:36.000z language: java 2026-04-02t10:44:36.000z starting module compiler 2026-04-02t10:44:36.000z traceback most,Runtime Error,test,medium,Unhandled exception during job execution
"2026-04-01T13:57:41.000Z ##[group]Run CI for vercel/next.js
2026-04-01T13:57:41.000Z Runner image: macos-latest
2026-04-01T13:57:41.000Z Language: node
2026-04-01T13:57:41.000Z Starting module scheduler
2026-04-01T13:57:41.000Z Traceback (most recent call last): ValueError: invalid state transition in scheduler
2026-04-01T13:57:41.000Z ##[error]Runtime exception in test process",2026-04-01t13:57:41.000z group run ci for vercel/next.js 2026-04-01t13:57:41.000z runner image: macos-latest 2026-04-01t13:57:41.000z language: node 2026-04-01t13:57:41.000z starting module scheduler 2026-04-01t13:57:41.000z traceback most,Runtime Error,test,medium,Unhandled exception during job execution
"2026-04-02T10:52:35.000Z ##[group]Run CI for facebook/react
2026-04-02T10:52:35.000Z Runner image: ubuntu-latest
2026-04-02T10:52:35.000Z Language: go
2026-04-02T10:52:35.000Z Starting module compiler
2026-04-02T10:52:35.000Z Traceback (most recent call last): ValueError: invalid state transition in compiler
2026-04-02T10:52:35.000Z ##[error]Runtime exception in test process",2026-04-02t10:52:35.000z group run ci for facebook/react 2026-04-02t10:52:35.000z runner image: ubuntu-latest 2026-04-02t10:52:35.000z language: go 2026-04-02t10:52:35.000z starting module compiler 2026-04-02t10:52:35.000z traceback most,Runtime Error,test,medium,Unhandled exception during job execution
"2026-04-01T20:58:05.000Z ##[group]Run CI for apache/spark
2026-04-01T20:58:05.000Z Runner image: ubuntu-latest
2026-04-01T20:58:05.000Z Language: python
2026-04-01T20:58:05.000Z Starting module cache
2026-04-01T20:58:05.000Z Traceback (most recent call last): ValueError: invalid state transition in cache
2026-04-01T20:58:05.000Z ##[error]Runtime exception in test process",2026-04-01t20:58:05.000z group run ci for apache/spark 2026-04-01t20:58:05.000z runner image: ubuntu-latest 2026-04-01t20:58:05.000z language: python 2026-04-01t20:58:05.000z starting module cache 2026-04-01t20:58:05.000z traceback most,Runtime Error,test,medium,Unhandled exception during job execution
"2026-04-01T14:00:57.000Z ##[group]Run CI for apache/spark
2026-04-01T14:00:57.000Z Runner image: windows-latest
2026-04-01T14:00:57.000Z Language: java
2026-04-01T14:00:57.000Z Starting module router
2026-04-01T14:00:57.000Z Traceback (most recent call last): ValueError: invalid state transition in router
2026-04-01T14:00:57.000Z ##[error]Runtime exception in test process",2026-04-01t14:00:57.000z group run ci for apache/spark 2026-04-01t14:00:57.000z runner image: windows-latest 2026-04-01t14:00:57.000z language: java 2026-04-01t14:00:57.000z starting module router 2026-04-01t14:00:57.000z traceback most,Runtime Error,test,medium,Unhandled exception during job execution
"2026-04-02T11:04:17.000Z ##[group]Run CI for spring-projects/spring-boot
2026-04-02T11:04:17.000Z Runner image: ubuntu-latest
2026-04-02T11:04:17.000Z Language: node
2026-04-02T11:04:17.000Z helm upgrade --install api ./charts/api
2026-04-02T11:04:17.000Z Error: UPGRADE FAILED: timed out waiting for the condition
2026-04-02T11:04:17.000Z ##[error]Deployment failed in production stage",2026-04-02t11:04:17.000z group run ci for spring-projects/spring-boot 2026-04-02t11:04:17.000z runner image: ubuntu-latest 2026-04-02t11:04:17.000z language: node 2026-04-02t11:04:17.000z helm upgrade --install api ./charts/api 2026-04-02t11:04:17.000z,Deployment Error,deploy,high,Release or deployment command failed
"2026-04-01T14:02:11.000Z ##[group]Run CI for facebook/react
2026-04-01T14:02:11.000Z Runner image: ubuntu-latest
2026-04-01T14:02:11.000Z Language: java
2026-04-01T14:02:11.000Z helm upgrade --install api ./charts/api
2026-04-01T14:02:11.000Z Error: UPGRADE FAILED: timed out waiting for the condition
2026-04-01T14:02:11.000Z ##[error]Deployment failed in production stage",2026-04-01t14:02:11.000z group run ci for facebook/react 2026-04-01t14:02:11.000z runner image: ubuntu-latest 2026-04-01t14:02:11.000z language: java 2026-04-01t14:02:11.000z helm upgrade --install api ./charts/api 2026-04-01t14:02:11.000z,Deployment Error,deploy,high,Release or deployment command failed
"2026-04-01T21:06:48.000Z ##[group]Run CI for pytorch/pytorch
2026-04-01T21:06:48.000Z Runner image: ubuntu-latest
2026-04-01T21:06:48.000Z Language: node
2026-04-01T21:06:48.000Z helm upgrade --install api ./charts/api
2026-04-01T21:06:48.000Z Error: UPGRADE FAILED: timed out waiting for the condition
2026-04-01T21:06:48.000Z ##[error]Deployment failed in production stage",2026-04-01t21:06:48.000z group run ci for pytorch/pytorch 2026-04-01t21:06:48.000z runner image: ubuntu-latest 2026-04-01t21:06:48.000z language: node 2026-04-01t21:06:48.000z helm upgrade --install api ./charts/api 2026-04-01t21:06:48.000z,Deployment Error,deploy,high,Release or deployment command failed
"2026-04-01T21:08:36.000Z ##[group]Run CI for django/django
2026-04-01T21:08:36.000Z Runner image: ubuntu-latest
2026-04-01T21:08:36.000Z Language: java
2026-04-01T21:08:36.000Z helm upgrade --install api ./charts/api
2026-04-01T21:08:36.000Z Error: UPGRADE FAILED: timed out waiting for the condition
2026-04-01T21:08:36.000Z ##[error]Deployment failed in production stage",2026-04-01t21:08:36.000z group run ci for django/django 2026-04-01t21:08:36.000z runner image: ubuntu-latest 2026-04-01t21:08:36.000z language: java 2026-04-01t21:08:36.000z helm upgrade --install api ./charts/api 2026-04-01t21:08:36.000z,Deployment Error,deploy,high,Release or deployment command failed
"2026-04-02T11:20:48.000Z ##[group]Run CI for django/django
2026-04-02T11:20:48.000Z Runner image: macos-latest
2026-04-02T11:20:48.000Z Language: rust
2026-04-02T11:20:48.000Z helm upgrade --install api ./charts/api
2026-04-02T11:20:48.000Z Error: UPGRADE FAILED: timed out waiting for the condition
2026-04-02T11:20:48.000Z ##[error]Deployment failed in production stage",2026-04-02t11:20:48.000z group run ci for django/django 2026-04-02t11:20:48.000z runner image: macos-latest 2026-04-02t11:20:48.000z language: rust 2026-04-02t11:20:48.000z helm upgrade --install api ./charts/api 2026-04-02t11:20:48.000z,Deployment Error,deploy,high,Release or deployment command failed
"2026-04-02T04:18:03.000Z ##[group]Run CI for nodejs/node
2026-04-02T04:18:03.000Z Runner image: macos-latest
2026-04-02T04:18:03.000Z Language: python
2026-04-02T04:18:03.000Z helm upgrade --install api ./charts/api
2026-04-02T04:18:03.000Z Error: UPGRADE FAILED: timed out waiting for the condition
2026-04-02T04:18:03.000Z ##[error]Deployment failed in production stage",2026-04-02t04:18:03.000z group run ci for nodejs/node 2026-04-02t04:18:03.000z runner image: macos-latest 2026-04-02t04:18:03.000z language: python 2026-04-02t04:18:03.000z helm upgrade --install api ./charts/api 2026-04-02t04:18:03.000z,Deployment Error,deploy,high,Release or deployment command failed
"2026-04-01T14:07:21.000Z ##[group]Run CI for tensorflow/tensorflow
2026-04-01T14:07:21.000Z Runner image: windows-latest
2026-04-01T14:07:21.000Z Language: node
2026-04-01T14:07:21.000Z helm upgrade --install api ./charts/api
2026-04-01T14:07:21.000Z Error: UPGRADE FAILED: timed out waiting for the condition
2026-04-01T14:07:21.000Z ##[error]Deployment failed in production stage",2026-04-01t14:07:21.000z group run ci for tensorflow/tensorflow 2026-04-01t14:07:21.000z runner image: windows-latest 2026-04-01t14:07:21.000z language: node 2026-04-01t14:07:21.000z helm upgrade --install api ./charts/api 2026-04-01t14:07:21.000z,Deployment Error,deploy,high,Release or deployment command failed
"2026-04-02T04:24:01.000Z ##[group]Run CI for angular/angular
2026-04-02T04:24:01.000Z Runner image: macos-latest
2026-04-02T04:24:01.000Z Language: rust
2026-04-02T04:24:01.000Z helm upgrade --install api ./charts/api
2026-04-02T04:24:01.000Z Error: UPGRADE FAILED: timed out waiting for the condition
2026-04-02T04:24:01.000Z ##[error]Deployment failed in production stage",2026-04-02t04:24:01.000z group run ci for angular/angular 2026-04-02t04:24:01.000z runner image: macos-latest 2026-04-02t04:24:01.000z language: rust 2026-04-02t04:24:01.000z helm upgrade --install api ./charts/api 2026-04-02t04:24:01.000z,Deployment Error,deploy,high,Release or deployment command failed
"2026-04-02T04:27:35.000Z ##[group]Run CI for microsoft/vscode
2026-04-02T04:27:35.000Z Runner image: windows-latest
2026-04-02T04:27:35.000Z Language: go
2026-04-02T04:27:35.000Z helm upgrade --install api ./charts/api
2026-04-02T04:27:35.000Z Error: UPGRADE FAILED: timed out waiting for the condition
2026-04-02T04:27:35.000Z ##[error]Deployment failed in production stage",2026-04-02t04:27:35.000z group run ci for microsoft/vscode 2026-04-02t04:27:35.000z runner image: windows-latest 2026-04-02t04:27:35.000z language: go 2026-04-02t04:27:35.000z helm upgrade --install api ./charts/api 2026-04-02t04:27:35.000z,Deployment Error,deploy,high,Release or deployment command failed
"2026-04-02T11:40:05.000Z ##[group]Run CI for django/django
2026-04-02T11:40:05.000Z Runner image: windows-latest
2026-04-02T11:40:05.000Z Language: node
2026-04-02T11:40:05.000Z helm upgrade --install api ./charts/api
2026-04-02T11:40:05.000Z Error: UPGRADE FAILED: timed out waiting for the condition
2026-04-02T11:40:05.000Z ##[error]Deployment failed in production stage",2026-04-02t11:40:05.000z group run ci for django/django 2026-04-02t11:40:05.000z runner image: windows-latest 2026-04-02t11:40:05.000z language: node 2026-04-02t11:40:05.000z helm upgrade --install api ./charts/api 2026-04-02t11:40:05.000z,Deployment Error,deploy,high,Release or deployment command failed
"2026-04-01T14:11:05.000Z ##[group]Run CI for angular/angular
2026-04-01T14:11:05.000Z Runner image: windows-latest
2026-04-01T14:11:05.000Z Language: node
2026-04-01T14:11:05.000Z helm upgrade --install api ./charts/api
2026-04-01T14:11:05.000Z Error: UPGRADE FAILED: timed out waiting for the condition
2026-04-01T14:11:05.000Z ##[error]Deployment failed in production stage",2026-04-01t14:11:05.000z group run ci for angular/angular 2026-04-01t14:11:05.000z runner image: windows-latest 2026-04-01t14:11:05.000z language: node 2026-04-01t14:11:05.000z helm upgrade --install api ./charts/api 2026-04-01t14:11:05.000z,Deployment Error,deploy,high,Release or deployment command failed
"2026-04-01T21:24:47.000Z ##[group]Run CI for microsoft/vscode
2026-04-01T21:24:47.000Z Runner image: ubuntu-latest
2026-04-01T21:24:47.000Z Language: go
2026-04-01T21:24:47.000Z helm upgrade --install api ./charts/api
2026-04-01T21:24:47.000Z Error: UPGRADE FAILED: timed out waiting for the condition
2026-04-01T21:24:47.000Z ##[error]Deployment failed in production stage",2026-04-01t21:24:47.000z group run ci for microsoft/vscode 2026-04-01t21:24:47.000z runner image: ubuntu-latest 2026-04-01t21:24:47.000z language: go 2026-04-01t21:24:47.000z helm upgrade --install api ./charts/api 2026-04-01t21:24:47.000z,Deployment Error,deploy,high,Release or deployment command failed
"2026-04-01T14:13:00.000Z ##[group]Run CI for django/django
2026-04-01T14:13:00.000Z Runner image: windows-latest
2026-04-01T14:13:00.000Z Language: java
2026-04-01T14:13:00.000Z helm upgrade --install api ./charts/api
2026-04-01T14:13:00.000Z Error: UPGRADE FAILED: timed out waiting for the condition
2026-04-01T14:13:00.000Z ##[error]Deployment failed in production stage",2026-04-01t14:13:00.000z group run ci for django/django 2026-04-01t14:13:00.000z runner image: windows-latest 2026-04-01t14:13:00.000z language: java 2026-04-01t14:13:00.000z helm upgrade --install api ./charts/api 2026-04-01t14:13:00.000z,Deployment Error,deploy,high,Release or deployment command failed
"2026-04-02T04:42:06.000Z ##[group]Run CI for microsoft/vscode
2026-04-02T04:42:06.000Z Runner image: windows-latest
2026-04-02T04:42:06.000Z Language: java
2026-04-02T04:42:06.000Z helm upgrade --install api ./charts/api
2026-04-02T04:42:06.000Z Error: UPGRADE FAILED: timed out waiting for the condition
2026-04-02T04:42:06.000Z ##[error]Deployment failed in production stage",2026-04-02t04:42:06.000z group run ci for microsoft/vscode 2026-04-02t04:42:06.000z runner image: windows-latest 2026-04-02t04:42:06.000z language: java 2026-04-02t04:42:06.000z helm upgrade --install api ./charts/api 2026-04-02t04:42:06.000z,Deployment Error,deploy,high,Release or deployment command failed
"2026-04-02T12:00:35.000Z ##[group]Run CI for nodejs/node
2026-04-02T12:00:35.000Z Runner image: ubuntu-latest
2026-04-02T12:00:35.000Z Language: node
2026-04-02T12:00:35.000Z helm upgrade --install api ./charts/api
2026-04-02T12:00:35.000Z Error: UPGRADE FAILED: timed out waiting for the condition
2026-04-02T12:00:35.000Z ##[error]Deployment failed in production stage",2026-04-02t12:00:35.000z group run ci for nodejs/node 2026-04-02t12:00:35.000z runner image: ubuntu-latest 2026-04-02t12:00:35.000z language: node 2026-04-02t12:00:35.000z helm upgrade --install api ./charts/api 2026-04-02t12:00:35.000z,Deployment Error,deploy,high,Release or deployment command failed
"2026-04-01T14:16:05.000Z ##[group]Run CI for spring-projects/spring-boot
2026-04-01T14:16:05.000Z Runner image: macos-latest
2026-04-01T14:16:05.000Z Language: go
2026-04-01T14:16:05.000Z helm upgrade --install api ./charts/api
2026-04-01T14:16:05.000Z Error: UPGRADE FAILED: timed out waiting for the condition
2026-04-01T14:16:05.000Z ##[error]Deployment failed in production stage",2026-04-01t14:16:05.000z group run ci for spring-projects/spring-boot 2026-04-01t14:16:05.000z runner image: macos-latest 2026-04-01t14:16:05.000z language: go 2026-04-01t14:16:05.000z helm upgrade --install api ./charts/api 2026-04-01t14:16:05.000z,Deployment Error,deploy,high,Release or deployment command failed
"2026-04-02T04:51:55.000Z ##[group]Run CI for pytorch/pytorch
2026-04-02T04:51:55.000Z Runner image: macos-latest
2026-04-02T04:51:55.000Z Language: python
2026-04-02T04:51:55.000Z helm upgrade --install api ./charts/api
2026-04-02T04:51:55.000Z Error: UPGRADE FAILED: timed out waiting for the condition
2026-04-02T04:51:55.000Z ##[error]Deployment failed in production stage",2026-04-02t04:51:55.000z group run ci for pytorch/pytorch 2026-04-02t04:51:55.000z runner image: macos-latest 2026-04-02t04:51:55.000z language: python 2026-04-02t04:51:55.000z helm upgrade --install api ./charts/api 2026-04-02t04:51:55.000z,Deployment Error,deploy,high,Release or deployment command failed
"2026-04-02T12:12:49.000Z ##[group]Run CI for django/django
2026-04-02T12:12:49.000Z Runner image: ubuntu-latest
2026-04-02T12:12:49.000Z Language: java
2026-04-02T12:12:49.000Z helm upgrade --install api ./charts/api
2026-04-02T12:12:49.000Z Error: UPGRADE FAILED: timed out waiting for the condition
2026-04-02T12:12:49.000Z ##[error]Deployment failed in production stage",2026-04-02t12:12:49.000z group run ci for django/django 2026-04-02t12:12:49.000z runner image: ubuntu-latest 2026-04-02t12:12:49.000z language: java 2026-04-02t12:12:49.000z helm upgrade --install api ./charts/api 2026-04-02t12:12:49.000z,Deployment Error,deploy,high,Release or deployment command failed
"2026-04-01T21:38:43.000Z ##[group]Run CI for tensorflow/tensorflow
2026-04-01T21:38:43.000Z Runner image: macos-latest
2026-04-01T21:38:43.000Z Language: rust
2026-04-01T21:38:43.000Z helm upgrade --install api ./charts/api
2026-04-01T21:38:43.000Z Error: UPGRADE FAILED: timed out waiting for the condition
2026-04-01T21:38:43.000Z ##[error]Deployment failed in production stage",2026-04-01t21:38:43.000z group run ci for tensorflow/tensorflow 2026-04-01t21:38:43.000z runner image: macos-latest 2026-04-01t21:38:43.000z language: rust 2026-04-01t21:38:43.000z helm upgrade --install api ./charts/api 2026-04-01t21:38:43.000z,Deployment Error,deploy,high,Release or deployment command failed
"2026-04-02T05:00:17.000Z ##[group]Run CI for django/django
2026-04-02T05:00:17.000Z Runner image: ubuntu-latest
2026-04-02T05:00:17.000Z Language: node
2026-04-02T05:00:17.000Z helm upgrade --install api ./charts/api
2026-04-02T05:00:17.000Z Error: UPGRADE FAILED: timed out waiting for the condition
2026-04-02T05:00:17.000Z ##[error]Deployment failed in production stage",2026-04-02t05:00:17.000z group run ci for django/django 2026-04-02t05:00:17.000z runner image: ubuntu-latest 2026-04-02t05:00:17.000z language: node 2026-04-02t05:00:17.000z helm upgrade --install api ./charts/api 2026-04-02t05:00:17.000z,Deployment Error,deploy,high,Release or deployment command failed
"2026-04-02T12:24:17.000Z ##[group]Run CI for apache/spark
2026-04-02T12:24:17.000Z Runner image: ubuntu-latest
2026-04-02T12:24:17.000Z Language: python
2026-04-02T12:24:17.000Z helm upgrade --install api ./charts/api
2026-04-02T12:24:17.000Z Error: UPGRADE FAILED: timed out waiting for the condition
2026-04-02T12:24:17.000Z ##[error]Deployment failed in production stage",2026-04-02t12:24:17.000z group run ci for apache/spark 2026-04-02t12:24:17.000z runner image: ubuntu-latest 2026-04-02t12:24:17.000z language: python 2026-04-02t12:24:17.000z helm upgrade --install api ./charts/api 2026-04-02t12:24:17.000z,Deployment Error,deploy,high,Release or deployment command failed
"2026-04-01T14:22:23.000Z ##[group]Run CI for django/django
2026-04-01T14:22:23.000Z Runner image: windows-latest
2026-04-01T14:22:23.000Z Language: go
2026-04-01T14:22:23.000Z helm upgrade --install api ./charts/api
2026-04-01T14:22:23.000Z Error: UPGRADE FAILED: timed out waiting for the condition
2026-04-01T14:22:23.000Z ##[error]Deployment failed in production stage",2026-04-01t14:22:23.000z group run ci for django/django 2026-04-01t14:22:23.000z runner image: windows-latest 2026-04-01t14:22:23.000z language: go 2026-04-01t14:22:23.000z helm upgrade --install api ./charts/api 2026-04-01t14:22:23.000z,Deployment Error,deploy,high,Release or deployment command failed
"2026-04-01T21:46:29.000Z ##[group]Run CI for microsoft/vscode
2026-04-01T21:46:29.000Z Runner image: ubuntu-latest
2026-04-01T21:46:29.000Z Language: go
2026-04-01T21:46:29.000Z helm upgrade --install api ./charts/api
2026-04-01T21:46:29.000Z Error: UPGRADE FAILED: timed out waiting for the condition
2026-04-01T21:46:29.000Z ##[error]Deployment failed in production stage",2026-04-01t21:46:29.000z group run ci for microsoft/vscode 2026-04-01t21:46:29.000z runner image: ubuntu-latest 2026-04-01t21:46:29.000z language: go 2026-04-01t21:46:29.000z helm upgrade --install api ./charts/api 2026-04-01t21:46:29.000z,Deployment Error,deploy,high,Release or deployment command failed
"2026-04-02T12:36:21.000Z ##[group]Run CI for tensorflow/tensorflow
2026-04-02T12:36:21.000Z Runner image: ubuntu-latest
2026-04-02T12:36:21.000Z Language: java
2026-04-02T12:36:21.000Z helm upgrade --install api ./charts/api
2026-04-02T12:36:21.000Z Error: UPGRADE FAILED: timed out waiting for the condition
2026-04-02T12:36:21.000Z ##[error]Deployment failed in production stage",2026-04-02t12:36:21.000z group run ci for tensorflow/tensorflow 2026-04-02t12:36:21.000z runner image: ubuntu-latest 2026-04-02t12:36:21.000z language: java 2026-04-02t12:36:21.000z helm upgrade --install api ./charts/api 2026-04-02t12:36:21.000z,Deployment Error,deploy,high,Release or deployment command failed
"2026-04-02T05:15:27.000Z ##[group]Run CI for angular/angular
2026-04-02T05:15:27.000Z Runner image: windows-latest
2026-04-02T05:15:27.000Z Language: java
2026-04-02T05:15:27.000Z helm upgrade --install api ./charts/api
2026-04-02T05:15:27.000Z Error: UPGRADE FAILED: timed out waiting for the condition
2026-04-02T05:15:27.000Z ##[error]Deployment failed in production stage",2026-04-02t05:15:27.000z group run ci for angular/angular 2026-04-02t05:15:27.000z runner image: windows-latest 2026-04-02t05:15:27.000z language: java 2026-04-02t05:15:27.000z helm upgrade --install api ./charts/api 2026-04-02t05:15:27.000z,Deployment Error,deploy,high,Release or deployment command failed
"2026-04-01T21:52:30.000Z ##[group]Run CI for angular/angular
2026-04-01T21:52:30.000Z Runner image: ubuntu-latest
2026-04-01T21:52:30.000Z Language: java
2026-04-01T21:52:30.000Z helm upgrade --install api ./charts/api
2026-04-01T21:52:30.000Z Error: UPGRADE FAILED: timed out waiting for the condition
2026-04-01T21:52:30.000Z ##[error]Deployment failed in production stage",2026-04-01t21:52:30.000z group run ci for angular/angular 2026-04-01t21:52:30.000z runner image: ubuntu-latest 2026-04-01t21:52:30.000z language: java 2026-04-01t21:52:30.000z helm upgrade --install api ./charts/api 2026-04-01t21:52:30.000z,Deployment Error,deploy,high,Release or deployment command failed
"2026-04-02T05:21:47.000Z ##[group]Run CI for pytorch/pytorch
2026-04-02T05:21:47.000Z Runner image: ubuntu-latest
2026-04-02T05:21:47.000Z Language: go
2026-04-02T05:21:47.000Z helm upgrade --install api ./charts/api
2026-04-02T05:21:47.000Z Error: UPGRADE FAILED: timed out waiting for the condition
2026-04-02T05:21:47.000Z ##[error]Deployment failed in production stage",2026-04-02t05:21:47.000z group run ci for pytorch/pytorch 2026-04-02t05:21:47.000z runner image: ubuntu-latest 2026-04-02t05:21:47.000z language: go 2026-04-02t05:21:47.000z helm upgrade --install api ./charts/api 2026-04-02t05:21:47.000z,Deployment Error,deploy,high,Release or deployment command failed
"2026-04-02T12:52:17.000Z ##[group]Run CI for apache/spark
2026-04-02T12:52:17.000Z Runner image: macos-latest
2026-04-02T12:52:17.000Z Language: node
2026-04-02T12:52:17.000Z helm upgrade --install api ./charts/api
2026-04-02T12:52:17.000Z Error: UPGRADE FAILED: timed out waiting for the condition
2026-04-02T12:52:17.000Z ##[error]Deployment failed in production stage",2026-04-02t12:52:17.000z group run ci for apache/spark 2026-04-02t12:52:17.000z runner image: macos-latest 2026-04-02t12:52:17.000z language: node 2026-04-02t12:52:17.000z helm upgrade --install api ./charts/api 2026-04-02t12:52:17.000z,Deployment Error,deploy,high,Release or deployment command failed
"2026-04-01T21:58:37.000Z ##[group]Run CI for django/django
2026-04-01T21:58:37.000Z Runner image: windows-latest
2026-04-01T21:58:37.000Z Language: python
2026-04-01T21:58:37.000Z helm upgrade --install api ./charts/api
2026-04-01T21:58:37.000Z Error: UPGRADE FAILED: timed out waiting for the condition
2026-04-01T21:58:37.000Z ##[error]Deployment failed in production stage",2026-04-01t21:58:37.000z group run ci for django/django 2026-04-01t21:58:37.000z runner image: windows-latest 2026-04-01t21:58:37.000z language: python 2026-04-01t21:58:37.000z helm upgrade --install api ./charts/api 2026-04-01t21:58:37.000z,Deployment Error,deploy,high,Release or deployment command failed
"2026-04-02T13:00:45.000Z ##[group]Run CI for spring-projects/spring-boot
2026-04-02T13:00:45.000Z Runner image: ubuntu-latest
2026-04-02T13:00:45.000Z Language: rust
2026-04-02T13:00:45.000Z helm upgrade --install api ./charts/api
2026-04-02T13:00:45.000Z Error: UPGRADE FAILED: timed out waiting for the condition
2026-04-02T13:00:45.000Z ##[error]Deployment failed in production stage",2026-04-02t13:00:45.000z group run ci for spring-projects/spring-boot 2026-04-02t13:00:45.000z runner image: ubuntu-latest 2026-04-02t13:00:45.000z language: rust 2026-04-02t13:00:45.000z helm upgrade --install api ./charts/api 2026-04-02t13:00:45.000z,Deployment Error,deploy,high,Release or deployment command failed
"2026-04-01T14:31:52.000Z ##[group]Run CI for vercel/next.js
2026-04-01T14:31:52.000Z Runner image: windows-latest
2026-04-01T14:31:52.000Z Language: java
2026-04-01T14:31:52.000Z helm upgrade --install api ./charts/api
2026-04-01T14:31:52.000Z Error: UPGRADE FAILED: timed out waiting for the condition
2026-04-01T14:31:52.000Z ##[error]Deployment failed in production stage",2026-04-01t14:31:52.000z group run ci for vercel/next.js 2026-04-01t14:31:52.000z runner image: windows-latest 2026-04-01t14:31:52.000z language: java 2026-04-01t14:31:52.000z helm upgrade --install api ./charts/api 2026-04-01t14:31:52.000z,Deployment Error,deploy,high,Release or deployment command failed
"2026-04-02T05:36:15.000Z ##[group]Run CI for django/django
2026-04-02T05:36:15.000Z Runner image: macos-latest
2026-04-02T05:36:15.000Z Language: go
2026-04-02T05:36:15.000Z helm upgrade --install api ./charts/api
2026-04-02T05:36:15.000Z Error: UPGRADE FAILED: timed out waiting for the condition
2026-04-02T05:36:15.000Z ##[error]Deployment failed in production stage",2026-04-02t05:36:15.000z group run ci for django/django 2026-04-02t05:36:15.000z runner image: macos-latest 2026-04-02t05:36:15.000z language: go 2026-04-02t05:36:15.000z helm upgrade --install api ./charts/api 2026-04-02t05:36:15.000z,Deployment Error,deploy,high,Release or deployment command failed
"2026-04-02T13:12:50.000Z ##[group]Run CI for microsoft/vscode
2026-04-02T13:12:50.000Z Runner image: macos-latest
2026-04-02T13:12:50.000Z Language: node
2026-04-02T13:12:50.000Z helm upgrade --install api ./charts/api
2026-04-02T13:12:50.000Z Error: UPGRADE FAILED: timed out waiting for the condition
2026-04-02T13:12:50.000Z ##[error]Deployment failed in production stage",2026-04-02t13:12:50.000z group run ci for microsoft/vscode 2026-04-02t13:12:50.000z runner image: macos-latest 2026-04-02t13:12:50.000z language: node 2026-04-02t13:12:50.000z helm upgrade --install api ./charts/api 2026-04-02t13:12:50.000z,Deployment Error,deploy,high,Release or deployment command failed
"2026-04-02T13:16:37.000Z ##[group]Run CI for django/django
2026-04-02T13:16:37.000Z Runner image: ubuntu-latest
2026-04-02T13:16:37.000Z Language: go
2026-04-02T13:16:37.000Z helm upgrade --install api ./charts/api
2026-04-02T13:16:37.000Z Error: UPGRADE FAILED: timed out waiting for the condition
2026-04-02T13:16:37.000Z ##[error]Deployment failed in production stage",2026-04-02t13:16:37.000z group run ci for django/django 2026-04-02t13:16:37.000z runner image: ubuntu-latest 2026-04-02t13:16:37.000z language: go 2026-04-02t13:16:37.000z helm upgrade --install api ./charts/api 2026-04-02t13:16:37.000z,Deployment Error,deploy,high,Release or deployment command failed
"2026-04-02T13:20:34.000Z ##[group]Run CI for django/django
2026-04-02T13:20:34.000Z Runner image: macos-latest
2026-04-02T13:20:34.000Z Language: rust
2026-04-02T13:20:34.000Z helm upgrade --install api ./charts/api
2026-04-02T13:20:34.000Z Error: UPGRADE FAILED: timed out waiting for the condition
2026-04-02T13:20:34.000Z ##[error]Deployment failed in production stage",2026-04-02t13:20:34.000z group run ci for django/django 2026-04-02t13:20:34.000z runner image: macos-latest 2026-04-02t13:20:34.000z language: rust 2026-04-02t13:20:34.000z helm upgrade --install api ./charts/api 2026-04-02t13:20:34.000z,Deployment Error,deploy,high,Release or deployment command failed
"2026-04-01T14:36:06.000Z ##[group]Run CI for facebook/react
2026-04-01T14:36:06.000Z Runner image: windows-latest
2026-04-01T14:36:06.000Z Language: rust
2026-04-01T14:36:06.000Z helm upgrade --install api ./charts/api
2026-04-01T14:36:06.000Z Error: UPGRADE FAILED: timed out waiting for the condition
2026-04-01T14:36:06.000Z ##[error]Deployment failed in production stage",2026-04-01t14:36:06.000z group run ci for facebook/react 2026-04-01t14:36:06.000z runner image: windows-latest 2026-04-01t14:36:06.000z language: rust 2026-04-01t14:36:06.000z helm upgrade --install api ./charts/api 2026-04-01t14:36:06.000z,Deployment Error,deploy,high,Release or deployment command failed
"2026-04-01T14:37:36.000Z ##[group]Run CI for vercel/next.js
2026-04-01T14:37:36.000Z Runner image: macos-latest
2026-04-01T14:37:36.000Z Language: java
2026-04-01T14:37:36.000Z helm upgrade --install api ./charts/api
2026-04-01T14:37:36.000Z Error: UPGRADE FAILED: timed out waiting for the condition
2026-04-01T14:37:36.000Z ##[error]Deployment failed in production stage",2026-04-01t14:37:36.000z group run ci for vercel/next.js 2026-04-01t14:37:36.000z runner image: macos-latest 2026-04-01t14:37:36.000z language: java 2026-04-01t14:37:36.000z helm upgrade --install api ./charts/api 2026-04-01t14:37:36.000z,Deployment Error,deploy,high,Release or deployment command failed
"2026-04-01T14:38:06.000Z ##[group]Run CI for django/django
2026-04-01T14:38:06.000Z Runner image: windows-latest
2026-04-01T14:38:06.000Z Language: go
2026-04-01T14:38:06.000Z helm upgrade --install api ./charts/api
2026-04-01T14:38:06.000Z Error: UPGRADE FAILED: timed out waiting for the condition
2026-04-01T14:38:06.000Z ##[error]Deployment failed in production stage",2026-04-01t14:38:06.000z group run ci for django/django 2026-04-01t14:38:06.000z runner image: windows-latest 2026-04-01t14:38:06.000z language: go 2026-04-01t14:38:06.000z helm upgrade --install api ./charts/api 2026-04-01t14:38:06.000z,Deployment Error,deploy,high,Release or deployment command failed
"2026-04-01T22:18:28.000Z ##[group]Run CI for microsoft/vscode
2026-04-01T22:18:28.000Z Runner image: ubuntu-latest
2026-04-01T22:18:28.000Z Language: rust
2026-04-01T22:18:28.000Z helm upgrade --install api ./charts/api
2026-04-01T22:18:28.000Z Error: UPGRADE FAILED: timed out waiting for the condition
2026-04-01T22:18:28.000Z ##[error]Deployment failed in production stage",2026-04-01t22:18:28.000z group run ci for microsoft/vscode 2026-04-01t22:18:28.000z runner image: ubuntu-latest 2026-04-01t22:18:28.000z language: rust 2026-04-01t22:18:28.000z helm upgrade --install api ./charts/api 2026-04-01t22:18:28.000z,Deployment Error,deploy,high,Release or deployment command failed
"2026-04-01T22:20:22.000Z ##[group]Run CI for pytorch/pytorch
2026-04-01T22:20:22.000Z Runner image: windows-latest
2026-04-01T22:20:22.000Z Language: go
2026-04-01T22:20:22.000Z helm upgrade --install api ./charts/api
2026-04-01T22:20:22.000Z Error: UPGRADE FAILED: timed out waiting for the condition
2026-04-01T22:20:22.000Z ##[error]Deployment failed in production stage",2026-04-01t22:20:22.000z group run ci for pytorch/pytorch 2026-04-01t22:20:22.000z runner image: windows-latest 2026-04-01t22:20:22.000z language: go 2026-04-01t22:20:22.000z helm upgrade --install api ./charts/api 2026-04-01t22:20:22.000z,Deployment Error,deploy,high,Release or deployment command failed
"2026-04-02T13:44:58.000Z ##[group]Run CI for facebook/react
2026-04-02T13:44:58.000Z Runner image: windows-latest
2026-04-02T13:44:58.000Z Language: python
2026-04-02T13:44:58.000Z helm upgrade --install api ./charts/api
2026-04-02T13:44:58.000Z Error: UPGRADE FAILED: timed out waiting for the condition
2026-04-02T13:44:58.000Z ##[error]Deployment failed in production stage",2026-04-02t13:44:58.000z group run ci for facebook/react 2026-04-02t13:44:58.000z runner image: windows-latest 2026-04-02t13:44:58.000z language: python 2026-04-02t13:44:58.000z helm upgrade --install api ./charts/api 2026-04-02t13:44:58.000z,Deployment Error,deploy,high,Release or deployment command failed
"2026-04-02T06:06:21.000Z ##[group]Run CI for tensorflow/tensorflow
2026-04-02T06:06:21.000Z Runner image: ubuntu-latest
2026-04-02T06:06:21.000Z Language: node
2026-04-02T06:06:21.000Z helm upgrade --install api ./charts/api
2026-04-02T06:06:21.000Z Error: UPGRADE FAILED: timed out waiting for the condition
2026-04-02T06:06:21.000Z ##[error]Deployment failed in production stage",2026-04-02t06:06:21.000z group run ci for tensorflow/tensorflow 2026-04-02t06:06:21.000z runner image: ubuntu-latest 2026-04-02t06:06:21.000z language: node 2026-04-02t06:06:21.000z helm upgrade --install api ./charts/api 2026-04-02t06:06:21.000z,Deployment Error,deploy,high,Release or deployment command failed
"2026-04-02T06:09:30.000Z ##[group]Run CI for apache/spark
2026-04-02T06:09:30.000Z Runner image: ubuntu-latest
2026-04-02T06:09:30.000Z Language: rust
2026-04-02T06:09:30.000Z helm upgrade --install api ./charts/api
2026-04-02T06:09:30.000Z Error: UPGRADE FAILED: timed out waiting for the condition
2026-04-02T06:09:30.000Z ##[error]Deployment failed in production stage",2026-04-02t06:09:30.000z group run ci for apache/spark 2026-04-02t06:09:30.000z runner image: ubuntu-latest 2026-04-02t06:09:30.000z language: rust 2026-04-02t06:09:30.000z helm upgrade --install api ./charts/api 2026-04-02t06:09:30.000z,Deployment Error,deploy,high,Release or deployment command failed
"2026-04-01T14:44:19.000Z ##[group]Run CI for tensorflow/tensorflow
2026-04-01T14:44:19.000Z Runner image: windows-latest
2026-04-01T14:44:19.000Z Language: go
2026-04-01T14:44:19.000Z helm upgrade --install api ./charts/api
2026-04-01T14:44:19.000Z Error: UPGRADE FAILED: timed out waiting for the condition
2026-04-01T14:44:19.000Z ##[error]Deployment failed in production stage",2026-04-01t14:44:19.000z group run ci for tensorflow/tensorflow 2026-04-01t14:44:19.000z runner image: windows-latest 2026-04-01t14:44:19.000z language: go 2026-04-01t14:44:19.000z helm upgrade --install api ./charts/api 2026-04-01t14:44:19.000z,Deployment Error,deploy,high,Release or deployment command failed
"2026-04-02T06:15:41.000Z ##[group]Run CI for facebook/react
2026-04-02T06:15:41.000Z Runner image: macos-latest
2026-04-02T06:15:41.000Z Language: python
2026-04-02T06:15:41.000Z helm upgrade --install api ./charts/api
2026-04-02T06:15:41.000Z Error: UPGRADE FAILED: timed out waiting for the condition
2026-04-02T06:15:41.000Z ##[error]Deployment failed in production stage",2026-04-02t06:15:41.000z group run ci for facebook/react 2026-04-02t06:15:41.000z runner image: macos-latest 2026-04-02t06:15:41.000z language: python 2026-04-02t06:15:41.000z helm upgrade --install api ./charts/api 2026-04-02t06:15:41.000z,Deployment Error,deploy,high,Release or deployment command failed
"2026-04-01T22:32:33.000Z ##[group]Run CI for tensorflow/tensorflow
2026-04-01T22:32:33.000Z Runner image: macos-latest
2026-04-01T22:32:33.000Z Language: node
2026-04-01T22:32:33.000Z helm upgrade --install api ./charts/api
2026-04-01T22:32:33.000Z Error: UPGRADE FAILED: timed out waiting for the condition
2026-04-01T22:32:33.000Z ##[error]Deployment failed in production stage",2026-04-01t22:32:33.000z group run ci for tensorflow/tensorflow 2026-04-01t22:32:33.000z runner image: macos-latest 2026-04-01t22:32:33.000z language: node 2026-04-01t22:32:33.000z helm upgrade --install api ./charts/api 2026-04-01t22:32:33.000z,Deployment Error,deploy,high,Release or deployment command failed
"2026-04-02T14:08:29.000Z ##[group]Run CI for nodejs/node
2026-04-02T14:08:29.000Z Runner image: macos-latest
2026-04-02T14:08:29.000Z Language: node
2026-04-02T14:08:29.000Z helm upgrade --install api ./charts/api
2026-04-02T14:08:29.000Z Error: UPGRADE FAILED: timed out waiting for the condition
2026-04-02T14:08:29.000Z ##[error]Deployment failed in production stage",2026-04-02t14:08:29.000z group run ci for nodejs/node 2026-04-02t14:08:29.000z runner image: macos-latest 2026-04-02t14:08:29.000z language: node 2026-04-02t14:08:29.000z helm upgrade --install api ./charts/api 2026-04-02t14:08:29.000z,Deployment Error,deploy,high,Release or deployment command failed
"2026-04-02T14:12:25.000Z ##[group]Run CI for vercel/next.js
2026-04-02T14:12:25.000Z Runner image: windows-latest
2026-04-02T14:12:25.000Z Language: node
2026-04-02T14:12:25.000Z helm upgrade --install api ./charts/api
2026-04-02T14:12:25.000Z Error: UPGRADE FAILED: timed out waiting for the condition
2026-04-02T14:12:25.000Z ##[error]Deployment failed in production stage",2026-04-02t14:12:25.000z group run ci for vercel/next.js 2026-04-02t14:12:25.000z runner image: windows-latest 2026-04-02t14:12:25.000z language: node 2026-04-02t14:12:25.000z helm upgrade --install api ./charts/api 2026-04-02t14:12:25.000z,Deployment Error,deploy,high,Release or deployment command failed
"2026-04-02T14:16:37.000Z ##[group]Run CI for facebook/react
2026-04-02T14:16:37.000Z Runner image: macos-latest
2026-04-02T14:16:37.000Z Language: rust
2026-04-02T14:16:37.000Z helm upgrade --install api ./charts/api
2026-04-02T14:16:37.000Z Error: UPGRADE FAILED: timed out waiting for the condition
2026-04-02T14:16:37.000Z ##[error]Deployment failed in production stage",2026-04-02t14:16:37.000z group run ci for facebook/react 2026-04-02t14:16:37.000z runner image: macos-latest 2026-04-02t14:16:37.000z language: rust 2026-04-02t14:16:37.000z helm upgrade --install api ./charts/api 2026-04-02t14:16:37.000z,Deployment Error,deploy,high,Release or deployment command failed
"2026-04-01T22:40:13.000Z ##[group]Run CI for django/django
2026-04-01T22:40:13.000Z Runner image: windows-latest
2026-04-01T22:40:13.000Z Language: python
2026-04-01T22:40:13.000Z helm upgrade --install api ./charts/api
2026-04-01T22:40:13.000Z Error: UPGRADE FAILED: timed out waiting for the condition
2026-04-01T22:40:13.000Z ##[error]Deployment failed in production stage",2026-04-01t22:40:13.000z group run ci for django/django 2026-04-01t22:40:13.000z runner image: windows-latest 2026-04-01t22:40:13.000z language: python 2026-04-01t22:40:13.000z helm upgrade --install api ./charts/api 2026-04-01t22:40:13.000z,Deployment Error,deploy,high,Release or deployment command failed
"2026-04-01T14:51:51.000Z ##[group]Run CI for microsoft/vscode
2026-04-01T14:51:51.000Z Runner image: macos-latest
2026-04-01T14:51:51.000Z Language: python
2026-04-01T14:51:51.000Z helm upgrade --install api ./charts/api
2026-04-01T14:51:51.000Z Error: UPGRADE FAILED: timed out waiting for the condition
2026-04-01T14:51:51.000Z ##[error]Deployment failed in production stage",2026-04-01t14:51:51.000z group run ci for microsoft/vscode 2026-04-01t14:51:51.000z runner image: macos-latest 2026-04-01t14:51:51.000z language: python 2026-04-01t14:51:51.000z helm upgrade --install api ./charts/api 2026-04-01t14:51:51.000z,Deployment Error,deploy,high,Release or deployment command failed
"2026-04-01T22:44:29.000Z ##[group]Run CI for spring-projects/spring-boot
2026-04-01T22:44:29.000Z Runner image: ubuntu-latest
2026-04-01T22:44:29.000Z Language: java
2026-04-01T22:44:29.000Z helm upgrade --install api ./charts/api
2026-04-01T22:44:29.000Z Error: UPGRADE FAILED: timed out waiting for the condition
2026-04-01T22:44:29.000Z ##[error]Deployment failed in production stage",2026-04-01t22:44:29.000z group run ci for spring-projects/spring-boot 2026-04-01t22:44:29.000z runner image: ubuntu-latest 2026-04-01t22:44:29.000z language: java 2026-04-01t22:44:29.000z helm upgrade --install api ./charts/api 2026-04-01t22:44:29.000z,Deployment Error,deploy,high,Release or deployment command failed
"2026-04-02T06:39:38.000Z ##[group]Run CI for tensorflow/tensorflow
2026-04-02T06:39:38.000Z Runner image: windows-latest
2026-04-02T06:39:38.000Z Language: go
2026-04-02T06:39:38.000Z helm upgrade --install api ./charts/api
2026-04-02T06:39:38.000Z Error: UPGRADE FAILED: timed out waiting for the condition
2026-04-02T06:39:38.000Z ##[error]Deployment failed in production stage",2026-04-02t06:39:38.000z group run ci for tensorflow/tensorflow 2026-04-02t06:39:38.000z runner image: windows-latest 2026-04-02t06:39:38.000z language: go 2026-04-02t06:39:38.000z helm upgrade --install api ./charts/api 2026-04-02t06:39:38.000z,Deployment Error,deploy,high,Release or deployment command failed
"2026-04-01T14:54:22.000Z ##[group]Run CI for django/django
2026-04-01T14:54:22.000Z Runner image: macos-latest
2026-04-01T14:54:22.000Z Language: go
2026-04-01T14:54:22.000Z helm upgrade --install api ./charts/api
2026-04-01T14:54:22.000Z Error: UPGRADE FAILED: timed out waiting for the condition
2026-04-01T14:54:22.000Z ##[error]Deployment failed in production stage",2026-04-01t14:54:22.000z group run ci for django/django 2026-04-01t14:54:22.000z runner image: macos-latest 2026-04-01t14:54:22.000z language: go 2026-04-01t14:54:22.000z helm upgrade --install api ./charts/api 2026-04-01t14:54:22.000z,Deployment Error,deploy,high,Release or deployment command failed
"2026-04-02T06:45:58.000Z ##[group]Run CI for pytorch/pytorch
2026-04-02T06:45:58.000Z Runner image: windows-latest
2026-04-02T06:45:58.000Z Language: rust
2026-04-02T06:45:58.000Z helm upgrade --install api ./charts/api
2026-04-02T06:45:58.000Z Error: UPGRADE FAILED: timed out waiting for the condition
2026-04-02T06:45:58.000Z ##[error]Deployment failed in production stage",2026-04-02t06:45:58.000z group run ci for pytorch/pytorch 2026-04-02t06:45:58.000z runner image: windows-latest 2026-04-02t06:45:58.000z language: rust 2026-04-02t06:45:58.000z helm upgrade --install api ./charts/api 2026-04-02t06:45:58.000z,Deployment Error,deploy,high,Release or deployment command failed
"2026-04-01T22:52:20.000Z ##[group]Run CI for angular/angular
2026-04-01T22:52:20.000Z Runner image: macos-latest
2026-04-01T22:52:20.000Z Language: python
2026-04-01T22:52:20.000Z helm upgrade --install api ./charts/api
2026-04-01T22:52:20.000Z Error: UPGRADE FAILED: timed out waiting for the condition
2026-04-01T22:52:20.000Z ##[error]Deployment failed in production stage",2026-04-01t22:52:20.000z group run ci for angular/angular 2026-04-01t22:52:20.000z runner image: macos-latest 2026-04-01t22:52:20.000z language: python 2026-04-01t22:52:20.000z helm upgrade --install api ./charts/api 2026-04-01t22:52:20.000z,Deployment Error,deploy,high,Release or deployment command failed
"2026-04-01T22:54:23.000Z ##[group]Run CI for tensorflow/tensorflow
2026-04-01T22:54:23.000Z Runner image: ubuntu-latest
2026-04-01T22:54:23.000Z Language: java
2026-04-01T22:54:23.000Z helm upgrade --install api ./charts/api
2026-04-01T22:54:23.000Z Error: UPGRADE FAILED: timed out waiting for the condition
2026-04-01T22:54:23.000Z ##[error]Deployment failed in production stage",2026-04-01t22:54:23.000z group run ci for tensorflow/tensorflow 2026-04-01t22:54:23.000z runner image: ubuntu-latest 2026-04-01t22:54:23.000z language: java 2026-04-01t22:54:23.000z helm upgrade --install api ./charts/api 2026-04-01t22:54:23.000z,Deployment Error,deploy,high,Release or deployment command failed
"2026-04-01T22:56:36.000Z ##[group]Run CI for nodejs/node
2026-04-01T22:56:36.000Z Runner image: macos-latest
2026-04-01T22:56:36.000Z Language: go
2026-04-01T22:56:36.000Z helm upgrade --install api ./charts/api
2026-04-01T22:56:36.000Z Error: UPGRADE FAILED: timed out waiting for the condition
2026-04-01T22:56:36.000Z ##[error]Deployment failed in production stage",2026-04-01t22:56:36.000z group run ci for nodejs/node 2026-04-01t22:56:36.000z runner image: macos-latest 2026-04-01t22:56:36.000z language: go 2026-04-01t22:56:36.000z helm upgrade --install api ./charts/api 2026-04-01t22:56:36.000z,Deployment Error,deploy,high,Release or deployment command failed
"2026-04-01T22:58:35.000Z ##[group]Run CI for django/django
2026-04-01T22:58:35.000Z Runner image: windows-latest
2026-04-01T22:58:35.000Z Language: node
2026-04-01T22:58:35.000Z helm upgrade --install api ./charts/api
2026-04-01T22:58:35.000Z Error: UPGRADE FAILED: timed out waiting for the condition
2026-04-01T22:58:35.000Z ##[error]Deployment failed in production stage",2026-04-01t22:58:35.000z group run ci for django/django 2026-04-01t22:58:35.000z runner image: windows-latest 2026-04-01t22:58:35.000z language: node 2026-04-01t22:58:35.000z helm upgrade --install api ./charts/api 2026-04-01t22:58:35.000z,Deployment Error,deploy,high,Release or deployment command failed
"2026-04-01T23:00:20.000Z ##[group]Run CI for nodejs/node
2026-04-01T23:00:20.000Z Runner image: windows-latest
2026-04-01T23:00:20.000Z Language: java
2026-04-01T23:00:20.000Z helm upgrade --install api ./charts/api
2026-04-01T23:00:20.000Z Error: UPGRADE FAILED: timed out waiting for the condition
2026-04-01T23:00:20.000Z ##[error]Deployment failed in production stage",2026-04-01t23:00:20.000z group run ci for nodejs/node 2026-04-01t23:00:20.000z runner image: windows-latest 2026-04-01t23:00:20.000z language: java 2026-04-01t23:00:20.000z helm upgrade --install api ./charts/api 2026-04-01t23:00:20.000z,Deployment Error,deploy,high,Release or deployment command failed
"2026-04-02T07:03:00.000Z ##[group]Run CI for apache/spark
2026-04-02T07:03:00.000Z Runner image: macos-latest
2026-04-02T07:03:00.000Z Language: python
2026-04-02T07:03:00.000Z Pulling cache layer from registry
2026-04-02T07:03:00.000Z error: failed to solve: no space left on device
2026-04-02T07:03:00.000Z ##[error]Runner disk pressure caused job failure",2026-04-02t07:03:00.000z group run ci for apache/spark 2026-04-02t07:03:00.000z runner image: macos-latest 2026-04-02t07:03:00.000z language: python 2026-04-02t07:03:00.000z pulling cache layer from registry 2026-04-02t07:03:00.000z,Infrastructure Error,build,high,Runner or external service instability
"2026-04-02T15:08:35.000Z ##[group]Run CI for apache/spark
2026-04-02T15:08:35.000Z Runner image: ubuntu-latest
2026-04-02T15:08:35.000Z Language: node
2026-04-02T15:08:35.000Z Pulling cache layer from registry
2026-04-02T15:08:35.000Z error: failed to solve: no space left on device
2026-04-02T15:08:35.000Z ##[error]Runner disk pressure caused job failure",2026-04-02t15:08:35.000z group run ci for apache/spark 2026-04-02t15:08:35.000z runner image: ubuntu-latest 2026-04-02t15:08:35.000z language: node 2026-04-02t15:08:35.000z pulling cache layer from registry 2026-04-02t15:08:35.000z,Infrastructure Error,build,high,Runner or external service instability
"2026-04-02T15:12:26.000Z ##[group]Run CI for spring-projects/spring-boot
2026-04-02T15:12:26.000Z Runner image: macos-latest
2026-04-02T15:12:26.000Z Language: go
2026-04-02T15:12:26.000Z Pulling cache layer from registry
2026-04-02T15:12:26.000Z error: failed to solve: no space left on device
2026-04-02T15:12:26.000Z ##[error]Runner disk pressure caused job failure",2026-04-02t15:12:26.000z group run ci for spring-projects/spring-boot 2026-04-02t15:12:26.000z runner image: macos-latest 2026-04-02t15:12:26.000z language: go 2026-04-02t15:12:26.000z pulling cache layer from registry 2026-04-02t15:12:26.000z,Infrastructure Error,build,high,Runner or external service instability
"2026-04-01T15:04:50.000Z ##[group]Run CI for apache/spark
2026-04-01T15:04:50.000Z Runner image: windows-latest
2026-04-01T15:04:50.000Z Language: node
2026-04-01T15:04:50.000Z Pulling cache layer from registry
2026-04-01T15:04:50.000Z error: failed to solve: no space left on device
2026-04-01T15:04:50.000Z ##[error]Runner disk pressure caused job failure",2026-04-01t15:04:50.000z group run ci for apache/spark 2026-04-01t15:04:50.000z runner image: windows-latest 2026-04-01t15:04:50.000z language: node 2026-04-01t15:04:50.000z pulling cache layer from registry 2026-04-01t15:04:50.000z,Infrastructure Error,build,high,Runner or external service instability
"2026-04-01T23:10:34.000Z ##[group]Run CI for vercel/next.js
2026-04-01T23:10:34.000Z Runner image: windows-latest
2026-04-01T23:10:34.000Z Language: python
2026-04-01T23:10:34.000Z Pulling cache layer from registry
2026-04-01T23:10:34.000Z error: failed to solve: no space left on device
2026-04-01T23:10:34.000Z ##[error]Runner disk pressure caused job failure",2026-04-01t23:10:34.000z group run ci for vercel/next.js 2026-04-01t23:10:34.000z runner image: windows-latest 2026-04-01t23:10:34.000z language: python 2026-04-01t23:10:34.000z pulling cache layer from registry 2026-04-01t23:10:34.000z,Infrastructure Error,build,high,Runner or external service instability
"2026-04-02T15:24:35.000Z ##[group]Run CI for microsoft/vscode
2026-04-02T15:24:35.000Z Runner image: ubuntu-latest
2026-04-02T15:24:35.000Z Language: go
2026-04-02T15:24:35.000Z Pulling cache layer from registry
2026-04-02T15:24:35.000Z error: failed to solve: no space left on device
2026-04-02T15:24:35.000Z ##[error]Runner disk pressure caused job failure",2026-04-02t15:24:35.000z group run ci for microsoft/vscode 2026-04-02t15:24:35.000z runner image: ubuntu-latest 2026-04-02t15:24:35.000z language: go 2026-04-02t15:24:35.000z pulling cache layer from registry 2026-04-02t15:24:35.000z,Infrastructure Error,build,high,Runner or external service instability
"2026-04-02T07:21:49.000Z ##[group]Run CI for spring-projects/spring-boot
2026-04-02T07:21:49.000Z Runner image: ubuntu-latest
2026-04-02T07:21:49.000Z Language: rust
2026-04-02T07:21:49.000Z Pulling cache layer from registry
2026-04-02T07:21:49.000Z error: failed to solve: no space left on device
2026-04-02T07:21:49.000Z ##[error]Runner disk pressure caused job failure",2026-04-02t07:21:49.000z group run ci for spring-projects/spring-boot 2026-04-02t07:21:49.000z runner image: ubuntu-latest 2026-04-02t07:21:49.000z language: rust 2026-04-02t07:21:49.000z pulling cache layer from registry 2026-04-02t07:21:49.000z,Infrastructure Error,build,high,Runner or external service instability
"2026-04-01T15:08:48.000Z ##[group]Run CI for spring-projects/spring-boot
2026-04-01T15:08:48.000Z Runner image: windows-latest
2026-04-01T15:08:48.000Z Language: rust
2026-04-01T15:08:48.000Z Pulling cache layer from registry
2026-04-01T15:08:48.000Z error: failed to solve: no space left on device
2026-04-01T15:08:48.000Z ##[error]Runner disk pressure caused job failure",2026-04-01t15:08:48.000z group run ci for spring-projects/spring-boot 2026-04-01t15:08:48.000z runner image: windows-latest 2026-04-01t15:08:48.000z language: rust 2026-04-01t15:08:48.000z pulling cache layer from registry 2026-04-01t15:08:48.000z,Infrastructure Error,build,high,Runner or external service instability
"2026-04-01T15:09:47.000Z ##[group]Run CI for apache/spark
2026-04-01T15:09:47.000Z Runner image: macos-latest
2026-04-01T15:09:47.000Z Language: node
2026-04-01T15:09:47.000Z Pulling cache layer from registry
2026-04-01T15:09:47.000Z error: failed to solve: no space left on device
2026-04-01T15:09:47.000Z ##[error]Runner disk pressure caused job failure",2026-04-01t15:09:47.000z group run ci for apache/spark 2026-04-01t15:09:47.000z runner image: macos-latest 2026-04-01t15:09:47.000z language: node 2026-04-01t15:09:47.000z pulling cache layer from registry 2026-04-01t15:09:47.000z,Infrastructure Error,build,high,Runner or external service instability
"2026-04-02T07:30:22.000Z ##[group]Run CI for vercel/next.js
2026-04-02T07:30:22.000Z Runner image: windows-latest
2026-04-02T07:30:22.000Z Language: python
2026-04-02T07:30:22.000Z Pulling cache layer from registry
2026-04-02T07:30:22.000Z error: failed to solve: no space left on device
2026-04-02T07:30:22.000Z ##[error]Runner disk pressure caused job failure",2026-04-02t07:30:22.000z group run ci for vercel/next.js 2026-04-02t07:30:22.000z runner image: windows-latest 2026-04-02t07:30:22.000z language: python 2026-04-02t07:30:22.000z pulling cache layer from registry 2026-04-02t07:30:22.000z,Infrastructure Error,build,high,Runner or external service instability
"2026-04-01T23:22:13.000Z ##[group]Run CI for tensorflow/tensorflow
2026-04-01T23:22:13.000Z Runner image: windows-latest
2026-04-01T23:22:13.000Z Language: python
2026-04-01T23:22:13.000Z Pulling cache layer from registry
2026-04-01T23:22:13.000Z error: failed to solve: no space left on device
2026-04-01T23:22:13.000Z ##[error]Runner disk pressure caused job failure",2026-04-01t23:22:13.000z group run ci for tensorflow/tensorflow 2026-04-01t23:22:13.000z runner image: windows-latest 2026-04-01t23:22:13.000z language: python 2026-04-01t23:22:13.000z pulling cache layer from registry 2026-04-01t23:22:13.000z,Infrastructure Error,build,high,Runner or external service instability
"2026-04-02T15:48:10.000Z ##[group]Run CI for angular/angular
2026-04-02T15:48:10.000Z Runner image: macos-latest
2026-04-02T15:48:10.000Z Language: java
2026-04-02T15:48:10.000Z Pulling cache layer from registry
2026-04-02T15:48:10.000Z error: failed to solve: no space left on device
2026-04-02T15:48:10.000Z ##[error]Runner disk pressure caused job failure",2026-04-02t15:48:10.000z group run ci for angular/angular 2026-04-02t15:48:10.000z runner image: macos-latest 2026-04-02t15:48:10.000z language: java 2026-04-02t15:48:10.000z pulling cache layer from registry 2026-04-02t15:48:10.000z,Infrastructure Error,build,high,Runner or external service instability
"2026-04-01T23:26:51.000Z ##[group]Run CI for angular/angular
2026-04-01T23:26:51.000Z Runner image: ubuntu-latest
2026-04-01T23:26:51.000Z Language: node
2026-04-01T23:26:51.000Z Pulling cache layer from registry
2026-04-01T23:26:51.000Z error: failed to solve: no space left on device
2026-04-01T23:26:51.000Z ##[error]Runner disk pressure caused job failure",2026-04-01t23:26:51.000z group run ci for angular/angular 2026-04-01t23:26:51.000z runner image: ubuntu-latest 2026-04-01t23:26:51.000z language: node 2026-04-01t23:26:51.000z pulling cache layer from registry 2026-04-01t23:26:51.000z,Infrastructure Error,build,high,Runner or external service instability
"2026-04-02T07:42:38.000Z ##[group]Run CI for facebook/react
2026-04-02T07:42:38.000Z Runner image: macos-latest
2026-04-02T07:42:38.000Z Language: java
2026-04-02T07:42:38.000Z Pulling cache layer from registry
2026-04-02T07:42:38.000Z error: failed to solve: no space left on device
2026-04-02T07:42:38.000Z ##[error]Runner disk pressure caused job failure",2026-04-02t07:42:38.000z group run ci for facebook/react 2026-04-02t07:42:38.000z runner image: macos-latest 2026-04-02t07:42:38.000z language: java 2026-04-02t07:42:38.000z pulling cache layer from registry 2026-04-02t07:42:38.000z,Infrastructure Error,build,high,Runner or external service instability
"2026-04-02T07:45:18.000Z ##[group]Run CI for spring-projects/spring-boot
2026-04-02T07:45:18.000Z Runner image: ubuntu-latest
2026-04-02T07:45:18.000Z Language: java
2026-04-02T07:45:18.000Z Pulling cache layer from registry
2026-04-02T07:45:18.000Z error: failed to solve: no space left on device
2026-04-02T07:45:18.000Z ##[error]Runner disk pressure caused job failure",2026-04-02t07:45:18.000z group run ci for spring-projects/spring-boot 2026-04-02t07:45:18.000z runner image: ubuntu-latest 2026-04-02t07:45:18.000z language: java 2026-04-02t07:45:18.000z pulling cache layer from registry 2026-04-02t07:45:18.000z,Infrastructure Error,build,high,Runner or external service instability
"2026-04-01T15:16:08.000Z ##[group]Run CI for angular/angular
2026-04-01T15:16:08.000Z Runner image: windows-latest
2026-04-01T15:16:08.000Z Language: rust
2026-04-01T15:16:08.000Z Pulling cache layer from registry
2026-04-01T15:16:08.000Z error: failed to solve: no space left on device
2026-04-01T15:16:08.000Z ##[error]Runner disk pressure caused job failure",2026-04-01t15:16:08.000z group run ci for angular/angular 2026-04-01t15:16:08.000z runner image: windows-latest 2026-04-01t15:16:08.000z language: rust 2026-04-01t15:16:08.000z pulling cache layer from registry 2026-04-01t15:16:08.000z,Infrastructure Error,build,high,Runner or external service instability
"2026-04-01T23:34:44.000Z ##[group]Run CI for django/django
2026-04-01T23:34:44.000Z Runner image: ubuntu-latest
2026-04-01T23:34:44.000Z Language: java
2026-04-01T23:34:44.000Z Pulling cache layer from registry
2026-04-01T23:34:44.000Z error: failed to solve: no space left on device
2026-04-01T23:34:44.000Z ##[error]Runner disk pressure caused job failure",2026-04-01t23:34:44.000z group run ci for django/django 2026-04-01t23:34:44.000z runner image: ubuntu-latest 2026-04-01t23:34:44.000z language: java 2026-04-01t23:34:44.000z pulling cache layer from registry 2026-04-01t23:34:44.000z,Infrastructure Error,build,high,Runner or external service instability
"2026-04-02T07:54:53.000Z ##[group]Run CI for nodejs/node
2026-04-02T07:54:53.000Z Runner image: ubuntu-latest
2026-04-02T07:54:53.000Z Language: node
2026-04-02T07:54:53.000Z Pulling cache layer from registry
2026-04-02T07:54:53.000Z error: failed to solve: no space left on device
2026-04-02T07:54:53.000Z ##[error]Runner disk pressure caused job failure",2026-04-02t07:54:53.000z group run ci for nodejs/node 2026-04-02t07:54:53.000z runner image: ubuntu-latest 2026-04-02t07:54:53.000z language: node 2026-04-02t07:54:53.000z pulling cache layer from registry 2026-04-02t07:54:53.000z,Infrastructure Error,build,high,Runner or external service instability
"2026-04-01T23:38:36.000Z ##[group]Run CI for vercel/next.js
2026-04-01T23:38:36.000Z Runner image: macos-latest
2026-04-01T23:38:36.000Z Language: go
2026-04-01T23:38:36.000Z Pulling cache layer from registry
2026-04-01T23:38:36.000Z error: failed to solve: no space left on device
2026-04-01T23:38:36.000Z ##[error]Runner disk pressure caused job failure",2026-04-01t23:38:36.000z group run ci for vercel/next.js 2026-04-01t23:38:36.000z runner image: macos-latest 2026-04-01t23:38:36.000z language: go 2026-04-01t23:38:36.000z pulling cache layer from registry 2026-04-01t23:38:36.000z,Infrastructure Error,build,high,Runner or external service instability
"2026-04-02T16:20:04.000Z ##[group]Run CI for microsoft/vscode
2026-04-02T16:20:04.000Z Runner image: macos-latest
2026-04-02T16:20:04.000Z Language: go
2026-04-02T16:20:04.000Z Pulling cache layer from registry
2026-04-02T16:20:04.000Z error: failed to solve: no space left on device
2026-04-02T16:20:04.000Z ##[error]Runner disk pressure caused job failure",2026-04-02t16:20:04.000z group run ci for microsoft/vscode 2026-04-02t16:20:04.000z runner image: macos-latest 2026-04-02t16:20:04.000z language: go 2026-04-02t16:20:04.000z pulling cache layer from registry 2026-04-02t16:20:04.000z,Infrastructure Error,build,high,Runner or external service instability
"2026-04-02T08:03:44.000Z ##[group]Run CI for tensorflow/tensorflow
2026-04-02T08:03:44.000Z Runner image: windows-latest
2026-04-02T08:03:44.000Z Language: rust
2026-04-02T08:03:44.000Z Pulling cache layer from registry
2026-04-02T08:03:44.000Z error: failed to solve: no space left on device
2026-04-02T08:03:44.000Z ##[error]Runner disk pressure caused job failure",2026-04-02t08:03:44.000z group run ci for tensorflow/tensorflow 2026-04-02t08:03:44.000z runner image: windows-latest 2026-04-02t08:03:44.000z language: rust 2026-04-02t08:03:44.000z pulling cache layer from registry 2026-04-02t08:03:44.000z,Infrastructure Error,build,high,Runner or external service instability
"2026-04-01T15:22:55.000Z ##[group]Run CI for pytorch/pytorch
2026-04-01T15:22:55.000Z Runner image: windows-latest
2026-04-01T15:22:55.000Z Language: go
2026-04-01T15:22:55.000Z Pulling cache layer from registry
2026-04-01T15:22:55.000Z error: failed to solve: no space left on device
2026-04-01T15:22:55.000Z ##[error]Runner disk pressure caused job failure",2026-04-01t15:22:55.000z group run ci for pytorch/pytorch 2026-04-01t15:22:55.000z runner image: windows-latest 2026-04-01t15:22:55.000z language: go 2026-04-01t15:22:55.000z pulling cache layer from registry 2026-04-01t15:22:55.000z,Infrastructure Error,build,high,Runner or external service instability
"2026-04-02T08:09:54.000Z ##[group]Run CI for tensorflow/tensorflow
2026-04-02T08:09:54.000Z Runner image: macos-latest
2026-04-02T08:09:54.000Z Language: go
2026-04-02T08:09:54.000Z Pulling cache layer from registry
2026-04-02T08:09:54.000Z error: failed to solve: no space left on device
2026-04-02T08:09:54.000Z ##[error]Runner disk pressure caused job failure",2026-04-02t08:09:54.000z group run ci for tensorflow/tensorflow 2026-04-02t08:09:54.000z runner image: macos-latest 2026-04-02t08:09:54.000z language: go 2026-04-02t08:09:54.000z pulling cache layer from registry 2026-04-02t08:09:54.000z,Infrastructure Error,build,high,Runner or external service instability
"2026-04-02T16:36:52.000Z ##[group]Run CI for tensorflow/tensorflow
2026-04-02T16:36:52.000Z Runner image: macos-latest
2026-04-02T16:36:52.000Z Language: go
2026-04-02T16:36:52.000Z Pulling cache layer from registry
2026-04-02T16:36:52.000Z error: failed to solve: no space left on device
2026-04-02T16:36:52.000Z ##[error]Runner disk pressure caused job failure",2026-04-02t16:36:52.000z group run ci for tensorflow/tensorflow 2026-04-02t16:36:52.000z runner image: macos-latest 2026-04-02t16:36:52.000z language: go 2026-04-02t16:36:52.000z pulling cache layer from registry 2026-04-02t16:36:52.000z,Infrastructure Error,build,high,Runner or external service instability
"2026-04-02T08:15:21.000Z ##[group]Run CI for vercel/next.js
2026-04-02T08:15:21.000Z Runner image: windows-latest
2026-04-02T08:15:21.000Z Language: java
2026-04-02T08:15:21.000Z Pulling cache layer from registry
2026-04-02T08:15:21.000Z error: failed to solve: no space left on device
2026-04-02T08:15:21.000Z ##[error]Runner disk pressure caused job failure",2026-04-02t08:15:21.000z group run ci for vercel/next.js 2026-04-02t08:15:21.000z runner image: windows-latest 2026-04-02t08:15:21.000z language: java 2026-04-02t08:15:21.000z pulling cache layer from registry 2026-04-02t08:15:21.000z,Infrastructure Error,build,high,Runner or external service instability
"2026-04-02T16:44:50.000Z ##[group]Run CI for spring-projects/spring-boot
2026-04-02T16:44:50.000Z Runner image: macos-latest
2026-04-02T16:44:50.000Z Language: node
2026-04-02T16:44:50.000Z Pulling cache layer from registry
2026-04-02T16:44:50.000Z error: failed to solve: no space left on device
2026-04-02T16:44:50.000Z ##[error]Runner disk pressure caused job failure",2026-04-02t16:44:50.000z group run ci for spring-projects/spring-boot 2026-04-02t16:44:50.000z runner image: macos-latest 2026-04-02t16:44:50.000z language: node 2026-04-02t16:44:50.000z pulling cache layer from registry 2026-04-02t16:44:50.000z,Infrastructure Error,build,high,Runner or external service instability
"2026-04-01T15:27:40.000Z ##[group]Run CI for pytorch/pytorch
2026-04-01T15:27:40.000Z Runner image: macos-latest
2026-04-01T15:27:40.000Z Language: python
2026-04-01T15:27:40.000Z Pulling cache layer from registry
2026-04-01T15:27:40.000Z error: failed to solve: no space left on device
2026-04-01T15:27:40.000Z ##[error]Runner disk pressure caused job failure",2026-04-01t15:27:40.000z group run ci for pytorch/pytorch 2026-04-01t15:27:40.000z runner image: macos-latest 2026-04-01t15:27:40.000z language: python 2026-04-01t15:27:40.000z pulling cache layer from registry 2026-04-01t15:27:40.000z,Infrastructure Error,build,high,Runner or external service instability
"2026-04-01T23:56:28.000Z ##[group]Run CI for apache/spark
2026-04-01T23:56:28.000Z Runner image: ubuntu-latest
2026-04-01T23:56:28.000Z Language: python
2026-04-01T23:56:28.000Z Pulling cache layer from registry
2026-04-01T23:56:28.000Z error: failed to solve: no space left on device
2026-04-01T23:56:28.000Z ##[error]Runner disk pressure caused job failure",2026-04-01t23:56:28.000z group run ci for apache/spark 2026-04-01t23:56:28.000z runner image: ubuntu-latest 2026-04-01t23:56:28.000z language: python 2026-04-01t23:56:28.000z pulling cache layer from registry 2026-04-01t23:56:28.000z,Infrastructure Error,build,high,Runner or external service instability
"2026-04-01T23:58:56.000Z ##[group]Run CI for apache/spark
2026-04-01T23:58:56.000Z Runner image: ubuntu-latest
2026-04-01T23:58:56.000Z Language: go
2026-04-01T23:58:56.000Z Pulling cache layer from registry
2026-04-01T23:58:56.000Z error: failed to solve: no space left on device
2026-04-01T23:58:56.000Z ##[error]Runner disk pressure caused job failure",2026-04-01t23:58:56.000z group run ci for apache/spark 2026-04-01t23:58:56.000z runner image: ubuntu-latest 2026-04-01t23:58:56.000z language: go 2026-04-01t23:58:56.000z pulling cache layer from registry 2026-04-01t23:58:56.000z,Infrastructure Error,build,high,Runner or external service instability
"2026-04-02T08:30:16.000Z ##[group]Run CI for microsoft/vscode
2026-04-02T08:30:16.000Z Runner image: ubuntu-latest
2026-04-02T08:30:16.000Z Language: java
2026-04-02T08:30:16.000Z Pulling cache layer from registry
2026-04-02T08:30:16.000Z error: failed to solve: no space left on device
2026-04-02T08:30:16.000Z ##[error]Runner disk pressure caused job failure",2026-04-02t08:30:16.000z group run ci for microsoft/vscode 2026-04-02t08:30:16.000z runner image: ubuntu-latest 2026-04-02t08:30:16.000z language: java 2026-04-02t08:30:16.000z pulling cache layer from registry 2026-04-02t08:30:16.000z,Infrastructure Error,build,high,Runner or external service instability
"2026-04-02T17:04:40.000Z ##[group]Run CI for tensorflow/tensorflow
2026-04-02T17:04:40.000Z Runner image: windows-latest
2026-04-02T17:04:40.000Z Language: node
2026-04-02T17:04:40.000Z Pulling cache layer from registry
2026-04-02T17:04:40.000Z error: failed to solve: no space left on device
2026-04-02T17:04:40.000Z ##[error]Runner disk pressure caused job failure",2026-04-02t17:04:40.000z group run ci for tensorflow/tensorflow 2026-04-02t17:04:40.000z runner image: windows-latest 2026-04-02t17:04:40.000z language: node 2026-04-02t17:04:40.000z pulling cache layer from registry 2026-04-02t17:04:40.000z,Infrastructure Error,build,high,Runner or external service instability
"2026-04-01T15:32:45.000Z ##[group]Run CI for microsoft/vscode
2026-04-01T15:32:45.000Z Runner image: macos-latest
2026-04-01T15:32:45.000Z Language: node
2026-04-01T15:32:45.000Z Pulling cache layer from registry
2026-04-01T15:32:45.000Z error: failed to solve: no space left on device
2026-04-01T15:32:45.000Z ##[error]Runner disk pressure caused job failure",2026-04-01t15:32:45.000z group run ci for microsoft/vscode 2026-04-01t15:32:45.000z runner image: macos-latest 2026-04-01t15:32:45.000z language: node 2026-04-01t15:32:45.000z pulling cache layer from registry 2026-04-01t15:32:45.000z,Infrastructure Error,build,high,Runner or external service instability
"2026-04-01T15:33:08.000Z ##[group]Run CI for tensorflow/tensorflow
2026-04-01T15:33:08.000Z Runner image: ubuntu-latest
2026-04-01T15:33:08.000Z Language: node
2026-04-01T15:33:08.000Z Pulling cache layer from registry
2026-04-01T15:33:08.000Z error: failed to solve: no space left on device
2026-04-01T15:33:08.000Z ##[error]Runner disk pressure caused job failure",2026-04-01t15:33:08.000z group run ci for tensorflow/tensorflow 2026-04-01t15:33:08.000z runner image: ubuntu-latest 2026-04-01t15:33:08.000z language: node 2026-04-01t15:33:08.000z pulling cache layer from registry 2026-04-01t15:33:08.000z,Infrastructure Error,build,high,Runner or external service instability
"2026-04-02T17:16:00.000Z ##[group]Run CI for angular/angular
2026-04-02T17:16:00.000Z Runner image: ubuntu-latest
2026-04-02T17:16:00.000Z Language: rust
2026-04-02T17:16:00.000Z Pulling cache layer from registry
2026-04-02T17:16:00.000Z error: failed to solve: no space left on device
2026-04-02T17:16:00.000Z ##[error]Runner disk pressure caused job failure",2026-04-02t17:16:00.000z group run ci for angular/angular 2026-04-02t17:16:00.000z runner image: ubuntu-latest 2026-04-02t17:16:00.000z language: rust 2026-04-02t17:16:00.000z pulling cache layer from registry 2026-04-02t17:16:00.000z,Infrastructure Error,build,high,Runner or external service instability
"2026-04-01T15:35:55.000Z ##[group]Run CI for facebook/react
2026-04-01T15:35:55.000Z Runner image: macos-latest
2026-04-01T15:35:55.000Z Language: java
2026-04-01T15:35:55.000Z Pulling cache layer from registry
2026-04-01T15:35:55.000Z error: failed to solve: no space left on device
2026-04-01T15:35:55.000Z ##[error]Runner disk pressure caused job failure",2026-04-01t15:35:55.000z group run ci for facebook/react 2026-04-01t15:35:55.000z runner image: macos-latest 2026-04-01t15:35:55.000z language: java 2026-04-01t15:35:55.000z pulling cache layer from registry 2026-04-01t15:35:55.000z,Infrastructure Error,build,high,Runner or external service instability
"2026-04-01T15:36:14.000Z ##[group]Run CI for django/django
2026-04-01T15:36:14.000Z Runner image: macos-latest
2026-04-01T15:36:14.000Z Language: node
2026-04-01T15:36:14.000Z Pulling cache layer from registry
2026-04-01T15:36:14.000Z error: failed to solve: no space left on device
2026-04-01T15:36:14.000Z ##[error]Runner disk pressure caused job failure",2026-04-01t15:36:14.000z group run ci for django/django 2026-04-01t15:36:14.000z runner image: macos-latest 2026-04-01t15:36:14.000z language: node 2026-04-01t15:36:14.000z pulling cache layer from registry 2026-04-01t15:36:14.000z,Infrastructure Error,build,high,Runner or external service instability
"2026-04-02T08:51:23.000Z ##[group]Run CI for django/django
2026-04-02T08:51:23.000Z Runner image: ubuntu-latest
2026-04-02T08:51:23.000Z Language: python
2026-04-02T08:51:23.000Z Pulling cache layer from registry
2026-04-02T08:51:23.000Z error: failed to solve: no space left on device
2026-04-02T08:51:23.000Z ##[error]Runner disk pressure caused job failure",2026-04-02t08:51:23.000z group run ci for django/django 2026-04-02t08:51:23.000z runner image: ubuntu-latest 2026-04-02t08:51:23.000z language: python 2026-04-02t08:51:23.000z pulling cache layer from registry 2026-04-02t08:51:23.000z,Infrastructure Error,build,high,Runner or external service instability
"2026-04-02T00:16:41.000Z ##[group]Run CI for microsoft/vscode
2026-04-02T00:16:41.000Z Runner image: ubuntu-latest
2026-04-02T00:16:41.000Z Language: go
2026-04-02T00:16:41.000Z Pulling cache layer from registry
2026-04-02T00:16:41.000Z error: failed to solve: no space left on device
2026-04-02T00:16:41.000Z ##[error]Runner disk pressure caused job failure",2026-04-02t00:16:41.000z group run ci for microsoft/vscode 2026-04-02t00:16:41.000z runner image: ubuntu-latest 2026-04-02t00:16:41.000z language: go 2026-04-02t00:16:41.000z pulling cache layer from registry 2026-04-02t00:16:41.000z,Infrastructure Error,build,high,Runner or external service instability
"2026-04-01T15:39:39.000Z ##[group]Run CI for nodejs/node
2026-04-01T15:39:39.000Z Runner image: ubuntu-latest
2026-04-01T15:39:39.000Z Language: rust
2026-04-01T15:39:39.000Z Pulling cache layer from registry
2026-04-01T15:39:39.000Z error: failed to solve: no space left on device
2026-04-01T15:39:39.000Z ##[error]Runner disk pressure caused job failure",2026-04-01t15:39:39.000z group run ci for nodejs/node 2026-04-01t15:39:39.000z runner image: ubuntu-latest 2026-04-01t15:39:39.000z language: rust 2026-04-01t15:39:39.000z pulling cache layer from registry 2026-04-01t15:39:39.000z,Infrastructure Error,build,high,Runner or external service instability
"2026-04-02T00:20:40.000Z ##[group]Run CI for nodejs/node
2026-04-02T00:20:40.000Z Runner image: windows-latest
2026-04-02T00:20:40.000Z Language: java
2026-04-02T00:20:40.000Z Pulling cache layer from registry
2026-04-02T00:20:40.000Z error: failed to solve: no space left on device
2026-04-02T00:20:40.000Z ##[error]Runner disk pressure caused job failure",2026-04-02t00:20:40.000z group run ci for nodejs/node 2026-04-02t00:20:40.000z runner image: windows-latest 2026-04-02t00:20:40.000z language: java 2026-04-02t00:20:40.000z pulling cache layer from registry 2026-04-02t00:20:40.000z,Infrastructure Error,build,high,Runner or external service instability
"2026-04-02T17:44:55.000Z ##[group]Run CI for nodejs/node
2026-04-02T17:44:55.000Z Runner image: windows-latest
2026-04-02T17:44:55.000Z Language: rust
2026-04-02T17:44:55.000Z Pulling cache layer from registry
2026-04-02T17:44:55.000Z error: failed to solve: no space left on device
2026-04-02T17:44:55.000Z ##[error]Runner disk pressure caused job failure",2026-04-02t17:44:55.000z group run ci for nodejs/node 2026-04-02t17:44:55.000z runner image: windows-latest 2026-04-02t17:44:55.000z language: rust 2026-04-02t17:44:55.000z pulling cache layer from registry 2026-04-02t17:44:55.000z,Infrastructure Error,build,high,Runner or external service instability
"2026-04-01T15:42:37.000Z ##[group]Run CI for vercel/next.js
2026-04-01T15:42:37.000Z Runner image: ubuntu-latest
2026-04-01T15:42:37.000Z Language: python
2026-04-01T15:42:37.000Z Pulling cache layer from registry
2026-04-01T15:42:37.000Z error: failed to solve: no space left on device
2026-04-01T15:42:37.000Z ##[error]Runner disk pressure caused job failure",2026-04-01t15:42:37.000z group run ci for vercel/next.js 2026-04-01t15:42:37.000z runner image: ubuntu-latest 2026-04-01t15:42:37.000z language: python 2026-04-01t15:42:37.000z pulling cache layer from registry 2026-04-01t15:42:37.000z,Infrastructure Error,build,high,Runner or external service instability
"2026-04-02T00:26:15.000Z ##[group]Run CI for django/django
2026-04-02T00:26:15.000Z Runner image: windows-latest
2026-04-02T00:26:15.000Z Language: go
2026-04-02T00:26:15.000Z Pulling cache layer from registry
2026-04-02T00:26:15.000Z error: failed to solve: no space left on device
2026-04-02T00:26:15.000Z ##[error]Runner disk pressure caused job failure",2026-04-02t00:26:15.000z group run ci for django/django 2026-04-02t00:26:15.000z runner image: windows-latest 2026-04-02t00:26:15.000z language: go 2026-04-02t00:26:15.000z pulling cache layer from registry 2026-04-02t00:26:15.000z,Infrastructure Error,build,high,Runner or external service instability
"2026-04-02T09:12:49.000Z ##[group]Run CI for microsoft/vscode
2026-04-02T09:12:49.000Z Runner image: macos-latest
2026-04-02T09:12:49.000Z Language: python
2026-04-02T09:12:49.000Z Pulling cache layer from registry
2026-04-02T09:12:49.000Z error: failed to solve: no space left on device
2026-04-02T09:12:49.000Z ##[error]Runner disk pressure caused job failure",2026-04-02t09:12:49.000z group run ci for microsoft/vscode 2026-04-02t09:12:49.000z runner image: macos-latest 2026-04-02t09:12:49.000z language: python 2026-04-02t09:12:49.000z pulling cache layer from registry 2026-04-02t09:12:49.000z,Infrastructure Error,build,high,Runner or external service instability
"2026-04-02T00:30:47.000Z ##[group]Run CI for facebook/react
2026-04-02T00:30:47.000Z Runner image: macos-latest
2026-04-02T00:30:47.000Z Language: java
2026-04-02T00:30:47.000Z Pulling cache layer from registry
2026-04-02T00:30:47.000Z error: failed to solve: no space left on device
2026-04-02T00:30:47.000Z ##[error]Runner disk pressure caused job failure",2026-04-02t00:30:47.000z group run ci for facebook/react 2026-04-02t00:30:47.000z runner image: macos-latest 2026-04-02t00:30:47.000z language: java 2026-04-02t00:30:47.000z pulling cache layer from registry 2026-04-02t00:30:47.000z,Infrastructure Error,build,high,Runner or external service instability
"2026-04-02T00:32:31.000Z ##[group]Run CI for django/django
2026-04-02T00:32:31.000Z Runner image: windows-latest
2026-04-02T00:32:31.000Z Language: python
2026-04-02T00:32:31.000Z Pulling cache layer from registry
2026-04-02T00:32:31.000Z error: failed to solve: no space left on device
2026-04-02T00:32:31.000Z ##[error]Runner disk pressure caused job failure",2026-04-02t00:32:31.000z group run ci for django/django 2026-04-02t00:32:31.000z runner image: windows-latest 2026-04-02t00:32:31.000z language: python 2026-04-02t00:32:31.000z pulling cache layer from registry 2026-04-02t00:32:31.000z,Infrastructure Error,build,high,Runner or external service instability
"2026-04-01T15:47:33.000Z ##[group]Run CI for django/django
2026-04-01T15:47:33.000Z Runner image: ubuntu-latest
2026-04-01T15:47:33.000Z Language: node
2026-04-01T15:47:33.000Z Pulling cache layer from registry
2026-04-01T15:47:33.000Z error: failed to solve: no space left on device
2026-04-01T15:47:33.000Z ##[error]Runner disk pressure caused job failure",2026-04-01t15:47:33.000z group run ci for django/django 2026-04-01t15:47:33.000z runner image: ubuntu-latest 2026-04-01t15:47:33.000z language: node 2026-04-01t15:47:33.000z pulling cache layer from registry 2026-04-01t15:47:33.000z,Infrastructure Error,build,high,Runner or external service instability
"2026-04-02T18:12:55.000Z ##[group]Run CI for facebook/react
2026-04-02T18:12:55.000Z Runner image: windows-latest
2026-04-02T18:12:55.000Z Language: java
2026-04-02T18:12:55.000Z Pulling cache layer from registry
2026-04-02T18:12:55.000Z error: failed to solve: no space left on device
2026-04-02T18:12:55.000Z ##[error]Runner disk pressure caused job failure",2026-04-02t18:12:55.000z group run ci for facebook/react 2026-04-02t18:12:55.000z runner image: windows-latest 2026-04-02t18:12:55.000z language: java 2026-04-02t18:12:55.000z pulling cache layer from registry 2026-04-02t18:12:55.000z,Infrastructure Error,build,high,Runner or external service instability
"2026-04-02T00:38:48.000Z ##[group]Run CI for angular/angular
2026-04-02T00:38:48.000Z Runner image: windows-latest
2026-04-02T00:38:48.000Z Language: java
2026-04-02T00:38:48.000Z Pulling cache layer from registry
2026-04-02T00:38:48.000Z error: failed to solve: no space left on device
2026-04-02T00:38:48.000Z ##[error]Runner disk pressure caused job failure",2026-04-02t00:38:48.000z group run ci for angular/angular 2026-04-02t00:38:48.000z runner image: windows-latest 2026-04-02t00:38:48.000z language: java 2026-04-02t00:38:48.000z pulling cache layer from registry 2026-04-02t00:38:48.000z,Infrastructure Error,build,high,Runner or external service instability
"2026-04-01T15:50:00.000Z ##[group]Run CI for apache/spark
2026-04-01T15:50:00.000Z Runner image: ubuntu-latest
2026-04-01T15:50:00.000Z Language: python
2026-04-01T15:50:00.000Z Pulling cache layer from registry
2026-04-01T15:50:00.000Z error: failed to solve: no space left on device
2026-04-01T15:50:00.000Z ##[error]Runner disk pressure caused job failure",2026-04-01t15:50:00.000z group run ci for apache/spark 2026-04-01t15:50:00.000z runner image: ubuntu-latest 2026-04-01t15:50:00.000z language: python 2026-04-01t15:50:00.000z pulling cache layer from registry 2026-04-01t15:50:00.000z,Infrastructure Error,build,high,Runner or external service instability
"2026-04-02T18:24:32.000Z ##[group]Run CI for microsoft/vscode
2026-04-02T18:24:32.000Z Runner image: ubuntu-latest
2026-04-02T18:24:32.000Z Language: python
2026-04-02T18:24:32.000Z Pulling cache layer from registry
2026-04-02T18:24:32.000Z error: failed to solve: no space left on device
2026-04-02T18:24:32.000Z ##[error]Runner disk pressure caused job failure",2026-04-02t18:24:32.000z group run ci for microsoft/vscode 2026-04-02t18:24:32.000z runner image: ubuntu-latest 2026-04-02t18:24:32.000z language: python 2026-04-02t18:24:32.000z pulling cache layer from registry 2026-04-02t18:24:32.000z,Infrastructure Error,build,high,Runner or external service instability
"2026-04-02T18:28:27.000Z ##[group]Run CI for microsoft/vscode
2026-04-02T18:28:27.000Z Runner image: macos-latest
2026-04-02T18:28:27.000Z Language: rust
2026-04-02T18:28:27.000Z Pulling cache layer from registry
2026-04-02T18:28:27.000Z error: failed to solve: no space left on device
2026-04-02T18:28:27.000Z ##[error]Runner disk pressure caused job failure",2026-04-02t18:28:27.000z group run ci for microsoft/vscode 2026-04-02t18:28:27.000z runner image: macos-latest 2026-04-02t18:28:27.000z language: rust 2026-04-02t18:28:27.000z pulling cache layer from registry 2026-04-02t18:28:27.000z,Infrastructure Error,build,high,Runner or external service instability
"2026-04-02T00:46:17.000Z ##[group]Run CI for django/django
2026-04-02T00:46:17.000Z Runner image: ubuntu-latest
2026-04-02T00:46:17.000Z Language: rust
2026-04-02T00:46:17.000Z Pulling cache layer from registry
2026-04-02T00:46:17.000Z error: failed to solve: no space left on device
2026-04-02T00:46:17.000Z ##[error]Runner disk pressure caused job failure",2026-04-02t00:46:17.000z group run ci for django/django 2026-04-02t00:46:17.000z runner image: ubuntu-latest 2026-04-02t00:46:17.000z language: rust 2026-04-02t00:46:17.000z pulling cache layer from registry 2026-04-02t00:46:17.000z,Infrastructure Error,build,high,Runner or external service instability
"2026-04-02T00:48:51.000Z ##[group]Run CI for tensorflow/tensorflow
2026-04-02T00:48:51.000Z Runner image: windows-latest
2026-04-02T00:48:51.000Z Language: python
2026-04-02T00:48:51.000Z Pulling cache layer from registry
2026-04-02T00:48:51.000Z error: failed to solve: no space left on device
2026-04-02T00:48:51.000Z ##[error]Runner disk pressure caused job failure",2026-04-02t00:48:51.000z group run ci for tensorflow/tensorflow 2026-04-02t00:48:51.000z runner image: windows-latest 2026-04-02t00:48:51.000z language: python 2026-04-02t00:48:51.000z pulling cache layer from registry 2026-04-02t00:48:51.000z,Infrastructure Error,build,high,Runner or external service instability
"2026-04-01T15:55:19.000Z ##[group]Run CI for nodejs/node
2026-04-01T15:55:19.000Z Runner image: macos-latest
2026-04-01T15:55:19.000Z Language: java
2026-04-01T15:55:19.000Z Pulling cache layer from registry
2026-04-01T15:55:19.000Z error: failed to solve: no space left on device
2026-04-01T15:55:19.000Z ##[error]Runner disk pressure caused job failure",2026-04-01t15:55:19.000z group run ci for nodejs/node 2026-04-01t15:55:19.000z runner image: macos-latest 2026-04-01t15:55:19.000z language: java 2026-04-01t15:55:19.000z pulling cache layer from registry 2026-04-01t15:55:19.000z,Infrastructure Error,build,high,Runner or external service instability
"2026-04-02T00:52:05.000Z ##[group]Run CI for django/django
2026-04-02T00:52:05.000Z Runner image: macos-latest
2026-04-02T00:52:05.000Z Language: node
2026-04-02T00:52:05.000Z Pulling cache layer from registry
2026-04-02T00:52:05.000Z error: failed to solve: no space left on device
2026-04-02T00:52:05.000Z ##[error]Runner disk pressure caused job failure",2026-04-02t00:52:05.000z group run ci for django/django 2026-04-02t00:52:05.000z runner image: macos-latest 2026-04-02t00:52:05.000z language: node 2026-04-02t00:52:05.000z pulling cache layer from registry 2026-04-02t00:52:05.000z,Infrastructure Error,build,high,Runner or external service instability
"2026-04-01T15:57:19.000Z ##[group]Run CI for django/django
2026-04-01T15:57:19.000Z Runner image: ubuntu-latest
2026-04-01T15:57:19.000Z Language: go
2026-04-01T15:57:19.000Z Pulling cache layer from registry
2026-04-01T15:57:19.000Z error: failed to solve: no space left on device
2026-04-01T15:57:19.000Z ##[error]Runner disk pressure caused job failure",2026-04-01t15:57:19.000z group run ci for django/django 2026-04-01t15:57:19.000z runner image: ubuntu-latest 2026-04-01t15:57:19.000z language: go 2026-04-01t15:57:19.000z pulling cache layer from registry 2026-04-01t15:57:19.000z,Infrastructure Error,build,high,Runner or external service instability
"2026-04-02T00:56:44.000Z ##[group]Run CI for nodejs/node
2026-04-02T00:56:44.000Z Runner image: ubuntu-latest
2026-04-02T00:56:44.000Z Language: python
2026-04-02T00:56:44.000Z Pulling cache layer from registry
2026-04-02T00:56:44.000Z error: failed to solve: no space left on device
2026-04-02T00:56:44.000Z ##[error]Runner disk pressure caused job failure",2026-04-02t00:56:44.000z group run ci for nodejs/node 2026-04-02t00:56:44.000z runner image: ubuntu-latest 2026-04-02t00:56:44.000z language: python 2026-04-02t00:56:44.000z pulling cache layer from registry 2026-04-02t00:56:44.000z,Infrastructure Error,build,high,Runner or external service instability
"2026-04-02T09:57:10.000Z ##[group]Run CI for facebook/react
2026-04-02T09:57:10.000Z Runner image: ubuntu-latest
2026-04-02T09:57:10.000Z Language: go
2026-04-02T09:57:10.000Z Pulling cache layer from registry
2026-04-02T09:57:10.000Z error: failed to solve: no space left on device
2026-04-02T09:57:10.000Z ##[error]Runner disk pressure caused job failure",2026-04-02t09:57:10.000z group run ci for facebook/react 2026-04-02t09:57:10.000z runner image: ubuntu-latest 2026-04-02t09:57:10.000z language: go 2026-04-02t09:57:10.000z pulling cache layer from registry 2026-04-02t09:57:10.000z,Infrastructure Error,build,high,Runner or external service instability
"2026-04-01T16:00:49.000Z ##[group]Run CI for pytorch/pytorch
2026-04-01T16:00:49.000Z Runner image: ubuntu-latest
2026-04-01T16:00:49.000Z Language: java
2026-04-01T16:00:49.000Z Pulling cache layer from registry
2026-04-01T16:00:49.000Z error: failed to solve: no space left on device
2026-04-01T16:00:49.000Z ##[error]Runner disk pressure caused job failure",2026-04-01t16:00:49.000z group run ci for pytorch/pytorch 2026-04-01t16:00:49.000z runner image: ubuntu-latest 2026-04-01t16:00:49.000z language: java 2026-04-01t16:00:49.000z pulling cache layer from registry 2026-04-01t16:00:49.000z,Infrastructure Error,build,high,Runner or external service instability
"2026-04-01T16:01:16.000Z ##[group]Run CI for facebook/react
2026-04-01T16:01:16.000Z Runner image: windows-latest
2026-04-01T16:01:16.000Z Language: go
2026-04-01T16:01:16.000Z validating .github/workflows/ci.yml
2026-04-01T16:01:16.000Z workflow syntax error: Unexpected value 'stepz'
2026-04-01T16:01:16.000Z ##[error]Invalid workflow configuration",2026-04-01t16:01:16.000z group run ci for facebook/react 2026-04-01t16:01:16.000z runner image: windows-latest 2026-04-01t16:01:16.000z language: go 2026-04-01t16:01:16.000z validating .github/workflows/ci.yml 2026-04-01t16:01:16.000z workflow syntax error:,Configuration Error,build,high,Invalid workflow configuration or environment variable
"2026-04-02T19:08:32.000Z ##[group]Run CI for angular/angular
2026-04-02T19:08:32.000Z Runner image: macos-latest
2026-04-02T19:08:32.000Z Language: python
2026-04-02T19:08:32.000Z validating .github/workflows/ci.yml
2026-04-02T19:08:32.000Z workflow syntax error: Unexpected value 'stepz'
2026-04-02T19:08:32.000Z ##[error]Invalid workflow configuration",2026-04-02t19:08:32.000z group run ci for angular/angular 2026-04-02t19:08:32.000z runner image: macos-latest 2026-04-02t19:08:32.000z language: python 2026-04-02t19:08:32.000z validating .github/workflows/ci.yml 2026-04-02t19:08:32.000z workflow syntax error:,Configuration Error,build,high,Invalid workflow configuration or environment variable
"2026-04-02T01:06:23.000Z ##[group]Run CI for pytorch/pytorch
2026-04-02T01:06:23.000Z Runner image: ubuntu-latest
2026-04-02T01:06:23.000Z Language: go
2026-04-02T01:06:23.000Z validating .github/workflows/ci.yml
2026-04-02T01:06:23.000Z workflow syntax error: Unexpected value 'stepz'
2026-04-02T01:06:23.000Z ##[error]Invalid workflow configuration",2026-04-02t01:06:23.000z group run ci for pytorch/pytorch 2026-04-02t01:06:23.000z runner image: ubuntu-latest 2026-04-02t01:06:23.000z language: go 2026-04-02t01:06:23.000z validating .github/workflows/ci.yml 2026-04-02t01:06:23.000z workflow syntax error:,Configuration Error,build,high,Invalid workflow configuration or environment variable
"2026-04-01T16:04:14.000Z ##[group]Run CI for nodejs/node
2026-04-01T16:04:14.000Z Runner image: windows-latest
2026-04-01T16:04:14.000Z Language: python
2026-04-01T16:04:14.000Z validating .github/workflows/ci.yml
2026-04-01T16:04:14.000Z workflow syntax error: Unexpected value 'stepz'
2026-04-01T16:04:14.000Z ##[error]Invalid workflow configuration",2026-04-01t16:04:14.000z group run ci for nodejs/node 2026-04-01t16:04:14.000z runner image: windows-latest 2026-04-01t16:04:14.000z language: python 2026-04-01t16:04:14.000z validating .github/workflows/ci.yml 2026-04-01t16:04:14.000z workflow syntax error:,Configuration Error,build,high,Invalid workflow configuration or environment variable
"2026-04-01T16:05:15.000Z ##[group]Run CI for spring-projects/spring-boot
2026-04-01T16:05:15.000Z Runner image: ubuntu-latest
2026-04-01T16:05:15.000Z Language: python
2026-04-01T16:05:15.000Z validating .github/workflows/ci.yml
2026-04-01T16:05:15.000Z workflow syntax error: Unexpected value 'stepz'
2026-04-01T16:05:15.000Z ##[error]Invalid workflow configuration",2026-04-01t16:05:15.000z group run ci for spring-projects/spring-boot 2026-04-01t16:05:15.000z runner image: ubuntu-latest 2026-04-01t16:05:15.000z language: python 2026-04-01t16:05:15.000z validating .github/workflows/ci.yml 2026-04-01t16:05:15.000z workflow syntax error:,Configuration Error,build,high,Invalid workflow configuration or environment variable
"2026-04-02T01:12:11.000Z ##[group]Run CI for facebook/react
2026-04-02T01:12:11.000Z Runner image: windows-latest
2026-04-02T01:12:11.000Z Language: java
2026-04-02T01:12:11.000Z validating .github/workflows/ci.yml
2026-04-02T01:12:11.000Z workflow syntax error: Unexpected value 'stepz'
2026-04-02T01:12:11.000Z ##[error]Invalid workflow configuration",2026-04-02t01:12:11.000z group run ci for facebook/react 2026-04-02t01:12:11.000z runner image: windows-latest 2026-04-02t01:12:11.000z language: java 2026-04-02t01:12:11.000z validating .github/workflows/ci.yml 2026-04-02t01:12:11.000z workflow syntax error:,Configuration Error,build,high,Invalid workflow configuration or environment variable
"2026-04-02T10:21:15.000Z ##[group]Run CI for facebook/react
2026-04-02T10:21:15.000Z Runner image: macos-latest
2026-04-02T10:21:15.000Z Language: go
2026-04-02T10:21:15.000Z validating .github/workflows/ci.yml
2026-04-02T10:21:15.000Z workflow syntax error: Unexpected value 'stepz'
2026-04-02T10:21:15.000Z ##[error]Invalid workflow configuration",2026-04-02t10:21:15.000z group run ci for facebook/react 2026-04-02t10:21:15.000z runner image: macos-latest 2026-04-02t10:21:15.000z language: go 2026-04-02t10:21:15.000z validating .github/workflows/ci.yml 2026-04-02t10:21:15.000z workflow syntax error:,Configuration Error,build,high,Invalid workflow configuration or environment variable
"2026-04-01T16:08:36.000Z ##[group]Run CI for django/django
2026-04-01T16:08:36.000Z Runner image: macos-latest
2026-04-01T16:08:36.000Z Language: java
2026-04-01T16:08:36.000Z validating .github/workflows/ci.yml
2026-04-01T16:08:36.000Z workflow syntax error: Unexpected value 'stepz'
2026-04-01T16:08:36.000Z ##[error]Invalid workflow configuration",2026-04-01t16:08:36.000z group run ci for django/django 2026-04-01t16:08:36.000z runner image: macos-latest 2026-04-01t16:08:36.000z language: java 2026-04-01t16:08:36.000z validating .github/workflows/ci.yml 2026-04-01t16:08:36.000z workflow syntax error:,Configuration Error,build,high,Invalid workflow configuration or environment variable
"2026-04-01T16:09:11.000Z ##[group]Run CI for pytorch/pytorch
2026-04-01T16:09:11.000Z Runner image: ubuntu-latest
2026-04-01T16:09:11.000Z Language: rust
2026-04-01T16:09:11.000Z validating .github/workflows/ci.yml
2026-04-01T16:09:11.000Z workflow syntax error: Unexpected value 'stepz'
2026-04-01T16:09:11.000Z ##[error]Invalid workflow configuration",2026-04-01t16:09:11.000z group run ci for pytorch/pytorch 2026-04-01t16:09:11.000z runner image: ubuntu-latest 2026-04-01t16:09:11.000z language: rust 2026-04-01t16:09:11.000z validating .github/workflows/ci.yml 2026-04-01t16:09:11.000z workflow syntax error:,Configuration Error,build,high,Invalid workflow configuration or environment variable
"2026-04-01T16:10:56.000Z ##[group]Run CI for vercel/next.js
2026-04-01T16:10:56.000Z Runner image: macos-latest
2026-04-01T16:10:56.000Z Language: python
2026-04-01T16:10:56.000Z validating .github/workflows/ci.yml
2026-04-01T16:10:56.000Z workflow syntax error: Unexpected value 'stepz'
2026-04-01T16:10:56.000Z ##[error]Invalid workflow configuration",2026-04-01t16:10:56.000z group run ci for vercel/next.js 2026-04-01t16:10:56.000z runner image: macos-latest 2026-04-01t16:10:56.000z language: python 2026-04-01t16:10:56.000z validating .github/workflows/ci.yml 2026-04-01t16:10:56.000z workflow syntax error:,Configuration Error,build,high,Invalid workflow configuration or environment variable
"2026-04-01T16:11:35.000Z ##[group]Run CI for apache/spark
2026-04-01T16:11:35.000Z Runner image: windows-latest
2026-04-01T16:11:35.000Z Language: java
2026-04-01T16:11:35.000Z validating .github/workflows/ci.yml
2026-04-01T16:11:35.000Z workflow syntax error: Unexpected value 'stepz'
2026-04-01T16:11:35.000Z ##[error]Invalid workflow configuration",2026-04-01t16:11:35.000z group run ci for apache/spark 2026-04-01t16:11:35.000z runner image: windows-latest 2026-04-01t16:11:35.000z language: java 2026-04-01t16:11:35.000z validating .github/workflows/ci.yml 2026-04-01t16:11:35.000z workflow syntax error:,Configuration Error,build,high,Invalid workflow configuration or environment variable
"2026-04-02T10:36:36.000Z ##[group]Run CI for apache/spark
2026-04-02T10:36:36.000Z Runner image: ubuntu-latest
2026-04-02T10:36:36.000Z Language: java
2026-04-02T10:36:36.000Z validating .github/workflows/ci.yml
2026-04-02T10:36:36.000Z workflow syntax error: Unexpected value 'stepz'
2026-04-02T10:36:36.000Z ##[error]Invalid workflow configuration",2026-04-02t10:36:36.000z group run ci for apache/spark 2026-04-02t10:36:36.000z runner image: ubuntu-latest 2026-04-02t10:36:36.000z language: java 2026-04-02t10:36:36.000z validating .github/workflows/ci.yml 2026-04-02t10:36:36.000z workflow syntax error:,Configuration Error,build,high,Invalid workflow configuration or environment variable
"2026-04-02T19:52:23.000Z ##[group]Run CI for microsoft/vscode
2026-04-02T19:52:23.000Z Runner image: macos-latest
2026-04-02T19:52:23.000Z Language: rust
2026-04-02T19:52:23.000Z validating .github/workflows/ci.yml
2026-04-02T19:52:23.000Z workflow syntax error: Unexpected value 'stepz'
2026-04-02T19:52:23.000Z ##[error]Invalid workflow configuration",2026-04-02t19:52:23.000z group run ci for microsoft/vscode 2026-04-02t19:52:23.000z runner image: macos-latest 2026-04-02t19:52:23.000z language: rust 2026-04-02t19:52:23.000z validating .github/workflows/ci.yml 2026-04-02t19:52:23.000z workflow syntax error:,Configuration Error,build,high,Invalid workflow configuration or environment variable
"2026-04-02T01:28:09.000Z ##[group]Run CI for angular/angular
2026-04-02T01:28:09.000Z Runner image: windows-latest
2026-04-02T01:28:09.000Z Language: node
2026-04-02T01:28:09.000Z validating .github/workflows/ci.yml
2026-04-02T01:28:09.000Z workflow syntax error: Unexpected value 'stepz'
2026-04-02T01:28:09.000Z ##[error]Invalid workflow configuration",2026-04-02t01:28:09.000z group run ci for angular/angular 2026-04-02t01:28:09.000z runner image: windows-latest 2026-04-02t01:28:09.000z language: node 2026-04-02t01:28:09.000z validating .github/workflows/ci.yml 2026-04-02t01:28:09.000z workflow syntax error:,Configuration Error,build,high,Invalid workflow configuration or environment variable
"2026-04-02T10:45:40.000Z ##[group]Run CI for facebook/react
2026-04-02T10:45:40.000Z Runner image: windows-latest
2026-04-02T10:45:40.000Z Language: python
2026-04-02T10:45:40.000Z validating .github/workflows/ci.yml
2026-04-02T10:45:40.000Z workflow syntax error: Unexpected value 'stepz'
2026-04-02T10:45:40.000Z ##[error]Invalid workflow configuration",2026-04-02t10:45:40.000z group run ci for facebook/react 2026-04-02t10:45:40.000z runner image: windows-latest 2026-04-02t10:45:40.000z language: python 2026-04-02t10:45:40.000z validating .github/workflows/ci.yml 2026-04-02t10:45:40.000z workflow syntax error:,Configuration Error,build,high,Invalid workflow configuration or environment variable
"2026-04-02T20:04:54.000Z ##[group]Run CI for facebook/react
2026-04-02T20:04:54.000Z Runner image: windows-latest
2026-04-02T20:04:54.000Z Language: python
2026-04-02T20:04:54.000Z validating .github/workflows/ci.yml
2026-04-02T20:04:54.000Z workflow syntax error: Unexpected value 'stepz'
2026-04-02T20:04:54.000Z ##[error]Invalid workflow configuration",2026-04-02t20:04:54.000z group run ci for facebook/react 2026-04-02t20:04:54.000z runner image: windows-latest 2026-04-02t20:04:54.000z language: python 2026-04-02t20:04:54.000z validating .github/workflows/ci.yml 2026-04-02t20:04:54.000z workflow syntax error:,Configuration Error,build,high,Invalid workflow configuration or environment variable
"2026-04-02T01:34:26.000Z ##[group]Run CI for microsoft/vscode
2026-04-02T01:34:26.000Z Runner image: ubuntu-latest
2026-04-02T01:34:26.000Z Language: node
2026-04-02T01:34:26.000Z validating .github/workflows/ci.yml
2026-04-02T01:34:26.000Z workflow syntax error: Unexpected value 'stepz'
2026-04-02T01:34:26.000Z ##[error]Invalid workflow configuration",2026-04-02t01:34:26.000z group run ci for microsoft/vscode 2026-04-02t01:34:26.000z runner image: ubuntu-latest 2026-04-02t01:34:26.000z language: node 2026-04-02t01:34:26.000z validating .github/workflows/ci.yml 2026-04-02t01:34:26.000z workflow syntax error:,Configuration Error,build,high,Invalid workflow configuration or environment variable
"2026-04-02T10:54:05.000Z ##[group]Run CI for apache/spark
2026-04-02T10:54:05.000Z Runner image: ubuntu-latest
2026-04-02T10:54:05.000Z Language: node
2026-04-02T10:54:05.000Z validating .github/workflows/ci.yml
2026-04-02T10:54:05.000Z workflow syntax error: Unexpected value 'stepz'
2026-04-02T10:54:05.000Z ##[error]Invalid workflow configuration",2026-04-02t10:54:05.000z group run ci for apache/spark 2026-04-02t10:54:05.000z runner image: ubuntu-latest 2026-04-02t10:54:05.000z language: node 2026-04-02t10:54:05.000z validating .github/workflows/ci.yml 2026-04-02t10:54:05.000z workflow syntax error:,Configuration Error,build,high,Invalid workflow configuration or environment variable
"2026-04-02T10:57:29.000Z ##[group]Run CI for facebook/react
2026-04-02T10:57:29.000Z Runner image: ubuntu-latest
2026-04-02T10:57:29.000Z Language: rust
2026-04-02T10:57:29.000Z validating .github/workflows/ci.yml
2026-04-02T10:57:29.000Z workflow syntax error: Unexpected value 'stepz'
2026-04-02T10:57:29.000Z ##[error]Invalid workflow configuration",2026-04-02t10:57:29.000z group run ci for facebook/react 2026-04-02t10:57:29.000z runner image: ubuntu-latest 2026-04-02t10:57:29.000z language: rust 2026-04-02t10:57:29.000z validating .github/workflows/ci.yml 2026-04-02t10:57:29.000z workflow syntax error:,Configuration Error,build,high,Invalid workflow configuration or environment variable
"2026-04-02T01:40:40.000Z ##[group]Run CI for tensorflow/tensorflow
2026-04-02T01:40:40.000Z Runner image: macos-latest
2026-04-02T01:40:40.000Z Language: python
2026-04-02T01:40:40.000Z validating .github/workflows/ci.yml
2026-04-02T01:40:40.000Z workflow syntax error: Unexpected value 'stepz'
2026-04-02T01:40:40.000Z ##[error]Invalid workflow configuration",2026-04-02t01:40:40.000z group run ci for tensorflow/tensorflow 2026-04-02t01:40:40.000z runner image: macos-latest 2026-04-02t01:40:40.000z language: python 2026-04-02t01:40:40.000z validating .github/workflows/ci.yml 2026-04-02t01:40:40.000z workflow syntax error:,Configuration Error,build,high,Invalid workflow configuration or environment variable
"2026-04-01T16:21:27.000Z ##[group]Run CI for django/django
2026-04-01T16:21:27.000Z Runner image: ubuntu-latest
2026-04-01T16:21:27.000Z Language: rust
2026-04-01T16:21:27.000Z validating .github/workflows/ci.yml
2026-04-01T16:21:27.000Z workflow syntax error: Unexpected value 'stepz'
2026-04-01T16:21:27.000Z ##[error]Invalid workflow configuration",2026-04-01t16:21:27.000z group run ci for django/django 2026-04-01t16:21:27.000z runner image: ubuntu-latest 2026-04-01t16:21:27.000z language: rust 2026-04-01t16:21:27.000z validating .github/workflows/ci.yml 2026-04-01t16:21:27.000z workflow syntax error:,Configuration Error,build,high,Invalid workflow configuration or environment variable
"2026-04-02T11:06:59.000Z ##[group]Run CI for nodejs/node
2026-04-02T11:06:59.000Z Runner image: ubuntu-latest
2026-04-02T11:06:59.000Z Language: java
2026-04-02T11:06:59.000Z validating .github/workflows/ci.yml
2026-04-02T11:06:59.000Z workflow syntax error: Unexpected value 'stepz'
2026-04-02T11:06:59.000Z ##[error]Invalid workflow configuration",2026-04-02t11:06:59.000z group run ci for nodejs/node 2026-04-02t11:06:59.000z runner image: ubuntu-latest 2026-04-02t11:06:59.000z language: java 2026-04-02t11:06:59.000z validating .github/workflows/ci.yml 2026-04-02t11:06:59.000z workflow syntax error:,Configuration Error,build,high,Invalid workflow configuration or environment variable
"2026-04-02T20:32:17.000Z ##[group]Run CI for django/django
2026-04-02T20:32:17.000Z Runner image: macos-latest
2026-04-02T20:32:17.000Z Language: java
2026-04-02T20:32:17.000Z validating .github/workflows/ci.yml
2026-04-02T20:32:17.000Z workflow syntax error: Unexpected value 'stepz'
2026-04-02T20:32:17.000Z ##[error]Invalid workflow configuration",2026-04-02t20:32:17.000z group run ci for django/django 2026-04-02t20:32:17.000z runner image: macos-latest 2026-04-02t20:32:17.000z language: java 2026-04-02t20:32:17.000z validating .github/workflows/ci.yml 2026-04-02t20:32:17.000z workflow syntax error:,Configuration Error,build,high,Invalid workflow configuration or environment variable
"2026-04-01T16:24:09.000Z ##[group]Run CI for vercel/next.js
2026-04-01T16:24:09.000Z Runner image: ubuntu-latest
2026-04-01T16:24:09.000Z Language: node
2026-04-01T16:24:09.000Z validating .github/workflows/ci.yml
2026-04-01T16:24:09.000Z workflow syntax error: Unexpected value 'stepz'
2026-04-01T16:24:09.000Z ##[error]Invalid workflow configuration",2026-04-01t16:24:09.000z group run ci for vercel/next.js 2026-04-01t16:24:09.000z runner image: ubuntu-latest 2026-04-01t16:24:09.000z language: node 2026-04-01t16:24:09.000z validating .github/workflows/ci.yml 2026-04-01t16:24:09.000z workflow syntax error:,Configuration Error,build,high,Invalid workflow configuration or environment variable
"2026-04-02T11:15:26.000Z ##[group]Run CI for tensorflow/tensorflow
2026-04-02T11:15:26.000Z Runner image: ubuntu-latest
2026-04-02T11:15:26.000Z Language: go
2026-04-02T11:15:26.000Z validating .github/workflows/ci.yml
2026-04-02T11:15:26.000Z workflow syntax error: Unexpected value 'stepz'
2026-04-02T11:15:26.000Z ##[error]Invalid workflow configuration",2026-04-02t11:15:26.000z group run ci for tensorflow/tensorflow 2026-04-02t11:15:26.000z runner image: ubuntu-latest 2026-04-02t11:15:26.000z language: go 2026-04-02t11:15:26.000z validating .github/workflows/ci.yml 2026-04-02t11:15:26.000z workflow syntax error:,Configuration Error,build,high,Invalid workflow configuration or environment variable
"2026-04-02T01:52:28.000Z ##[group]Run CI for tensorflow/tensorflow
2026-04-02T01:52:28.000Z Runner image: macos-latest
2026-04-02T01:52:28.000Z Language: java
2026-04-02T01:52:28.000Z validating .github/workflows/ci.yml
2026-04-02T01:52:28.000Z workflow syntax error: Unexpected value 'stepz'
2026-04-02T01:52:28.000Z ##[error]Invalid workflow configuration",2026-04-02t01:52:28.000z group run ci for tensorflow/tensorflow 2026-04-02t01:52:28.000z runner image: macos-latest 2026-04-02t01:52:28.000z language: java 2026-04-02t01:52:28.000z validating .github/workflows/ci.yml 2026-04-02t01:52:28.000z workflow syntax error:,Configuration Error,build,high,Invalid workflow configuration or environment variable
"2026-04-01T16:27:05.000Z ##[group]Run CI for microsoft/vscode
2026-04-01T16:27:05.000Z Runner image: windows-latest
2026-04-01T16:27:05.000Z Language: java
2026-04-01T16:27:05.000Z validating .github/workflows/ci.yml
2026-04-01T16:27:05.000Z workflow syntax error: Unexpected value 'stepz'
2026-04-01T16:27:05.000Z ##[error]Invalid workflow configuration",2026-04-01t16:27:05.000z group run ci for microsoft/vscode 2026-04-01t16:27:05.000z runner image: windows-latest 2026-04-01t16:27:05.000z language: java 2026-04-01t16:27:05.000z validating .github/workflows/ci.yml 2026-04-01t16:27:05.000z workflow syntax error:,Configuration Error,build,high,Invalid workflow configuration or environment variable
"2026-04-01T16:28:13.000Z ##[group]Run CI for nodejs/node
2026-04-01T16:28:13.000Z Runner image: macos-latest
2026-04-01T16:28:13.000Z Language: java
2026-04-01T16:28:13.000Z validating .github/workflows/ci.yml
2026-04-01T16:28:13.000Z workflow syntax error: Unexpected value 'stepz'
2026-04-01T16:28:13.000Z ##[error]Invalid workflow configuration",2026-04-01t16:28:13.000z group run ci for nodejs/node 2026-04-01t16:28:13.000z runner image: macos-latest 2026-04-01t16:28:13.000z language: java 2026-04-01t16:28:13.000z validating .github/workflows/ci.yml 2026-04-01t16:28:13.000z workflow syntax error:,Configuration Error,build,high,Invalid workflow configuration or environment variable
"2026-04-02T01:58:22.000Z ##[group]Run CI for pytorch/pytorch
2026-04-02T01:58:22.000Z Runner image: ubuntu-latest
2026-04-02T01:58:22.000Z Language: python
2026-04-02T01:58:22.000Z validating .github/workflows/ci.yml
2026-04-02T01:58:22.000Z workflow syntax error: Unexpected value 'stepz'
2026-04-02T01:58:22.000Z ##[error]Invalid workflow configuration",2026-04-02t01:58:22.000z group run ci for pytorch/pytorch 2026-04-02t01:58:22.000z runner image: ubuntu-latest 2026-04-02t01:58:22.000z language: python 2026-04-02t01:58:22.000z validating .github/workflows/ci.yml 2026-04-02t01:58:22.000z workflow syntax error:,Configuration Error,build,high,Invalid workflow configuration or environment variable
"2026-04-02T11:30:16.000Z ##[group]Run CI for django/django
2026-04-02T11:30:16.000Z Runner image: macos-latest
2026-04-02T11:30:16.000Z Language: python
2026-04-02T11:30:16.000Z validating .github/workflows/ci.yml
2026-04-02T11:30:16.000Z workflow syntax error: Unexpected value 'stepz'
2026-04-02T11:30:16.000Z ##[error]Invalid workflow configuration",2026-04-02t11:30:16.000z group run ci for django/django 2026-04-02t11:30:16.000z runner image: macos-latest 2026-04-02t11:30:16.000z language: python 2026-04-02t11:30:16.000z validating .github/workflows/ci.yml 2026-04-02t11:30:16.000z workflow syntax error:,Configuration Error,build,high,Invalid workflow configuration or environment variable
"2026-04-02T21:04:35.000Z ##[group]Run CI for nodejs/node
2026-04-02T21:04:35.000Z Runner image: ubuntu-latest
2026-04-02T21:04:35.000Z Language: go
2026-04-02T21:04:35.000Z validating .github/workflows/ci.yml
2026-04-02T21:04:35.000Z workflow syntax error: Unexpected value 'stepz'
2026-04-02T21:04:35.000Z ##[error]Invalid workflow configuration",2026-04-02t21:04:35.000z group run ci for nodejs/node 2026-04-02t21:04:35.000z runner image: ubuntu-latest 2026-04-02t21:04:35.000z language: go 2026-04-02t21:04:35.000z validating .github/workflows/ci.yml 2026-04-02t21:04:35.000z workflow syntax error:,Configuration Error,build,high,Invalid workflow configuration or environment variable
"2026-04-01T16:32:51.000Z ##[group]Run CI for spring-projects/spring-boot
2026-04-01T16:32:51.000Z Runner image: ubuntu-latest
2026-04-01T16:32:51.000Z Language: python
2026-04-01T16:32:51.000Z validating .github/workflows/ci.yml
2026-04-01T16:32:51.000Z workflow syntax error: Unexpected value 'stepz'
2026-04-01T16:32:51.000Z ##[error]Invalid workflow configuration",2026-04-01t16:32:51.000z group run ci for spring-projects/spring-boot 2026-04-01t16:32:51.000z runner image: ubuntu-latest 2026-04-01t16:32:51.000z language: python 2026-04-01t16:32:51.000z validating .github/workflows/ci.yml 2026-04-01t16:32:51.000z workflow syntax error:,Configuration Error,build,high,Invalid workflow configuration or environment variable
"2026-04-02T02:06:08.000Z ##[group]Run CI for nodejs/node
2026-04-02T02:06:08.000Z Runner image: ubuntu-latest
2026-04-02T02:06:08.000Z Language: python
2026-04-02T02:06:08.000Z validating .github/workflows/ci.yml
2026-04-02T02:06:08.000Z workflow syntax error: Unexpected value 'stepz'
2026-04-02T02:06:08.000Z ##[error]Invalid workflow configuration",2026-04-02t02:06:08.000z group run ci for nodejs/node 2026-04-02t02:06:08.000z runner image: ubuntu-latest 2026-04-02t02:06:08.000z language: python 2026-04-02t02:06:08.000z validating .github/workflows/ci.yml 2026-04-02t02:06:08.000z workflow syntax error:,Configuration Error,build,high,Invalid workflow configuration or environment variable
"2026-04-01T16:34:37.000Z ##[group]Run CI for vercel/next.js
2026-04-01T16:34:37.000Z Runner image: windows-latest
2026-04-01T16:34:37.000Z Language: java
2026-04-01T16:34:37.000Z validating .github/workflows/ci.yml
2026-04-01T16:34:37.000Z workflow syntax error: Unexpected value 'stepz'
2026-04-01T16:34:37.000Z ##[error]Invalid workflow configuration",2026-04-01t16:34:37.000z group run ci for vercel/next.js 2026-04-01t16:34:37.000z runner image: windows-latest 2026-04-01t16:34:37.000z language: java 2026-04-01t16:34:37.000z validating .github/workflows/ci.yml 2026-04-01t16:34:37.000z workflow syntax error:,Configuration Error,build,high,Invalid workflow configuration or environment variable
"2026-04-01T16:35:12.000Z ##[group]Run CI for angular/angular
2026-04-01T16:35:12.000Z Runner image: windows-latest
2026-04-01T16:35:12.000Z Language: python
2026-04-01T16:35:12.000Z validating .github/workflows/ci.yml
2026-04-01T16:35:12.000Z workflow syntax error: Unexpected value 'stepz'
2026-04-01T16:35:12.000Z ##[error]Invalid workflow configuration",2026-04-01t16:35:12.000z group run ci for angular/angular 2026-04-01t16:35:12.000z runner image: windows-latest 2026-04-01t16:35:12.000z language: python 2026-04-01t16:35:12.000z validating .github/workflows/ci.yml 2026-04-01t16:35:12.000z workflow syntax error:,Configuration Error,build,high,Invalid workflow configuration or environment variable
"2026-04-02T11:48:07.000Z ##[group]Run CI for apache/spark
2026-04-02T11:48:07.000Z Runner image: ubuntu-latest
2026-04-02T11:48:07.000Z Language: python
2026-04-02T11:48:07.000Z validating .github/workflows/ci.yml
2026-04-02T11:48:07.000Z workflow syntax error: Unexpected value 'stepz'
2026-04-02T11:48:07.000Z ##[error]Invalid workflow configuration",2026-04-02t11:48:07.000z group run ci for apache/spark 2026-04-02t11:48:07.000z runner image: ubuntu-latest 2026-04-02t11:48:07.000z language: python 2026-04-02t11:48:07.000z validating .github/workflows/ci.yml 2026-04-02t11:48:07.000z workflow syntax error:,Configuration Error,build,high,Invalid workflow configuration or environment variable
"2026-04-02T21:28:52.000Z ##[group]Run CI for facebook/react
2026-04-02T21:28:52.000Z Runner image: windows-latest
2026-04-02T21:28:52.000Z Language: python
2026-04-02T21:28:52.000Z validating .github/workflows/ci.yml
2026-04-02T21:28:52.000Z workflow syntax error: Unexpected value 'stepz'
2026-04-02T21:28:52.000Z ##[error]Invalid workflow configuration",2026-04-02t21:28:52.000z group run ci for facebook/react 2026-04-02t21:28:52.000z runner image: windows-latest 2026-04-02t21:28:52.000z language: python 2026-04-02t21:28:52.000z validating .github/workflows/ci.yml 2026-04-02t21:28:52.000z workflow syntax error:,Configuration Error,build,high,Invalid workflow configuration or environment variable
"2026-04-02T21:32:11.000Z ##[group]Run CI for django/django
2026-04-02T21:32:11.000Z Runner image: windows-latest
2026-04-02T21:32:11.000Z Language: python
2026-04-02T21:32:11.000Z validating .github/workflows/ci.yml
2026-04-02T21:32:11.000Z workflow syntax error: Unexpected value 'stepz'
2026-04-02T21:32:11.000Z ##[error]Invalid workflow configuration",2026-04-02t21:32:11.000z group run ci for django/django 2026-04-02t21:32:11.000z runner image: windows-latest 2026-04-02t21:32:11.000z language: python 2026-04-02t21:32:11.000z validating .github/workflows/ci.yml 2026-04-02t21:32:11.000z workflow syntax error:,Configuration Error,build,high,Invalid workflow configuration or environment variable
"2026-04-02T11:57:28.000Z ##[group]Run CI for pytorch/pytorch
2026-04-02T11:57:28.000Z Runner image: ubuntu-latest
2026-04-02T11:57:28.000Z Language: node
2026-04-02T11:57:28.000Z validating .github/workflows/ci.yml
2026-04-02T11:57:28.000Z workflow syntax error: Unexpected value 'stepz'
2026-04-02T11:57:28.000Z ##[error]Invalid workflow configuration",2026-04-02t11:57:28.000z group run ci for pytorch/pytorch 2026-04-02t11:57:28.000z runner image: ubuntu-latest 2026-04-02t11:57:28.000z language: node 2026-04-02t11:57:28.000z validating .github/workflows/ci.yml 2026-04-02t11:57:28.000z workflow syntax error:,Configuration Error,build,high,Invalid workflow configuration or environment variable
"2026-04-02T02:20:41.000Z ##[group]Run CI for nodejs/node
2026-04-02T02:20:41.000Z Runner image: ubuntu-latest
2026-04-02T02:20:41.000Z Language: rust
2026-04-02T02:20:41.000Z validating .github/workflows/ci.yml
2026-04-02T02:20:41.000Z workflow syntax error: Unexpected value 'stepz'
2026-04-02T02:20:41.000Z ##[error]Invalid workflow configuration",2026-04-02t02:20:41.000z group run ci for nodejs/node 2026-04-02t02:20:41.000z runner image: ubuntu-latest 2026-04-02t02:20:41.000z language: rust 2026-04-02t02:20:41.000z validating .github/workflows/ci.yml 2026-04-02t02:20:41.000z workflow syntax error:,Configuration Error,build,high,Invalid workflow configuration or environment variable
"2026-04-02T21:44:03.000Z ##[group]Run CI for microsoft/vscode
2026-04-02T21:44:03.000Z Runner image: windows-latest
2026-04-02T21:44:03.000Z Language: go
2026-04-02T21:44:03.000Z validating .github/workflows/ci.yml
2026-04-02T21:44:03.000Z workflow syntax error: Unexpected value 'stepz'
2026-04-02T21:44:03.000Z ##[error]Invalid workflow configuration",2026-04-02t21:44:03.000z group run ci for microsoft/vscode 2026-04-02t21:44:03.000z runner image: windows-latest 2026-04-02t21:44:03.000z language: go 2026-04-02t21:44:03.000z validating .github/workflows/ci.yml 2026-04-02t21:44:03.000z workflow syntax error:,Configuration Error,build,high,Invalid workflow configuration or environment variable
"2026-04-02T21:48:12.000Z ##[group]Run CI for tensorflow/tensorflow
2026-04-02T21:48:12.000Z Runner image: windows-latest
2026-04-02T21:48:12.000Z Language: go
2026-04-02T21:48:12.000Z validating .github/workflows/ci.yml
2026-04-02T21:48:12.000Z workflow syntax error: Unexpected value 'stepz'
2026-04-02T21:48:12.000Z ##[error]Invalid workflow configuration",2026-04-02t21:48:12.000z group run ci for tensorflow/tensorflow 2026-04-02t21:48:12.000z runner image: windows-latest 2026-04-02t21:48:12.000z language: go 2026-04-02t21:48:12.000z validating .github/workflows/ci.yml 2026-04-02t21:48:12.000z workflow syntax error:,Configuration Error,build,high,Invalid workflow configuration or environment variable
"2026-04-01T16:43:24.000Z ##[group]Run CI for spring-projects/spring-boot
2026-04-01T16:43:24.000Z Runner image: ubuntu-latest
2026-04-01T16:43:24.000Z Language: rust
2026-04-01T16:43:24.000Z validating .github/workflows/ci.yml
2026-04-01T16:43:24.000Z workflow syntax error: Unexpected value 'stepz'
2026-04-01T16:43:24.000Z ##[error]Invalid workflow configuration",2026-04-01t16:43:24.000z group run ci for spring-projects/spring-boot 2026-04-01t16:43:24.000z runner image: ubuntu-latest 2026-04-01t16:43:24.000z language: rust 2026-04-01t16:43:24.000z validating .github/workflows/ci.yml 2026-04-01t16:43:24.000z workflow syntax error:,Configuration Error,build,high,Invalid workflow configuration or environment variable
"2026-04-02T21:56:22.000Z ##[group]Run CI for pytorch/pytorch
2026-04-02T21:56:22.000Z Runner image: windows-latest
2026-04-02T21:56:22.000Z Language: rust
2026-04-02T21:56:22.000Z validating .github/workflows/ci.yml
2026-04-02T21:56:22.000Z workflow syntax error: Unexpected value 'stepz'
2026-04-02T21:56:22.000Z ##[error]Invalid workflow configuration",2026-04-02t21:56:22.000z group run ci for pytorch/pytorch 2026-04-02t21:56:22.000z runner image: windows-latest 2026-04-02t21:56:22.000z language: rust 2026-04-02t21:56:22.000z validating .github/workflows/ci.yml 2026-04-02t21:56:22.000z workflow syntax error:,Configuration Error,build,high,Invalid workflow configuration or environment variable
"2026-04-02T12:15:11.000Z ##[group]Run CI for angular/angular
2026-04-02T12:15:11.000Z Runner image: macos-latest
2026-04-02T12:15:11.000Z Language: java
2026-04-02T12:15:11.000Z validating .github/workflows/ci.yml
2026-04-02T12:15:11.000Z workflow syntax error: Unexpected value 'stepz'
2026-04-02T12:15:11.000Z ##[error]Invalid workflow configuration",2026-04-02t12:15:11.000z group run ci for angular/angular 2026-04-02t12:15:11.000z runner image: macos-latest 2026-04-02t12:15:11.000z language: java 2026-04-02t12:15:11.000z validating .github/workflows/ci.yml 2026-04-02t12:15:11.000z workflow syntax error:,Configuration Error,build,high,Invalid workflow configuration or environment variable
"2026-04-01T16:46:57.000Z ##[group]Run CI for facebook/react
2026-04-01T16:46:57.000Z Runner image: windows-latest
2026-04-01T16:46:57.000Z Language: rust
2026-04-01T16:46:57.000Z validating .github/workflows/ci.yml
2026-04-01T16:46:57.000Z workflow syntax error: Unexpected value 'stepz'
2026-04-01T16:46:57.000Z ##[error]Invalid workflow configuration",2026-04-01t16:46:57.000z group run ci for facebook/react 2026-04-01t16:46:57.000z runner image: windows-latest 2026-04-01t16:46:57.000z language: rust 2026-04-01t16:46:57.000z validating .github/workflows/ci.yml 2026-04-01t16:46:57.000z workflow syntax error:,Configuration Error,build,high,Invalid workflow configuration or environment variable
"2026-04-02T12:21:49.000Z ##[group]Run CI for microsoft/vscode
2026-04-02T12:21:49.000Z Runner image: ubuntu-latest
2026-04-02T12:21:49.000Z Language: go
2026-04-02T12:21:49.000Z validating .github/workflows/ci.yml
2026-04-02T12:21:49.000Z workflow syntax error: Unexpected value 'stepz'
2026-04-02T12:21:49.000Z ##[error]Invalid workflow configuration",2026-04-02t12:21:49.000z group run ci for microsoft/vscode 2026-04-02t12:21:49.000z runner image: ubuntu-latest 2026-04-02t12:21:49.000z language: go 2026-04-02t12:21:49.000z validating .github/workflows/ci.yml 2026-04-02t12:21:49.000z workflow syntax error:,Configuration Error,build,high,Invalid workflow configuration or environment variable
"2026-04-02T02:36:42.000Z ##[group]Run CI for angular/angular
2026-04-02T02:36:42.000Z Runner image: ubuntu-latest
2026-04-02T02:36:42.000Z Language: node
2026-04-02T02:36:42.000Z validating .github/workflows/ci.yml
2026-04-02T02:36:42.000Z workflow syntax error: Unexpected value 'stepz'
2026-04-02T02:36:42.000Z ##[error]Invalid workflow configuration",2026-04-02t02:36:42.000z group run ci for angular/angular 2026-04-02t02:36:42.000z runner image: ubuntu-latest 2026-04-02t02:36:42.000z language: node 2026-04-02t02:36:42.000z validating .github/workflows/ci.yml 2026-04-02t02:36:42.000z workflow syntax error:,Configuration Error,build,high,Invalid workflow configuration or environment variable
"2026-04-01T16:49:48.000Z ##[group]Run CI for vercel/next.js
2026-04-01T16:49:48.000Z Runner image: windows-latest
2026-04-01T16:49:48.000Z Language: rust
2026-04-01T16:49:48.000Z validating .github/workflows/ci.yml
2026-04-01T16:49:48.000Z workflow syntax error: Unexpected value 'stepz'
2026-04-01T16:49:48.000Z ##[error]Invalid workflow configuration",2026-04-01t16:49:48.000z group run ci for vercel/next.js 2026-04-01t16:49:48.000z runner image: windows-latest 2026-04-01t16:49:48.000z language: rust 2026-04-01t16:49:48.000z validating .github/workflows/ci.yml 2026-04-01t16:49:48.000z workflow syntax error:,Configuration Error,build,high,Invalid workflow configuration or environment variable
"2026-04-02T02:40:11.000Z ##[group]Run CI for vercel/next.js
2026-04-02T02:40:11.000Z Runner image: macos-latest
2026-04-02T02:40:11.000Z Language: go
2026-04-02T02:40:11.000Z validating .github/workflows/ci.yml
2026-04-02T02:40:11.000Z workflow syntax error: Unexpected value 'stepz'
2026-04-02T02:40:11.000Z ##[error]Invalid workflow configuration",2026-04-02t02:40:11.000z group run ci for vercel/next.js 2026-04-02t02:40:11.000z runner image: macos-latest 2026-04-02t02:40:11.000z language: go 2026-04-02t02:40:11.000z validating .github/workflows/ci.yml 2026-04-02t02:40:11.000z workflow syntax error:,Configuration Error,build,high,Invalid workflow configuration or environment variable
"2026-04-02T12:33:58.000Z ##[group]Run CI for vercel/next.js
2026-04-02T12:33:58.000Z Runner image: macos-latest
2026-04-02T12:33:58.000Z Language: java
2026-04-02T12:33:58.000Z validating .github/workflows/ci.yml
2026-04-02T12:33:58.000Z workflow syntax error: Unexpected value 'stepz'
2026-04-02T12:33:58.000Z ##[error]Invalid workflow configuration",2026-04-02t12:33:58.000z group run ci for vercel/next.js 2026-04-02t12:33:58.000z runner image: macos-latest 2026-04-02t12:33:58.000z language: java 2026-04-02t12:33:58.000z validating .github/workflows/ci.yml 2026-04-02t12:33:58.000z workflow syntax error:,Configuration Error,build,high,Invalid workflow configuration or environment variable
"2026-04-02T02:44:36.000Z ##[group]Run CI for angular/angular
2026-04-02T02:44:36.000Z Runner image: ubuntu-latest
2026-04-02T02:44:36.000Z Language: java
2026-04-02T02:44:36.000Z validating .github/workflows/ci.yml
2026-04-02T02:44:36.000Z workflow syntax error: Unexpected value 'stepz'
2026-04-02T02:44:36.000Z ##[error]Invalid workflow configuration",2026-04-02t02:44:36.000z group run ci for angular/angular 2026-04-02t02:44:36.000z runner image: ubuntu-latest 2026-04-02t02:44:36.000z language: java 2026-04-02t02:44:36.000z validating .github/workflows/ci.yml 2026-04-02t02:44:36.000z workflow syntax error:,Configuration Error,build,high,Invalid workflow configuration or environment variable
"2026-04-02T02:46:31.000Z ##[group]Run CI for vercel/next.js
2026-04-02T02:46:31.000Z Runner image: windows-latest
2026-04-02T02:46:31.000Z Language: rust
2026-04-02T02:46:31.000Z validating .github/workflows/ci.yml
2026-04-02T02:46:31.000Z workflow syntax error: Unexpected value 'stepz'
2026-04-02T02:46:31.000Z ##[error]Invalid workflow configuration",2026-04-02t02:46:31.000z group run ci for vercel/next.js 2026-04-02t02:46:31.000z runner image: windows-latest 2026-04-02t02:46:31.000z language: rust 2026-04-02t02:46:31.000z validating .github/workflows/ci.yml 2026-04-02t02:46:31.000z workflow syntax error:,Configuration Error,build,high,Invalid workflow configuration or environment variable
"2026-04-02T02:48:01.000Z ##[group]Run CI for facebook/react
2026-04-02T02:48:01.000Z Runner image: ubuntu-latest
2026-04-02T02:48:01.000Z Language: python
2026-04-02T02:48:01.000Z validating .github/workflows/ci.yml
2026-04-02T02:48:01.000Z workflow syntax error: Unexpected value 'stepz'
2026-04-02T02:48:01.000Z ##[error]Invalid workflow configuration",2026-04-02t02:48:01.000z group run ci for facebook/react 2026-04-02t02:48:01.000z runner image: ubuntu-latest 2026-04-02t02:48:01.000z language: python 2026-04-02t02:48:01.000z validating .github/workflows/ci.yml 2026-04-02t02:48:01.000z workflow syntax error:,Configuration Error,build,high,Invalid workflow configuration or environment variable
"2026-04-02T02:50:51.000Z ##[group]Run CI for spring-projects/spring-boot
2026-04-02T02:50:51.000Z Runner image: windows-latest
2026-04-02T02:50:51.000Z Language: python
2026-04-02T02:50:51.000Z validating .github/workflows/ci.yml
2026-04-02T02:50:51.000Z workflow syntax error: Unexpected value 'stepz'
2026-04-02T02:50:51.000Z ##[error]Invalid workflow configuration",2026-04-02t02:50:51.000z group run ci for spring-projects/spring-boot 2026-04-02t02:50:51.000z runner image: windows-latest 2026-04-02t02:50:51.000z language: python 2026-04-02t02:50:51.000z validating .github/workflows/ci.yml 2026-04-02t02:50:51.000z workflow syntax error:,Configuration Error,build,high,Invalid workflow configuration or environment variable
"2026-04-02T12:48:03.000Z ##[group]Run CI for nodejs/node
2026-04-02T12:48:03.000Z Runner image: windows-latest
2026-04-02T12:48:03.000Z Language: node
2026-04-02T12:48:03.000Z validating .github/workflows/ci.yml
2026-04-02T12:48:03.000Z workflow syntax error: Unexpected value 'stepz'
2026-04-02T12:48:03.000Z ##[error]Invalid workflow configuration",2026-04-02t12:48:03.000z group run ci for nodejs/node 2026-04-02t12:48:03.000z runner image: windows-latest 2026-04-02t12:48:03.000z language: node 2026-04-02t12:48:03.000z validating .github/workflows/ci.yml 2026-04-02t12:48:03.000z workflow syntax error:,Configuration Error,build,high,Invalid workflow configuration or environment variable
"2026-04-02T02:54:49.000Z ##[group]Run CI for facebook/react
2026-04-02T02:54:49.000Z Runner image: ubuntu-latest
2026-04-02T02:54:49.000Z Language: rust
2026-04-02T02:54:49.000Z validating .github/workflows/ci.yml
2026-04-02T02:54:49.000Z workflow syntax error: Unexpected value 'stepz'
2026-04-02T02:54:49.000Z ##[error]Invalid workflow configuration",2026-04-02t02:54:49.000z group run ci for facebook/react 2026-04-02t02:54:49.000z runner image: ubuntu-latest 2026-04-02t02:54:49.000z language: rust 2026-04-02t02:54:49.000z validating .github/workflows/ci.yml 2026-04-02t02:54:49.000z workflow syntax error:,Configuration Error,build,high,Invalid workflow configuration or environment variable
"2026-04-02T12:54:45.000Z ##[group]Run CI for tensorflow/tensorflow
2026-04-02T12:54:45.000Z Runner image: macos-latest
2026-04-02T12:54:45.000Z Language: java
2026-04-02T12:54:45.000Z validating .github/workflows/ci.yml
2026-04-02T12:54:45.000Z workflow syntax error: Unexpected value 'stepz'
2026-04-02T12:54:45.000Z ##[error]Invalid workflow configuration",2026-04-02t12:54:45.000z group run ci for tensorflow/tensorflow 2026-04-02t12:54:45.000z runner image: macos-latest 2026-04-02t12:54:45.000z language: java 2026-04-02t12:54:45.000z validating .github/workflows/ci.yml 2026-04-02t12:54:45.000z workflow syntax error:,Configuration Error,build,high,Invalid workflow configuration or environment variable
"2026-04-02T12:57:20.000Z ##[group]Run CI for django/django
2026-04-02T12:57:20.000Z Runner image: macos-latest
2026-04-02T12:57:20.000Z Language: python
2026-04-02T12:57:20.000Z validating .github/workflows/ci.yml
2026-04-02T12:57:20.000Z workflow syntax error: Unexpected value 'stepz'
2026-04-02T12:57:20.000Z ##[error]Invalid workflow configuration",2026-04-02t12:57:20.000z group run ci for django/django 2026-04-02t12:57:20.000z runner image: macos-latest 2026-04-02t12:57:20.000z language: python 2026-04-02t12:57:20.000z validating .github/workflows/ci.yml 2026-04-02t12:57:20.000z workflow syntax error:,Configuration Error,build,high,Invalid workflow configuration or environment variable
"2026-04-02T23:00:41.000Z ##[group]Run CI for nodejs/node
2026-04-02T23:00:41.000Z Runner image: ubuntu-latest
2026-04-02T23:00:41.000Z Language: go
2026-04-02T23:00:41.000Z validating .github/workflows/ci.yml
2026-04-02T23:00:41.000Z workflow syntax error: Unexpected value 'stepz'
2026-04-02T23:00:41.000Z ##[error]Invalid workflow configuration",2026-04-02t23:00:41.000z group run ci for nodejs/node 2026-04-02t23:00:41.000z runner image: ubuntu-latest 2026-04-02t23:00:41.000z language: go 2026-04-02t23:00:41.000z validating .github/workflows/ci.yml 2026-04-02t23:00:41.000z workflow syntax error:,Configuration Error,build,high,Invalid workflow configuration or environment variable
