log,cleaned_log,label,stage,severity,root_cause,log_length
"2026-04-02T04:16:45.000Z ##[group]Run CI for pytorch/pytorch
2026-04-02T04:16:45.000Z Runner image: macos-latest
2026-04-02T04:16:45.000Z Language: rust
2026-04-02T04:16:45.000Z make build-ci -j4
2026-04-02T04:16:45.000Z gcc: fatal error: cannot execute 'cc1plus': No such file or directory
2026-04-02T04:16:45.000Z ##[error]Build failed with exit code 2",2026-04-02t04:16:45.000z group run ci for pytorch/pytorch 2026-04-02t04:16:45.000z runner image: macos-latest 2026-04-02t04:16:45.000z language: rust 2026-04-02t04:16:45.000z make build-ci -j4 2026-04-02t04:16:45.000z gcc: fatal,Build Failure,build,high,Compilation or packaging process failed,228.0
"2026-04-04T19:29:18.000Z ##[group]Run CI for spring-projects/spring-boot
2026-04-04T19:29:18.000Z Runner image: windows-latest
2026-04-04T19:29:18.000Z Language: node
2026-04-04T19:29:18.000Z src/cache/handler.py:349: SyntaxError: unexpected token ')'
2026-04-04T19:29:18.000Z pylint: E0001 syntax-error
2026-04-04T19:29:18.000Z ##[error]Build stopped due to syntax error",2026-04-04t19:29:18.000z group run ci for spring-projects/spring-boot 2026-04-04t19:29:18.000z runner image: windows-latest 2026-04-04t19:29:18.000z language: node 2026-04-04t19:29:18.000z src/cache/handler.py:349: syntaxerror: unexpected token 2026-04-04t19:29:18.000z pylint:,Syntax Error,build,high,Invalid code syntax detected by compiler or linter,
"2026-04-15T09:08:31.000Z ##[group]Run CI for apache/spark
2026-04-15T09:08:31.000Z Runner image: windows-latest
2026-04-15T09:08:31.000Z Language: rust
2026-04-15T09:08:31.000Z src/billing/handler.py:134: SyntaxError: unexpected token '['
2026-04-15T09:08:31.000Z pylint: E0001 syntax-error
2026-04-15T09:08:31.000Z ##[error]Build stopped due to syntax error",2026-04-15t09:08:31.000z group run ci for apache/spark 2026-04-15t09:08:31.000z runner image: windows-latest 2026-04-15t09:08:31.000z language: rust 2026-04-15t09:08:31.000z src/billing/handler.py:134: syntaxerror: unexpected token 2026-04-15t09:08:31.000z pylint:,Syntax Error,build,high,Invalid code syntax detected by compiler or linter,
"2026-04-02T12:33:58.000Z ##[group]Run CI for vercel/next.js
2026-04-02T12:33:58.000Z Runner image: macos-latest
2026-04-02T12:33:58.000Z Language: java
2026-04-02T12:33:58.000Z validating .github/workflows/ci.yml
2026-04-02T12:33:58.000Z workflow syntax error: Unexpected value 'stepz'
2026-04-02T12:33:58.000Z ##[error]Invalid workflow configuration",2026-04-02t12:33:58.000z group run ci for vercel/next.js 2026-04-02t12:33:58.000z runner image: macos-latest 2026-04-02t12:33:58.000z language: java 2026-04-02t12:33:58.000z validating .github/workflows/ci.yml 2026-04-02t12:33:58.000z workflow syntax error:,Configuration Error,build,high,Invalid workflow configuration or environment variable,257.0
"2026-04-01T19:27:15.000Z ##[group]Run CI for nodejs/node
2026-04-01T19:27:15.000Z Runner image: windows-latest
2026-04-01T19:27:15.000Z Language: go
2026-04-01T19:27:15.000Z aws secretsmanager get-secret-value --secret-id docker-token
2026-04-01T19:27:15.000Z AccessDeniedException: User is not authorized to perform secretsmanager:GetSecretValue
2026-04-01T19:27:15.000Z ##[error]permission denied while accessing deployment secret",2026-04-01t19:27:15.000z group run ci for nodejs/node 2026-04-01t19:27:15.000z runner image: windows-latest 2026-04-01t19:27:15.000z language: go 2026-04-01t19:27:15.000z aws secretsmanager get-secret-value --secret-id docker-token 2026-04-01t19:27:15.000z,Permission Error,deploy,high,"Token, role, or filesystem permission denied",256.0
"2026-04-11T17:30:53.000Z ##[group]Run CI for django/django
2026-04-11T17:30:53.000Z Runner image: windows-latest
2026-04-11T17:30:53.000Z Language: rust
2026-04-11T17:30:53.000Z FAIL tests/integration/test_auth_flow.py
2026-04-11T17:30:53.000Z AssertionError: expected 4 but received 11
2026-04-11T17:30:53.000Z ##[error]Test suite failed with exit code 1",2026-04-11t17:30:53.000z group run ci for django/django 2026-04-11t17:30:53.000z runner image: windows-latest 2026-04-11t17:30:53.000z language: rust 2026-04-11t17:30:53.000z fail tests/integration/test_auth_flow.py 2026-04-11t17:30:53.000z assertionerror: expected 4,Test Failure,test,medium,Assertion mismatch in CI test suite,
"2026-04-01T11:52:26.000Z ##[group]Run CI for nodejs/node
2026-04-01T11:52:26.000Z Runner image: macos-latest
2026-04-01T11:52:26.000Z Language: node
2026-04-01T11:52:26.000Z ERROR: Module not found: Cannot resolve 'torch'
2026-04-01T11:52:26.000Z npm ERR! code E404
2026-04-01T11:52:26.000Z ##[error]Dependency installation failed",2026-04-01t11:52:26.000z group run ci for nodejs/node 2026-04-01t11:52:26.000z runner image: macos-latest 2026-04-01t11:52:26.000z language: node 2026-04-01t11:52:26.000z error: module not found: cannot resolve,Dependency Error,build,high,Missing package or unresolved module dependency,210.0
"2026-04-11T11:58:49.7890375Z ##[error]The operation was canceled. 2026-04-11T11:54:40.1696122Z [36;1m  echo ""ERROR: parse_ref.py not found"" >&2[0m 2026-04-11T11:57:37.1952932Z   continue_on_error: false 2026-04-11T11:57:49.1218362Z /home/ec2-user/.local/lib/python3.9/site-packages/fairscale/optim/oss.py:48: UserWarning: Failed to initialize NumPy: _ARRAY_API not found (Triggered internally at ../torch/csrc/utils/tensor_numpy.cpp:84.) 2026-04-11T11:57:50.0773045Z     raise child_exception_type(errno_num, err_msg, err_filename)",tz errorthe operation was canceled tz,Runtime Error,build,medium,auto-detected,37.0
"2026-04-12T02:33:15.000Z ##[group]Run CI for angular/angular
2026-04-12T02:33:15.000Z Runner image: ubuntu-latest
2026-04-12T02:33:15.000Z Language: python
2026-04-12T02:33:15.000Z make build-ci -j4
2026-04-12T02:33:15.000Z gcc: fatal error: cannot execute 'cc1plus': No such file or directory
2026-04-12T02:33:15.000Z ##[error]Build failed with exit code 2",2026-04-12t02:33:15.000z group run ci for angular/angular 2026-04-12t02:33:15.000z runner image: ubuntu-latest 2026-04-12t02:33:15.000z language: python 2026-04-12t02:33:15.000z make build-ci -j4 2026-04-12t02:33:15.000z gcc: fatal,Build Failure,build,high,Compilation or packaging process failed,
"2026-04-01T14:54:22.000Z ##[group]Run CI for django/django
2026-04-01T14:54:22.000Z Runner image: macos-latest
2026-04-01T14:54:22.000Z Language: go
2026-04-01T14:54:22.000Z helm upgrade --install api ./charts/api
2026-04-01T14:54:22.000Z Error: UPGRADE FAILED: timed out waiting for the condition
2026-04-01T14:54:22.000Z ##[error]Deployment failed in production stage",2026-04-01t14:54:22.000z group run ci for django/django 2026-04-01t14:54:22.000z runner image: macos-latest 2026-04-01t14:54:22.000z language: go 2026-04-01t14:54:22.000z helm upgrade --install api ./charts/api 2026-04-01t14:54:22.000z,Deployment Error,deploy,high,Release or deployment command failed,235.0
"2026-04-15T13:52:55.000Z ##[group]Run CI for facebook/react
2026-04-15T13:52:55.000Z Runner image: windows-latest
2026-04-15T13:52:55.000Z Language: java
2026-04-15T13:52:55.000Z aws secretsmanager get-secret-value --secret-id docker-token
2026-04-15T13:52:55.000Z AccessDeniedException: User is not authorized to perform secretsmanager:GetSecretValue
2026-04-15T13:52:55.000Z ##[error]permission denied while accessing deployment secret",2026-04-15t13:52:55.000z group run ci for facebook/react 2026-04-15t13:52:55.000z runner image: windows-latest 2026-04-15t13:52:55.000z language: java 2026-04-15t13:52:55.000z aws secretsmanager get-secret-value --secret-id docker-token 2026-04-15t13:52:55.000z,Permission Error,deploy,high,"Token, role, or filesystem permission denied",
"2026-04-02T00:52:05.000Z ##[group]Run CI for django/django
2026-04-02T00:52:05.000Z Runner image: macos-latest
2026-04-02T00:52:05.000Z Language: node
2026-04-02T00:52:05.000Z Pulling cache layer from registry
2026-04-02T00:52:05.000Z error: failed to solve: no space left on device
2026-04-02T00:52:05.000Z ##[error]Runner disk pressure caused job failure",2026-04-02t00:52:05.000z group run ci for django/django 2026-04-02t00:52:05.000z runner image: macos-latest 2026-04-02t00:52:05.000z language: node 2026-04-02t00:52:05.000z pulling cache layer from registry 2026-04-02t00:52:05.000z,Infrastructure Error,build,high,Runner or external service instability,231.0
"2026-04-10T11:03:37.4412526Z INFO: Found applicable config definition common:win_clang_base in file c:\actions-runner\_work\tensorflow\tensorflow\.bazelrc: --@com_google_protobuf//build_defs:use_dlls=True --@com_google_absl//absl:use_dlls=True --linkopt=/demangle:no --host_linkopt=/demangle:no --linkopt=/errorlimit:0 --host_linkopt=/errorlimit:0 --copt=/clang:-Weverything --host_copt=/clang:-Weverything --compiler=clang-cl --linkopt=/FORCE:MULTIPLE --host_linkopt=/FORCE:MULTIPLE --action_env=PATHEXT=.COM;.EXE;.BAT;.CMD;.VBS;.VBE;.JS;.JSE;.WSF;.WSH;.MSC;.PY;.PYW 2026-04-10T11:03:37.4417136Z INFO: Found applicable config definition test:win_clang_base in file c:\actions-runner\_work\tensorflow\tensorflow\.bazelrc: --linkopt=/FORCE:MULTIPLE --host_linkopt=/FORCE:MULTIPLE --build_tests_only --keep_going --test_output=errors --verbose_failures=true --test_summary=short 2026-04-10T11:03:37.4468459Z INFO: Found applicable config definition common:win_clang_base in file c:\actions-runner\_work\tensorflow\tensorflow\.bazelrc: --@com_google_protobuf//build_defs:use_dlls=True --@com_google_absl//absl:use_dlls=True --linkopt=/demangle:no --host_linkopt=/demangle:no --linkopt=/errorlimit:0 --host_linkopt=/errorlimit:0 --copt=/clang:-Weverything --host_copt=/clang:-Weverything --compiler=clang-cl --linkopt=/FORCE:MULTIPLE --host_linkopt=/FORCE:MULTIPLE --action_env=PATHEXT=.COM;.EXE;.BAT;.CMD;.VBS;.VBE;.JS;.JSE;.WSF;.WSH;.MSC;.PY;.PYW 2026-04-10T11:03:37.4473095Z INFO: Found applicable config definition test:win_clang_base in file c:\actions-runner\_work\tensorflow\tensorflow\.bazelrc: --linkopt=/FORCE:MULTIPLE --host_linkopt=/FORCE:MULTIPLE --build_tests_only --keep_going --test_output=errors --verbose_failures=true --test_summary=short 2026-04-10T11:03:46.6576515Z DEBUG: Rule 'python_3_13_x86_64-pc-windows-msvc' indicated that a canonical reproducible form can be obtained by dropping arguments [""ignore_root_user_error""]",tz info found applicable config,Test Failure,test,medium,Assertion or test case failure,31.0
"2026-04-16T00:40:23.000Z ##[group]Run CI for facebook/react
2026-04-16T00:40:23.000Z Runner image: macos-latest
2026-04-16T00:40:23.000Z Language: node
2026-04-16T00:40:23.000Z validating .github/workflows/ci.yml
2026-04-16T00:40:23.000Z workflow syntax error: Unexpected value 'stepz'
2026-04-16T00:40:23.000Z ##[error]Invalid workflow configuration",2026-04-16t00:40:23.000z group run ci for facebook/react 2026-04-16t00:40:23.000z runner image: macos-latest 2026-04-16t00:40:23.000z language: node 2026-04-16t00:40:23.000z validating .github/workflows/ci.yml 2026-04-16t00:40:23.000z workflow syntax error:,Configuration Error,build,high,Invalid workflow configuration or environment variable,
"2026-04-04T22:50:18.000Z ##[group]Run CI for apache/spark
2026-04-04T22:50:18.000Z Runner image: windows-latest
2026-04-04T22:50:18.000Z Language: rust
2026-04-04T22:50:18.000Z Pulling cache layer from registry
2026-04-04T22:50:18.000Z error: failed to solve: no space left on device
2026-04-04T22:50:18.000Z ##[error]Runner disk pressure caused job failure",2026-04-04t22:50:18.000z group run ci for apache/spark 2026-04-04t22:50:18.000z runner image: windows-latest 2026-04-04t22:50:18.000z language: rust 2026-04-04t22:50:18.000z pulling cache layer from registry 2026-04-04t22:50:18.000z,Infrastructure Error,build,high,Runner or external service instability,
"2026-04-08T13:22:32.000Z ##[group]Run CI for nodejs/node
2026-04-08T13:22:32.000Z Runner image: windows-latest
2026-04-08T13:22:32.000Z Language: rust
2026-04-08T13:22:32.000Z Starting module cache
2026-04-08T13:22:32.000Z Traceback (most recent call last): ValueError: invalid state transition in cache
2026-04-08T13:22:32.000Z ##[error]Runtime exception in test process",2026-04-08t13:22:32.000z group run ci for nodejs/node 2026-04-08t13:22:32.000z runner image: windows-latest 2026-04-08t13:22:32.000z language: rust 2026-04-08t13:22:32.000z starting module cache 2026-04-08t13:22:32.000z traceback most,Runtime Error,test,medium,Unhandled exception during job execution,
"2026-04-01T09:24:24.000Z ##[group]Run CI for spring-projects/spring-boot
2026-04-01T09:24:24.000Z Runner image: ubuntu-latest
2026-04-01T09:24:24.000Z Language: node
2026-04-01T09:24:24.000Z ERROR: Module not found: Cannot resolve 'webpack'
2026-04-01T09:24:24.000Z npm ERR! code E404
2026-04-01T09:24:24.000Z ##[error]Dependency installation failed",2026-04-01t09:24:24.000z group run ci for spring-projects/spring-boot 2026-04-01t09:24:24.000z runner image: ubuntu-latest 2026-04-01t09:24:24.000z language: node 2026-04-01t09:24:24.000z error: module not found: cannot resolve,Dependency Error,build,high,Missing package or unresolved module dependency,227.0
"2026-04-04T21:55:48.000Z ##[group]Run CI for tensorflow/tensorflow
2026-04-04T21:55:48.000Z Runner image: windows-latest
2026-04-04T21:55:48.000Z Language: rust
2026-04-04T21:55:48.000Z Starting module scheduler
2026-04-04T21:55:48.000Z Traceback (most recent call last): ValueError: invalid state transition in scheduler
2026-04-04T21:55:48.000Z ##[error]Runtime exception in test process",2026-04-04t21:55:48.000z group run ci for tensorflow/tensorflow 2026-04-04t21:55:48.000z runner image: windows-latest 2026-04-04t21:55:48.000z language: rust 2026-04-04t21:55:48.000z starting module scheduler 2026-04-04t21:55:48.000z traceback most,Runtime Error,test,medium,Unhandled exception during job execution,
"2026-04-15T10:32:25.000Z ##[group]Run CI for facebook/react
2026-04-15T10:32:25.000Z Runner image: windows-latest
2026-04-15T10:32:25.000Z Language: rust
2026-04-15T10:32:25.000Z src/cache/handler.py:111: SyntaxError: unexpected token '='
2026-04-15T10:32:25.000Z pylint: E0001 syntax-error
2026-04-15T10:32:25.000Z ##[error]Build stopped due to syntax error",2026-04-15t10:32:25.000z group run ci for facebook/react 2026-04-15t10:32:25.000z runner image: windows-latest 2026-04-15t10:32:25.000z language: rust 2026-04-15t10:32:25.000z src/cache/handler.py:111: syntaxerror: unexpected token 2026-04-15t10:32:25.000z pylint:,Syntax Error,build,high,Invalid code syntax detected by compiler or linter,
"2026-04-02T07:56:43.000Z ##[group]Run CI for vercel/next.js
2026-04-02T07:56:43.000Z Runner image: ubuntu-latest
2026-04-02T07:56:43.000Z Language: python
2026-04-02T07:56:43.000Z Starting module scheduler
2026-04-02T07:56:43.000Z Traceback (most recent call last): ValueError: invalid state transition in scheduler
2026-04-02T07:56:43.000Z ##[error]Runtime exception in test process",2026-04-02t07:56:43.000z group run ci for vercel/next.js 2026-04-02t07:56:43.000z runner image: ubuntu-latest 2026-04-02t07:56:43.000z language: python 2026-04-02t07:56:43.000z starting module scheduler 2026-04-02t07:56:43.000z traceback most,Runtime Error,test,medium,Unhandled exception during job execution,242.0
"2026-04-01T12:02:31.000Z ##[group]Run CI for angular/angular
2026-04-01T12:02:31.000Z Runner image: windows-latest
2026-04-01T12:02:31.000Z Language: rust
2026-04-01T12:02:31.000Z src/cache/handler.py:83: SyntaxError: unexpected token ')'
2026-04-01T12:02:31.000Z pylint: E0001 syntax-error
2026-04-01T12:02:31.000Z ##[error]Build stopped due to syntax error",2026-04-01t12:02:31.000z group run ci for angular/angular 2026-04-01t12:02:31.000z runner image: windows-latest 2026-04-01t12:02:31.000z language: rust 2026-04-01t12:02:31.000z src/cache/handler.py:83: syntaxerror: unexpected token 2026-04-01t12:02:31.000z pylint:,Syntax Error,build,high,Invalid code syntax detected by compiler or linter,264.0
"2026-04-01T10:01:03.000Z ##[group]Run CI for spring-projects/spring-boot
2026-04-01T10:01:03.000Z Runner image: windows-latest
2026-04-01T10:01:03.000Z Language: go
2026-04-01T10:01:03.000Z pytest -m integration --maxfail=1
2026-04-01T10:01:03.000Z Error: Process timed out after 30 minutes
2026-04-01T10:01:03.000Z ##[error]The operation was canceled",2026-04-01t10:01:03.000z group run ci for spring-projects/spring-boot 2026-04-01t10:01:03.000z runner image: windows-latest 2026-04-01t10:01:03.000z language: go 2026-04-01t10:01:03.000z pytest -m integration --maxfail 1 2026-04-01t10:01:03.000z,Timeout Error,test,medium,Long-running step exceeded CI timeout threshold,245.0
"2026-04-01T14:00:57.000Z ##[group]Run CI for apache/spark
2026-04-01T14:00:57.000Z Runner image: windows-latest
2026-04-01T14:00:57.000Z Language: java
2026-04-01T14:00:57.000Z Starting module router
2026-04-01T14:00:57.000Z Traceback (most recent call last): ValueError: invalid state transition in router
2026-04-01T14:00:57.000Z ##[error]Runtime exception in test process",2026-04-01t14:00:57.000z group run ci for apache/spark 2026-04-01t14:00:57.000z runner image: windows-latest 2026-04-01t14:00:57.000z language: java 2026-04-01t14:00:57.000z starting module router 2026-04-01t14:00:57.000z traceback most,Runtime Error,test,medium,Unhandled exception during job execution,236.0
"2026-04-01T11:02:04.000Z ##[group]Run CI for spring-projects/spring-boot
2026-04-01T11:02:04.000Z Runner image: ubuntu-latest
2026-04-01T11:02:04.000Z Language: node
2026-04-01T11:02:04.000Z src/scheduler/handler.py:94: SyntaxError: unexpected token '@'
2026-04-01T11:02:04.000Z pylint: E0001 syntax-error
2026-04-01T11:02:04.000Z ##[error]Build stopped due to syntax error",2026-04-01t11:02:04.000z group run ci for spring-projects/spring-boot 2026-04-01t11:02:04.000z runner image: ubuntu-latest 2026-04-01t11:02:04.000z language: node 2026-04-01t11:02:04.000z src/scheduler/handler.py:94: syntaxerror: unexpected token 2026-04-01t11:02:04.000z pylint:,Syntax Error,build,high,Invalid code syntax detected by compiler or linter,279.0
"2026-04-01T09:48:19.000Z ##[group]Run CI for django/django
2026-04-01T09:48:19.000Z Runner image: ubuntu-latest
2026-04-01T09:48:19.000Z Language: node
2026-04-01T09:48:19.000Z src/auth/handler.py:69: SyntaxError: unexpected token '['
2026-04-01T09:48:19.000Z pylint: E0001 syntax-error
2026-04-01T09:48:19.000Z ##[error]Build stopped due to syntax error",2026-04-01t09:48:19.000z group run ci for django/django 2026-04-01t09:48:19.000z runner image: ubuntu-latest 2026-04-01t09:48:19.000z language: node 2026-04-01t09:48:19.000z src/auth/handler.py:69: syntaxerror: unexpected token 2026-04-01t09:48:19.000z pylint:,Syntax Error,build,high,Invalid code syntax detected by compiler or linter,260.0
"2026-04-01T18:16:03.000Z ##[group]Run CI for tensorflow/tensorflow
2026-04-01T18:16:03.000Z Runner image: macos-latest
2026-04-01T18:16:03.000Z Language: rust
2026-04-01T18:16:03.000Z make build-ci -j4
2026-04-01T18:16:03.000Z gcc: fatal error: cannot execute 'cc1plus': No such file or directory
2026-04-01T18:16:03.000Z ##[error]Build failed with exit code 2",2026-04-01t18:16:03.000z group run ci for tensorflow/tensorflow 2026-04-01t18:16:03.000z runner image: macos-latest 2026-04-01t18:16:03.000z language: rust 2026-04-01t18:16:03.000z make build-ci -j4 2026-04-01t18:16:03.000z gcc: fatal,Build Failure,build,high,Compilation or packaging process failed,234.0
"2026-04-01T08:48:26.000Z ##[group]Run CI for tensorflow/tensorflow
2026-04-01T08:48:26.000Z Runner image: ubuntu-latest
2026-04-01T08:48:26.000Z Language: go
2026-04-01T08:48:26.000Z FAIL internal/runtime/retry_test.go
2026-04-01T08:48:26.000Z AssertionError: expected 1 but received 12
2026-04-01T08:48:26.000Z ##[error]Test suite failed with exit code 1",2026-04-01t08:48:26.000z group run ci for tensorflow/tensorflow 2026-04-01t08:48:26.000z runner image: ubuntu-latest 2026-04-01t08:48:26.000z language: go 2026-04-01t08:48:26.000z fail internal/runtime/retry_test.go 2026-04-01t08:48:26.000z assertionerror: expected 1,Test Failure,test,medium,Assertion mismatch in CI test suite,267.0
"2026-04-16T01:32:49.000Z ##[group]Run CI for django/django
2026-04-16T01:32:49.000Z Runner image: macos-latest
2026-04-16T01:32:49.000Z Language: go
2026-04-16T01:32:49.000Z validating .github/workflows/ci.yml
2026-04-16T01:32:49.000Z workflow syntax error: Unexpected value 'stepz'
2026-04-16T01:32:49.000Z ##[error]Invalid workflow configuration",2026-04-16t01:32:49.000z group run ci for django/django 2026-04-16t01:32:49.000z runner image: macos-latest 2026-04-16t01:32:49.000z language: go 2026-04-16t01:32:49.000z validating .github/workflows/ci.yml 2026-04-16t01:32:49.000z workflow syntax error:,Configuration Error,build,high,Invalid workflow configuration or environment variable,
"2026-04-15T19:56:45.000Z ##[group]Run CI for pytorch/pytorch
2026-04-15T19:56:45.000Z Runner image: macos-latest
2026-04-15T19:56:45.000Z Language: go
2026-04-15T19:56:45.000Z helm upgrade --install api ./charts/api
2026-04-15T19:56:45.000Z Error: UPGRADE FAILED: timed out waiting for the condition
2026-04-15T19:56:45.000Z ##[error]Deployment failed in production stage",2026-04-15t19:56:45.000z group run ci for pytorch/pytorch 2026-04-15t19:56:45.000z runner image: macos-latest 2026-04-15t19:56:45.000z language: go 2026-04-15t19:56:45.000z helm upgrade --install api ./charts/api 2026-04-15t19:56:45.000z,Deployment Error,deploy,high,Release or deployment command failed,
"2026-04-12T06:57:15.000Z ##[group]Run CI for angular/angular
2026-04-12T06:57:15.000Z Runner image: macos-latest
2026-04-12T06:57:15.000Z Language: go
2026-04-12T06:57:15.000Z Pulling cache layer from registry
2026-04-12T06:57:15.000Z error: failed to solve: no space left on device
2026-04-12T06:57:15.000Z ##[error]Runner disk pressure caused job failure",2026-04-12t06:57:15.000z group run ci for angular/angular 2026-04-12t06:57:15.000z runner image: macos-latest 2026-04-12t06:57:15.000z language: go 2026-04-12t06:57:15.000z pulling cache layer from registry 2026-04-12t06:57:15.000z,Infrastructure Error,build,high,Runner or external service instability,
"2026-04-01T10:40:04.000Z ##[group]Run CI for spring-projects/spring-boot
2026-04-01T10:40:04.000Z Runner image: macos-latest
2026-04-01T10:40:04.000Z Language: node
2026-04-01T10:40:04.000Z FAIL src/test/java/com/example/ServiceTest.java
2026-04-01T10:40:04.000Z AssertionError: expected 10 but received 16
2026-04-01T10:40:04.000Z ##[error]Test suite failed with exit code 1",2026-04-01t10:40:04.000z group run ci for spring-projects/spring-boot 2026-04-01t10:40:04.000z runner image: macos-latest 2026-04-01t10:40:04.000z language: node 2026-04-01t10:40:04.000z fail src/test/java/com/example/servicetest.java 2026-04-01t10:40:04.000z assertionerror: expected 10,Test Failure,test,medium,Assertion mismatch in CI test suite,287.0
"2026-04-08T04:33:13.5391846Z integration_tests/basic_full_flow.py::BasicFlowTest::test_basic_fit FAILED [ 50%] 2026-04-08T04:33:14.3152550Z             loss=losses.MeanSquaredError(), 2026-04-08T04:33:14.3152845Z             metrics=[metrics.MeanSquaredError()], 2026-04-08T04:33:14.3155409Z keras/src/utils/traceback_utils.py:113: in error_handler 2026-04-08T04:33:14.3158181Z test_env/lib/python3.11/site-packages/tensorflow/python/util/traceback_utils.py:167: in error_handler",tz integrationtestsbasicfullflowpybasicflowtesttestbasicfit failed tz losslossesmeansquarederror tz,Runtime Error,test,medium,auto-detected,99.0
"2026-04-01T14:11:05.000Z ##[group]Run CI for angular/angular
2026-04-01T14:11:05.000Z Runner image: windows-latest
2026-04-01T14:11:05.000Z Language: node
2026-04-01T14:11:05.000Z helm upgrade --install api ./charts/api
2026-04-01T14:11:05.000Z Error: UPGRADE FAILED: timed out waiting for the condition
2026-04-01T14:11:05.000Z ##[error]Deployment failed in production stage",2026-04-01t14:11:05.000z group run ci for angular/angular 2026-04-01t14:11:05.000z runner image: windows-latest 2026-04-01t14:11:05.000z language: node 2026-04-01t14:11:05.000z helm upgrade --install api ./charts/api 2026-04-01t14:11:05.000z,Deployment Error,deploy,high,Release or deployment command failed,241.0
"2026-04-01T22:21:03.000Z ##[group]Run CI for apache/spark
2026-04-01T22:21:03.000Z Runner image: ubuntu-latest
2026-04-01T22:21:03.000Z Language: node
2026-04-01T22:21:03.000Z make build-ci -j4
2026-04-01T22:21:03.000Z gcc: fatal error: cannot execute 'cc1plus': No such file or directory
2026-04-01T22:21:03.000Z ##[error]Build failed with exit code 2",2026-04-01t22:21:03.000z group run ci for apache/spark 2026-04-01t22:21:03.000z runner image: ubuntu-latest 2026-04-01t22:21:03.000z language: node 2026-04-01t22:21:03.000z make build-ci -j4 2026-04-01t22:21:03.000z gcc: fatal,Build Failure,build,high,Compilation or packaging process failed,226.0
"2026-04-02T17:16:00.000Z ##[group]Run CI for angular/angular
2026-04-02T17:16:00.000Z Runner image: ubuntu-latest
2026-04-02T17:16:00.000Z Language: rust
2026-04-02T17:16:00.000Z Pulling cache layer from registry
2026-04-02T17:16:00.000Z error: failed to solve: no space left on device
2026-04-02T17:16:00.000Z ##[error]Runner disk pressure caused job failure",2026-04-02t17:16:00.000z group run ci for angular/angular 2026-04-02t17:16:00.000z runner image: ubuntu-latest 2026-04-02t17:16:00.000z language: rust 2026-04-02t17:16:00.000z pulling cache layer from registry 2026-04-02t17:16:00.000z,Infrastructure Error,build,high,Runner or external service instability,234.0
"2026-04-01T16:33:22.000Z ##[group]Run CI for django/django
2026-04-01T16:33:22.000Z Runner image: macos-latest
2026-04-01T16:33:22.000Z Language: python
2026-04-01T16:33:22.000Z pytest -m integration --maxfail=1
2026-04-01T16:33:22.000Z Error: Process timed out after 10 minutes
2026-04-01T16:33:22.000Z ##[error]The operation was canceled",2026-04-01t16:33:22.000z group run ci for django/django 2026-04-01t16:33:22.000z runner image: macos-latest 2026-04-01t16:33:22.000z language: python 2026-04-01t16:33:22.000z pytest -m integration --maxfail 1 2026-04-01t16:33:22.000z,Timeout Error,test,medium,Long-running step exceeded CI timeout threshold,233.0
"2026-04-15T05:36:01.000Z ##[group]Run CI for spring-projects/spring-boot
2026-04-15T05:36:01.000Z Runner image: ubuntu-latest
2026-04-15T05:36:01.000Z Language: rust
2026-04-15T05:36:01.000Z FAIL tests/integration/test_auth_flow.py
2026-04-15T05:36:01.000Z AssertionError: expected 6 but received 15
2026-04-15T05:36:01.000Z ##[error]Test suite failed with exit code 1",2026-04-15t05:36:01.000z group run ci for spring-projects/spring-boot 2026-04-15t05:36:01.000z runner image: ubuntu-latest 2026-04-15t05:36:01.000z language: rust 2026-04-15t05:36:01.000z fail tests/integration/test_auth_flow.py 2026-04-15t05:36:01.000z assertionerror: expected 6,Test Failure,test,medium,Assertion mismatch in CI test suite,
"2026-04-01T08:56:48.000Z ##[group]Run CI for angular/angular
2026-04-01T08:56:48.000Z Runner image: ubuntu-latest
2026-04-01T08:56:48.000Z Language: rust
2026-04-01T08:56:48.000Z ERROR: Module not found: Cannot resolve 'numpy'
2026-04-01T08:56:48.000Z npm ERR! code E404
2026-04-01T08:56:48.000Z ##[error]Dependency installation failed",2026-04-01t08:56:48.000z group run ci for angular/angular 2026-04-01t08:56:48.000z runner image: ubuntu-latest 2026-04-01t08:56:48.000z language: rust 2026-04-01t08:56:48.000z error: module not found: cannot resolve,Dependency Error,build,high,Missing package or unresolved module dependency,215.0
"2026-04-04T22:13:55.000Z ##[group]Run CI for facebook/react
2026-04-04T22:13:55.000Z Runner image: windows-latest
2026-04-04T22:13:55.000Z Language: python
2026-04-04T22:13:55.000Z helm upgrade --install api ./charts/api
2026-04-04T22:13:55.000Z Error: UPGRADE FAILED: timed out waiting for the condition
2026-04-04T22:13:55.000Z ##[error]Deployment failed in production stage",2026-04-04t22:13:55.000z group run ci for facebook/react 2026-04-04t22:13:55.000z runner image: windows-latest 2026-04-04t22:13:55.000z language: python 2026-04-04t22:13:55.000z helm upgrade --install api ./charts/api 2026-04-04t22:13:55.000z,Deployment Error,deploy,high,Release or deployment command failed,
"2026-04-02T07:45:18.000Z ##[group]Run CI for spring-projects/spring-boot
2026-04-02T07:45:18.000Z Runner image: ubuntu-latest
2026-04-02T07:45:18.000Z Language: java
2026-04-02T07:45:18.000Z Pulling cache layer from registry
2026-04-02T07:45:18.000Z error: failed to solve: no space left on device
2026-04-02T07:45:18.000Z ##[error]Runner disk pressure caused job failure",2026-04-02t07:45:18.000z group run ci for spring-projects/spring-boot 2026-04-02t07:45:18.000z runner image: ubuntu-latest 2026-04-02t07:45:18.000z language: java 2026-04-02t07:45:18.000z pulling cache layer from registry 2026-04-02t07:45:18.000z,Infrastructure Error,build,high,Runner or external service instability,246.0
"2026-04-01T15:28:22.000Z ##[group]Run CI for angular/angular
2026-04-01T15:28:22.000Z Runner image: windows-latest
2026-04-01T15:28:22.000Z Language: go
2026-04-01T15:28:22.000Z src/auth/handler.py:180: SyntaxError: unexpected token '['
2026-04-01T15:28:22.000Z pylint: E0001 syntax-error
2026-04-01T15:28:22.000Z ##[error]Build stopped due to syntax error",2026-04-01t15:28:22.000z group run ci for angular/angular 2026-04-01t15:28:22.000z runner image: windows-latest 2026-04-01t15:28:22.000z language: go 2026-04-01t15:28:22.000z src/auth/handler.py:180: syntaxerror: unexpected token 2026-04-01t15:28:22.000z pylint:,Syntax Error,build,high,Invalid code syntax detected by compiler or linter,262.0
"2026-04-02T04:27:35.000Z ##[group]Run CI for microsoft/vscode
2026-04-02T04:27:35.000Z Runner image: windows-latest
2026-04-02T04:27:35.000Z Language: go
2026-04-02T04:27:35.000Z helm upgrade --install api ./charts/api
2026-04-02T04:27:35.000Z Error: UPGRADE FAILED: timed out waiting for the condition
2026-04-02T04:27:35.000Z ##[error]Deployment failed in production stage",2026-04-02t04:27:35.000z group run ci for microsoft/vscode 2026-04-02t04:27:35.000z runner image: windows-latest 2026-04-02t04:27:35.000z language: go 2026-04-02t04:27:35.000z helm upgrade --install api ./charts/api 2026-04-02t04:27:35.000z,Deployment Error,deploy,high,Release or deployment command failed,240.0
"2026-04-03T17:19:47.8320133Z 1725 Tests, 1725 Passed, 0 Failed 2026-04-03T17:19:15.0214979Z error Command ""snap"" not found. 2026-04-03T17:19:15.0395220Z error Command failed with exit code 1. 2026-04-03T17:19:15.0574008Z error Command failed. 2026-04-03T17:19:15.0682315Z ##[error]Process completed with exit code 1.",tz tests passed failed tz,Test Failure,test,medium,Assertion or test case failure,25.0
"2026-04-08T15:52:33.000Z ##[group]Run CI for pytorch/pytorch
2026-04-08T15:52:33.000Z Runner image: windows-latest
2026-04-08T15:52:33.000Z Language: python
2026-04-08T15:52:33.000Z validating .github/workflows/ci.yml
2026-04-08T15:52:33.000Z workflow syntax error: Unexpected value 'stepz'
2026-04-08T15:52:33.000Z ##[error]Invalid workflow configuration",2026-04-08t15:52:33.000z group run ci for pytorch/pytorch 2026-04-08t15:52:33.000z runner image: windows-latest 2026-04-08t15:52:33.000z language: python 2026-04-08t15:52:33.000z validating .github/workflows/ci.yml 2026-04-08t15:52:33.000z workflow syntax error:,Configuration Error,build,high,Invalid workflow configuration or environment variable,
"2026-04-01T07:50:17.000Z ##[group]Run CI for facebook/react
2026-04-01T07:50:17.000Z Runner image: windows-latest
2026-04-01T07:50:17.000Z Language: python
2026-04-01T07:50:17.000Z FAIL internal/runtime/retry_test.go
2026-04-01T07:50:17.000Z AssertionError: expected 4 but received 19
2026-04-01T07:50:17.000Z ##[error]Test suite failed with exit code 1",2026-04-01t07:50:17.000z group run ci for facebook/react 2026-04-01t07:50:17.000z runner image: windows-latest 2026-04-01t07:50:17.000z language: python 2026-04-01t07:50:17.000z fail internal/runtime/retry_test.go 2026-04-01t07:50:17.000z assertionerror: expected 4,Test Failure,test,medium,Assertion mismatch in CI test suite,265.0
"2026-04-02T00:28:23.000Z ##[group]Run CI for django/django
2026-04-02T00:28:23.000Z Runner image: windows-latest
2026-04-02T00:28:23.000Z Language: node
2026-04-02T00:28:23.000Z aws secretsmanager get-secret-value --secret-id docker-token
2026-04-02T00:28:23.000Z AccessDeniedException: User is not authorized to perform secretsmanager:GetSecretValue
2026-04-02T00:28:23.000Z ##[error]permission denied while accessing deployment secret",2026-04-02t00:28:23.000z group run ci for django/django 2026-04-02t00:28:23.000z runner image: windows-latest 2026-04-02t00:28:23.000z language: node 2026-04-02t00:28:23.000z aws secretsmanager get-secret-value --secret-id docker-token 2026-04-02t00:28:23.000z,Permission Error,deploy,high,"Token, role, or filesystem permission denied",260.0
"2026-04-08T14:12:58.000Z ##[group]Run CI for angular/angular
2026-04-08T14:12:58.000Z Runner image: ubuntu-latest
2026-04-08T14:12:58.000Z Language: java
2026-04-08T14:12:58.000Z helm upgrade --install api ./charts/api
2026-04-08T14:12:58.000Z Error: UPGRADE FAILED: timed out waiting for the condition
2026-04-08T14:12:58.000Z ##[error]Deployment failed in production stage",2026-04-08t14:12:58.000z group run ci for angular/angular 2026-04-08t14:12:58.000z runner image: ubuntu-latest 2026-04-08t14:12:58.000z language: java 2026-04-08t14:12:58.000z helm upgrade --install api ./charts/api 2026-04-08t14:12:58.000z,Deployment Error,deploy,high,Release or deployment command failed,
"2026-04-01T21:00:55.000Z ##[group]Run CI for angular/angular
2026-04-01T21:00:55.000Z Runner image: windows-latest
2026-04-01T21:00:55.000Z Language: rust
2026-04-01T21:00:55.000Z pytest -m integration --maxfail=1
2026-04-01T21:00:55.000Z Error: Process timed out after 20 minutes
2026-04-01T21:00:55.000Z ##[error]The operation was canceled",2026-04-01t21:00:55.000z group run ci for angular/angular 2026-04-01t21:00:55.000z runner image: windows-latest 2026-04-01t21:00:55.000z language: rust 2026-04-01t21:00:55.000z pytest -m integration --maxfail 1 2026-04-01t21:00:55.000z,Timeout Error,test,medium,Long-running step exceeded CI timeout threshold,235.0
"2026-04-01T22:44:55.000Z ##[group]Run CI for angular/angular
2026-04-01T22:44:55.000Z Runner image: ubuntu-latest
2026-04-01T22:44:55.000Z Language: java
2026-04-01T22:44:55.000Z pytest -m integration --maxfail=1
2026-04-01T22:44:55.000Z Error: Process timed out after 20 minutes
2026-04-01T22:44:55.000Z ##[error]The operation was canceled",2026-04-01t22:44:55.000z group run ci for angular/angular 2026-04-01t22:44:55.000z runner image: ubuntu-latest 2026-04-01t22:44:55.000z language: java 2026-04-01t22:44:55.000z pytest -m integration --maxfail 1 2026-04-01t22:44:55.000z,Timeout Error,test,medium,Long-running step exceeded CI timeout threshold,234.0
"2026-04-12T01:27:14.000Z ##[group]Run CI for microsoft/vscode
2026-04-12T01:27:14.000Z Runner image: ubuntu-latest
2026-04-12T01:27:14.000Z Language: rust
2026-04-12T01:27:14.000Z make build-ci -j4
2026-04-12T01:27:14.000Z gcc: fatal error: cannot execute 'cc1plus': No such file or directory
2026-04-12T01:27:14.000Z ##[error]Build failed with exit code 2",2026-04-12t01:27:14.000z group run ci for microsoft/vscode 2026-04-12t01:27:14.000z runner image: ubuntu-latest 2026-04-12t01:27:14.000z language: rust 2026-04-12t01:27:14.000z make build-ci -j4 2026-04-12t01:27:14.000z gcc: fatal,Build Failure,build,high,Compilation or packaging process failed,
"2026-04-01T07:51:32.000Z ##[group]Run CI for django/django
2026-04-01T07:51:32.000Z Runner image: ubuntu-latest
2026-04-01T07:51:32.000Z Language: go
2026-04-01T07:51:32.000Z FAIL packages/react-dom/src/__tests__/hydration.test.js
2026-04-01T07:51:32.000Z AssertionError: expected 9 but received 12
2026-04-01T07:51:32.000Z ##[error]Test suite failed with exit code 1",2026-04-01t07:51:32.000z group run ci for django/django 2026-04-01t07:51:32.000z runner image: ubuntu-latest 2026-04-01t07:51:32.000z language: go 2026-04-01t07:51:32.000z fail packages/react-dom/src/__tests__/hydration.test.js 2026-04-01t07:51:32.000z assertionerror: expected 9,Test Failure,test,medium,Assertion mismatch in CI test suite,279.0
"2026-04-12T03:33:42.000Z ##[group]Run CI for pytorch/pytorch
2026-04-12T03:33:42.000Z Runner image: ubuntu-latest
2026-04-12T03:33:42.000Z Language: rust
2026-04-12T03:33:42.000Z Starting module auth
2026-04-12T03:33:42.000Z Traceback (most recent call last): ValueError: invalid state transition in auth
2026-04-12T03:33:42.000Z ##[error]Runtime exception in test process",2026-04-12t03:33:42.000z group run ci for pytorch/pytorch 2026-04-12t03:33:42.000z runner image: ubuntu-latest 2026-04-12t03:33:42.000z language: rust 2026-04-12t03:33:42.000z starting module auth 2026-04-12t03:33:42.000z traceback most,Runtime Error,test,medium,Unhandled exception during job execution,
"2026-04-01T09:48:42.000Z ##[group]Run CI for tensorflow/tensorflow
2026-04-01T09:48:42.000Z Runner image: macos-latest
2026-04-01T09:48:42.000Z Language: java
2026-04-01T09:48:42.000Z FAIL internal/runtime/retry_test.go
2026-04-01T09:48:42.000Z AssertionError: expected 6 but received 17
2026-04-01T09:48:42.000Z ##[error]Test suite failed with exit code 1",2026-04-01t09:48:42.000z group run ci for tensorflow/tensorflow 2026-04-01t09:48:42.000z runner image: macos-latest 2026-04-01t09:48:42.000z language: java 2026-04-01t09:48:42.000z fail internal/runtime/retry_test.go 2026-04-01t09:48:42.000z assertionerror: expected 6,Test Failure,test,medium,Assertion mismatch in CI test suite,268.0
"2026-04-01T12:06:14.000Z ##[group]Run CI for apache/spark
2026-04-01T12:06:14.000Z Runner image: windows-latest
2026-04-01T12:06:14.000Z Language: python
2026-04-01T12:06:14.000Z ERROR: Module not found: Cannot resolve 'grpcio'
2026-04-01T12:06:14.000Z npm ERR! code E404
2026-04-01T12:06:14.000Z ##[error]Dependency installation failed",2026-04-01t12:06:14.000z group run ci for apache/spark 2026-04-01t12:06:14.000z runner image: windows-latest 2026-04-01t12:06:14.000z language: python 2026-04-01t12:06:14.000z error: module not found: cannot resolve,Dependency Error,build,high,Missing package or unresolved module dependency,215.0
"2026-04-01T08:27:29.000Z ##[group]Run CI for apache/spark
2026-04-01T08:27:29.000Z Runner image: ubuntu-latest
2026-04-01T08:27:29.000Z Language: go
2026-04-01T08:27:29.000Z FAIL packages/react-dom/src/__tests__/hydration.test.js
2026-04-01T08:27:29.000Z AssertionError: expected 2 but received 18
2026-04-01T08:27:29.000Z ##[error]Test suite failed with exit code 1",2026-04-01t08:27:29.000z group run ci for apache/spark 2026-04-01t08:27:29.000z runner image: ubuntu-latest 2026-04-01t08:27:29.000z language: go 2026-04-01t08:27:29.000z fail packages/react-dom/src/__tests__/hydration.test.js 2026-04-01t08:27:29.000z assertionerror: expected 2,Test Failure,test,medium,Assertion mismatch in CI test suite,278.0
"2026-04-01T13:32:36.000Z ##[group]Run CI for pytorch/pytorch
2026-04-01T13:32:36.000Z Runner image: ubuntu-latest
2026-04-01T13:32:36.000Z Language: node
2026-04-01T13:32:36.000Z pytest -m integration --maxfail=1
2026-04-01T13:32:36.000Z Error: Process timed out after 30 minutes
2026-04-01T13:32:36.000Z ##[error]The operation was canceled",2026-04-01t13:32:36.000z group run ci for pytorch/pytorch 2026-04-01t13:32:36.000z runner image: ubuntu-latest 2026-04-01t13:32:36.000z language: node 2026-04-01t13:32:36.000z pytest -m integration --maxfail 1 2026-04-01t13:32:36.000z,Timeout Error,test,medium,Long-running step exceeded CI timeout threshold,234.0
"2026-04-01T22:36:49.000Z ##[group]Run CI for vercel/next.js
2026-04-01T22:36:49.000Z Runner image: windows-latest
2026-04-01T22:36:49.000Z Language: rust
2026-04-01T22:36:49.000Z pytest -m integration --maxfail=1
2026-04-01T22:36:49.000Z Error: Process timed out after 20 minutes
2026-04-01T22:36:49.000Z ##[error]The operation was canceled",2026-04-01t22:36:49.000z group run ci for vercel/next.js 2026-04-01t22:36:49.000z runner image: windows-latest 2026-04-01t22:36:49.000z language: rust 2026-04-01t22:36:49.000z pytest -m integration --maxfail 1 2026-04-01t22:36:49.000z,Timeout Error,test,medium,Long-running step exceeded CI timeout threshold,234.0
"2026-04-01T14:30:58.000Z ##[group]Run CI for angular/angular
2026-04-01T14:30:58.000Z Runner image: ubuntu-latest
2026-04-01T14:30:58.000Z Language: java
2026-04-01T14:30:58.000Z pytest -m integration --maxfail=1
2026-04-01T14:30:58.000Z Error: Process timed out after 20 minutes
2026-04-01T14:30:58.000Z ##[error]The operation was canceled",2026-04-01t14:30:58.000z group run ci for angular/angular 2026-04-01t14:30:58.000z runner image: ubuntu-latest 2026-04-01t14:30:58.000z language: java 2026-04-01t14:30:58.000z pytest -m integration --maxfail 1 2026-04-01t14:30:58.000z,Timeout Error,test,medium,Long-running step exceeded CI timeout threshold,234.0
"2026-04-10T06:52:03.1854624Z   digest-mismatch: error 2026-04-10T06:52:06.4516895Z Failed to open the device 'kvm': Invalid argument 2026-04-10T06:52:30.3616334Z                  'error_on_warn': 'false', 2026-04-10T06:52:30.3631096Z                                           'test/cctest/test_quic_error.cc', 2026-04-10T06:52:30.3647724Z                                          'lib/internal/assert/assertion_error.js',",tz digestmismatch error tz failed,Test Failure,test,medium,Assertion or test case failure,33.0
"2026-04-15T14:28:41.000Z ##[group]Run CI for microsoft/vscode
2026-04-15T14:28:41.000Z Runner image: windows-latest
2026-04-15T14:28:41.000Z Language: rust
2026-04-15T14:28:41.000Z aws secretsmanager get-secret-value --secret-id docker-token
2026-04-15T14:28:41.000Z AccessDeniedException: User is not authorized to perform secretsmanager:GetSecretValue
2026-04-15T14:28:41.000Z ##[error]permission denied while accessing deployment secret",2026-04-15t14:28:41.000z group run ci for microsoft/vscode 2026-04-15t14:28:41.000z runner image: windows-latest 2026-04-15t14:28:41.000z language: rust 2026-04-15t14:28:41.000z aws secretsmanager get-secret-value --secret-id docker-token 2026-04-15t14:28:41.000z,Permission Error,deploy,high,"Token, role, or filesystem permission denied",
"2026-04-02T06:08:17.000Z ##[group]Run CI for spring-projects/spring-boot
2026-04-02T06:08:17.000Z Runner image: macos-latest
2026-04-02T06:08:17.000Z Language: go
2026-04-02T06:08:17.000Z make build-ci -j4
2026-04-02T06:08:17.000Z gcc: fatal error: cannot execute 'cc1plus': No such file or directory
2026-04-02T06:08:17.000Z ##[error]Build failed with exit code 2",2026-04-02t06:08:17.000z group run ci for spring-projects/spring-boot 2026-04-02t06:08:17.000z runner image: macos-latest 2026-04-02t06:08:17.000z language: go 2026-04-02t06:08:17.000z make build-ci -j4 2026-04-02t06:08:17.000z gcc: fatal,Build Failure,build,high,Compilation or packaging process failed,238.0
"2026-04-01T15:00:20.000Z ##[group]Run CI for angular/angular
2026-04-01T15:00:20.000Z Runner image: windows-latest
2026-04-01T15:00:20.000Z Language: node
2026-04-01T15:00:20.000Z src/auth/handler.py:222: SyntaxError: unexpected token '='
2026-04-01T15:00:20.000Z pylint: E0001 syntax-error
2026-04-01T15:00:20.000Z ##[error]Build stopped due to syntax error",2026-04-01t15:00:20.000z group run ci for angular/angular 2026-04-01t15:00:20.000z runner image: windows-latest 2026-04-01t15:00:20.000z language: node 2026-04-01t15:00:20.000z src/auth/handler.py:222: syntaxerror: unexpected token 2026-04-01t15:00:20.000z pylint:,Syntax Error,build,high,Invalid code syntax detected by compiler or linter,264.0
"2026-04-02T10:44:36.000Z ##[group]Run CI for django/django
2026-04-02T10:44:36.000Z Runner image: ubuntu-latest
2026-04-02T10:44:36.000Z Language: java
2026-04-02T10:44:36.000Z Starting module compiler
2026-04-02T10:44:36.000Z Traceback (most recent call last): ValueError: invalid state transition in compiler
2026-04-02T10:44:36.000Z ##[error]Runtime exception in test process",2026-04-02t10:44:36.000z group run ci for django/django 2026-04-02t10:44:36.000z runner image: ubuntu-latest 2026-04-02t10:44:36.000z language: java 2026-04-02t10:44:36.000z starting module compiler 2026-04-02t10:44:36.000z traceback most,Runtime Error,test,medium,Unhandled exception during job execution,238.0
"2026-04-02T06:12:41.000Z ##[group]Run CI for vercel/next.js
2026-04-02T06:12:41.000Z Runner image: ubuntu-latest
2026-04-02T06:12:41.000Z Language: java
2026-04-02T06:12:41.000Z make build-ci -j4
2026-04-02T06:12:41.000Z gcc: fatal error: cannot execute 'cc1plus': No such file or directory
2026-04-02T06:12:41.000Z ##[error]Build failed with exit code 2",2026-04-02t06:12:41.000z group run ci for vercel/next.js 2026-04-02t06:12:41.000z runner image: ubuntu-latest 2026-04-02t06:12:41.000z language: java 2026-04-02t06:12:41.000z make build-ci -j4 2026-04-02t06:12:41.000z gcc: fatal,Build Failure,build,high,Compilation or packaging process failed,228.0
"2026-04-02T00:12:52.000Z ##[group]Run CI for vercel/next.js
2026-04-02T00:12:52.000Z Runner image: ubuntu-latest
2026-04-02T00:12:52.000Z Language: java
2026-04-02T00:12:52.000Z aws secretsmanager get-secret-value --secret-id docker-token
2026-04-02T00:12:52.000Z AccessDeniedException: User is not authorized to perform secretsmanager:GetSecretValue
2026-04-02T00:12:52.000Z ##[error]permission denied while accessing deployment secret",2026-04-02t00:12:52.000z group run ci for vercel/next.js 2026-04-02t00:12:52.000z runner image: ubuntu-latest 2026-04-02t00:12:52.000z language: java 2026-04-02t00:12:52.000z aws secretsmanager get-secret-value --secret-id docker-token 2026-04-02t00:12:52.000z,Permission Error,deploy,high,"Token, role, or filesystem permission denied",260.0
"2026-04-04T18:44:45.000Z ##[group]Run CI for vercel/next.js
2026-04-04T18:44:45.000Z Runner image: macos-latest
2026-04-04T18:44:45.000Z Language: node
2026-04-04T18:44:45.000Z FAIL tests/integration/test_auth_flow.py
2026-04-04T18:44:45.000Z AssertionError: expected 4 but received 12
2026-04-04T18:44:45.000Z ##[error]Test suite failed with exit code 1",2026-04-04t18:44:45.000z group run ci for vercel/next.js 2026-04-04t18:44:45.000z runner image: macos-latest 2026-04-04t18:44:45.000z language: node 2026-04-04t18:44:45.000z fail tests/integration/test_auth_flow.py 2026-04-04t18:44:45.000z assertionerror: expected 4,Test Failure,test,medium,Assertion mismatch in CI test suite,
"2026-04-01T07:58:19.000Z ##[group]Run CI for angular/angular
2026-04-01T07:58:19.000Z Runner image: windows-latest
2026-04-01T07:58:19.000Z Language: go
2026-04-01T07:58:19.000Z FAIL src/test/java/com/example/ServiceTest.java
2026-04-01T07:58:19.000Z AssertionError: expected 4 but received 17
2026-04-01T07:58:19.000Z ##[error]Test suite failed with exit code 1",2026-04-01t07:58:19.000z group run ci for angular/angular 2026-04-01t07:58:19.000z runner image: windows-latest 2026-04-01t07:58:19.000z language: go 2026-04-01t07:58:19.000z fail src/test/java/com/example/servicetest.java 2026-04-01t07:58:19.000z assertionerror: expected 4,Test Failure,test,medium,Assertion mismatch in CI test suite,274.0
"2026-04-15T17:32:49.000Z ##[group]Run CI for tensorflow/tensorflow
2026-04-15T17:32:49.000Z Runner image: macos-latest
2026-04-15T17:32:49.000Z Language: python
2026-04-15T17:32:49.000Z make build-ci -j4
2026-04-15T17:32:49.000Z gcc: fatal error: cannot execute 'cc1plus': No such file or directory
2026-04-15T17:32:49.000Z ##[error]Build failed with exit code 2",2026-04-15t17:32:49.000z group run ci for tensorflow/tensorflow 2026-04-15t17:32:49.000z runner image: macos-latest 2026-04-15t17:32:49.000z language: python 2026-04-15t17:32:49.000z make build-ci -j4 2026-04-15t17:32:49.000z gcc: fatal,Build Failure,build,high,Compilation or packaging process failed,
"2026-04-01T13:19:25.000Z ##[group]Run CI for angular/angular
2026-04-01T13:19:25.000Z Runner image: macos-latest
2026-04-01T13:19:25.000Z Language: python
2026-04-01T13:19:25.000Z Starting module billing
2026-04-01T13:19:25.000Z Traceback (most recent call last): ValueError: invalid state transition in billing
2026-04-01T13:19:25.000Z ##[error]Runtime exception in test process",2026-04-01t13:19:25.000z group run ci for angular/angular 2026-04-01t13:19:25.000z runner image: macos-latest 2026-04-01t13:19:25.000z language: python 2026-04-01t13:19:25.000z starting module billing 2026-04-01t13:19:25.000z traceback most,Runtime Error,test,medium,Unhandled exception during job execution,240.0
"2026-04-02T01:16:58.000Z ##[group]Run CI for tensorflow/tensorflow
2026-04-02T01:16:58.000Z Runner image: ubuntu-latest
2026-04-02T01:16:58.000Z Language: node
2026-04-02T01:16:58.000Z aws secretsmanager get-secret-value --secret-id docker-token
2026-04-02T01:16:58.000Z AccessDeniedException: User is not authorized to perform secretsmanager:GetSecretValue
2026-04-02T01:16:58.000Z ##[error]permission denied while accessing deployment secret",2026-04-02t01:16:58.000z group run ci for tensorflow/tensorflow 2026-04-02t01:16:58.000z runner image: ubuntu-latest 2026-04-02t01:16:58.000z language: node 2026-04-02t01:16:58.000z aws secretsmanager get-secret-value --secret-id docker-token 2026-04-02t01:16:58.000z,Permission Error,deploy,high,"Token, role, or filesystem permission denied",267.0
"2026-04-01T21:58:37.000Z ##[group]Run CI for django/django
2026-04-01T21:58:37.000Z Runner image: windows-latest
2026-04-01T21:58:37.000Z Language: python
2026-04-01T21:58:37.000Z helm upgrade --install api ./charts/api
2026-04-01T21:58:37.000Z Error: UPGRADE FAILED: timed out waiting for the condition
2026-04-01T21:58:37.000Z ##[error]Deployment failed in production stage",2026-04-01t21:58:37.000z group run ci for django/django 2026-04-01t21:58:37.000z runner image: windows-latest 2026-04-01t21:58:37.000z language: python 2026-04-01t21:58:37.000z helm upgrade --install api ./charts/api 2026-04-01t21:58:37.000z,Deployment Error,deploy,high,Release or deployment command failed,241.0
"2026-04-02T07:44:24.000Z ##[group]Run CI for django/django
2026-04-02T07:44:24.000Z Runner image: windows-latest
2026-04-02T07:44:24.000Z Language: go
2026-04-02T07:44:24.000Z Starting module compiler
2026-04-02T07:44:24.000Z Traceback (most recent call last): ValueError: invalid state transition in compiler
2026-04-02T07:44:24.000Z ##[error]Runtime exception in test process",2026-04-02t07:44:24.000z group run ci for django/django 2026-04-02t07:44:24.000z runner image: windows-latest 2026-04-02t07:44:24.000z language: go 2026-04-02t07:44:24.000z starting module compiler 2026-04-02t07:44:24.000z traceback most,Runtime Error,test,medium,Unhandled exception during job execution,237.0
"2026-04-02T13:00:45.000Z ##[group]Run CI for spring-projects/spring-boot
2026-04-02T13:00:45.000Z Runner image: ubuntu-latest
2026-04-02T13:00:45.000Z Language: rust
2026-04-02T13:00:45.000Z helm upgrade --install api ./charts/api
2026-04-02T13:00:45.000Z Error: UPGRADE FAILED: timed out waiting for the condition
2026-04-02T13:00:45.000Z ##[error]Deployment failed in production stage",2026-04-02t13:00:45.000z group run ci for spring-projects/spring-boot 2026-04-02t13:00:45.000z runner image: ubuntu-latest 2026-04-02t13:00:45.000z language: rust 2026-04-02t13:00:45.000z helm upgrade --install api ./charts/api 2026-04-02t13:00:45.000z,Deployment Error,deploy,high,Release or deployment command failed,252.0
"2026-04-04T19:33:49.000Z ##[group]Run CI for nodejs/node
2026-04-04T19:33:49.000Z Runner image: macos-latest
2026-04-04T19:33:49.000Z Language: python
2026-04-04T19:33:49.000Z src/worker/handler.py:122: SyntaxError: unexpected token '['
2026-04-04T19:33:49.000Z pylint: E0001 syntax-error
2026-04-04T19:33:49.000Z ##[error]Build stopped due to syntax error",2026-04-04t19:33:49.000z group run ci for nodejs/node 2026-04-04t19:33:49.000z runner image: macos-latest 2026-04-04t19:33:49.000z language: python 2026-04-04t19:33:49.000z src/worker/handler.py:122: syntaxerror: unexpected token 2026-04-04t19:33:49.000z pylint:,Syntax Error,build,high,Invalid code syntax detected by compiler or linter,
"2026-04-01T14:44:28.000Z ##[group]Run CI for apache/spark
2026-04-01T14:44:28.000Z Runner image: ubuntu-latest
2026-04-01T14:44:28.000Z Language: go
2026-04-01T14:44:28.000Z pytest -m integration --maxfail=1
2026-04-01T14:44:28.000Z Error: Process timed out after 20 minutes
2026-04-01T14:44:28.000Z ##[error]The operation was canceled",2026-04-01t14:44:28.000z group run ci for apache/spark 2026-04-01t14:44:28.000z runner image: ubuntu-latest 2026-04-01t14:44:28.000z language: go 2026-04-01t14:44:28.000z pytest -m integration --maxfail 1 2026-04-01t14:44:28.000z,Timeout Error,test,medium,Long-running step exceeded CI timeout threshold,229.0
"2026-04-01T09:39:27.000Z ##[group]Run CI for angular/angular
2026-04-01T09:39:27.000Z Runner image: windows-latest
2026-04-01T09:39:27.000Z Language: java
2026-04-01T09:39:27.000Z FAIL compiler/src/tests/error_reporting.rs
2026-04-01T09:39:27.000Z AssertionError: expected 9 but received 12
2026-04-01T09:39:27.000Z ##[error]Test suite failed with exit code 1",2026-04-01t09:39:27.000z group run ci for angular/angular 2026-04-01t09:39:27.000z runner image: windows-latest 2026-04-01t09:39:27.000z language: java 2026-04-01t09:39:27.000z fail compiler/src/tests/error_reporting.rs 2026-04-01t09:39:27.000z assertionerror: expected 9,Test Failure,test,medium,Assertion mismatch in CI test suite,271.0
2026-04-10T14:28:46.5084873Z Found 0 errors 2026-04-10T14:29:07.4410546Z Found 0 errors 2026-04-10T14:29:19.6550905Z /home/runner/work/spark/spark/common/sketch/src/main/java/org/apache/spark/util/sketch/CountMinSketch.java:159: warning: Tag '@exception' is not recognised 2026-04-10T14:29:19.8827273Z Found 0 errors 2026-04-10T14:29:31.8977736Z Found 0 errors,tz found errors tz found errors,Runtime Error,build,medium,auto-detected,31.0
"2026-04-01T19:06:25.4124119Z 	npx cross-env BABEL_SHOW_CONFIG_FOR=/home/runner/work/react/react/compiler/packages/babel-plugin-react-compiler/src/CompilerError.ts <your build command> 2026-04-01T19:06:31.1315791Z 	npx cross-env BABEL_SHOW_CONFIG_FOR=/home/runner/work/react/react/compiler/packages/babel-plugin-react-compiler/src/Flood/TypeErrors.ts <your build command> 2026-04-01T19:06:31.1655811Z 	npx cross-env BABEL_SHOW_CONFIG_FOR=/home/runner/work/react/react/compiler/packages/babel-plugin-react-compiler/src/Flood/TypeErrors.ts <your build command> 2026-04-01T19:07:02.3623171Z 1725 Tests, 1725 Passed, 0 Failed 2026-04-01T19:06:23.5746975Z error Command ""snap"" not found.",tz npx crossenv babelshowconfigforhomerunnerworkreactreactcompilerpackagesbabelpluginreactcompilersrccompilererrorts your,Test Failure,test,medium,Assertion or test case failure,121.0
"2026-04-02T05:08:22.000Z ##[group]Run CI for vercel/next.js
2026-04-02T05:08:22.000Z Runner image: macos-latest
2026-04-02T05:08:22.000Z Language: go
2026-04-02T05:08:22.000Z make build-ci -j4
2026-04-02T05:08:22.000Z gcc: fatal error: cannot execute 'cc1plus': No such file or directory
2026-04-02T05:08:22.000Z ##[error]Build failed with exit code 2",2026-04-02t05:08:22.000z group run ci for vercel/next.js 2026-04-02t05:08:22.000z runner image: macos-latest 2026-04-02t05:08:22.000z language: go 2026-04-02t05:08:22.000z make build-ci -j4 2026-04-02t05:08:22.000z gcc: fatal,Build Failure,build,high,Compilation or packaging process failed,225.0
"2026-04-01T16:01:16.000Z ##[group]Run CI for facebook/react
2026-04-01T16:01:16.000Z Runner image: windows-latest
2026-04-01T16:01:16.000Z Language: go
2026-04-01T16:01:16.000Z validating .github/workflows/ci.yml
2026-04-01T16:01:16.000Z workflow syntax error: Unexpected value 'stepz'
2026-04-01T16:01:16.000Z ##[error]Invalid workflow configuration",2026-04-01t16:01:16.000z group run ci for facebook/react 2026-04-01t16:01:16.000z runner image: windows-latest 2026-04-01t16:01:16.000z language: go 2026-04-01t16:01:16.000z validating .github/workflows/ci.yml 2026-04-01t16:01:16.000z workflow syntax error:,Configuration Error,build,high,Invalid workflow configuration or environment variable,257.0
"2026-04-08T06:02:58.000Z ##[group]Run CI for pytorch/pytorch
2026-04-08T06:02:58.000Z Runner image: windows-latest
2026-04-08T06:02:58.000Z Language: java
2026-04-08T06:02:58.000Z FAIL compiler/src/tests/error_reporting.rs
2026-04-08T06:02:58.000Z AssertionError: expected 6 but received 14
2026-04-08T06:02:58.000Z ##[error]Test suite failed with exit code 1",2026-04-08t06:02:58.000z group run ci for pytorch/pytorch 2026-04-08t06:02:58.000z runner image: windows-latest 2026-04-08t06:02:58.000z language: java 2026-04-08t06:02:58.000z fail compiler/src/tests/error_reporting.rs 2026-04-08t06:02:58.000z assertionerror: expected 6,Test Failure,test,medium,Assertion mismatch in CI test suite,
"2026-04-01T15:24:58.000Z ##[group]Run CI for nodejs/node
2026-04-01T15:24:58.000Z Runner image: windows-latest
2026-04-01T15:24:58.000Z Language: rust
2026-04-01T15:24:58.000Z src/cache/handler.py:102: SyntaxError: unexpected token '{'
2026-04-01T15:24:58.000Z pylint: E0001 syntax-error
2026-04-01T15:24:58.000Z ##[error]Build stopped due to syntax error",2026-04-01t15:24:58.000z group run ci for nodejs/node 2026-04-01t15:24:58.000z runner image: windows-latest 2026-04-01t15:24:58.000z language: rust 2026-04-01t15:24:58.000z src/cache/handler.py:102: syntaxerror: unexpected token 2026-04-01t15:24:58.000z pylint:,Syntax Error,build,high,Invalid code syntax detected by compiler or linter,261.0
"2026-04-02T00:46:17.000Z ##[group]Run CI for django/django
2026-04-02T00:46:17.000Z Runner image: ubuntu-latest
2026-04-02T00:46:17.000Z Language: rust
2026-04-02T00:46:17.000Z Pulling cache layer from registry
2026-04-02T00:46:17.000Z error: failed to solve: no space left on device
2026-04-02T00:46:17.000Z ##[error]Runner disk pressure caused job failure",2026-04-02t00:46:17.000z group run ci for django/django 2026-04-02t00:46:17.000z runner image: ubuntu-latest 2026-04-02t00:46:17.000z language: rust 2026-04-02t00:46:17.000z pulling cache layer from registry 2026-04-02t00:46:17.000z,Infrastructure Error,build,high,Runner or external service instability,232.0
"2026-04-01T19:30:15.000Z ##[group]Run CI for spring-projects/spring-boot
2026-04-01T19:30:15.000Z Runner image: windows-latest
2026-04-01T19:30:15.000Z Language: rust
2026-04-01T19:30:15.000Z Starting module compiler
2026-04-01T19:30:15.000Z Traceback (most recent call last): ValueError: invalid state transition in compiler
2026-04-01T19:30:15.000Z ##[error]Runtime exception in test process",2026-04-01t19:30:15.000z group run ci for spring-projects/spring-boot 2026-04-01t19:30:15.000z runner image: windows-latest 2026-04-01t19:30:15.000z language: rust 2026-04-01t19:30:15.000z starting module compiler 2026-04-01t19:30:15.000z traceback most,Runtime Error,test,medium,Unhandled exception during job execution,253.0
"2026-04-01T14:37:36.000Z ##[group]Run CI for vercel/next.js
2026-04-01T14:37:36.000Z Runner image: macos-latest
2026-04-01T14:37:36.000Z Language: java
2026-04-01T14:37:36.000Z helm upgrade --install api ./charts/api
2026-04-01T14:37:36.000Z Error: UPGRADE FAILED: timed out waiting for the condition
2026-04-01T14:37:36.000Z ##[error]Deployment failed in production stage",2026-04-01t14:37:36.000z group run ci for vercel/next.js 2026-04-01t14:37:36.000z runner image: macos-latest 2026-04-01t14:37:36.000z language: java 2026-04-01t14:37:36.000z helm upgrade --install api ./charts/api 2026-04-01t14:37:36.000z,Deployment Error,deploy,high,Release or deployment command failed,238.0
"2026-04-01T09:18:53.000Z ##[group]Run CI for apache/spark
2026-04-01T09:18:53.000Z Runner image: windows-latest
2026-04-01T09:18:53.000Z Language: java
2026-04-01T09:18:53.000Z ERROR: Module not found: Cannot resolve 'webpack'
2026-04-01T09:18:53.000Z npm ERR! code E404
2026-04-01T09:18:53.000Z ##[error]Dependency installation failed",2026-04-01t09:18:53.000z group run ci for apache/spark 2026-04-01t09:18:53.000z runner image: windows-latest 2026-04-01t09:18:53.000z language: java 2026-04-01t09:18:53.000z error: module not found: cannot resolve,Dependency Error,build,high,Missing package or unresolved module dependency,213.0
"2026-04-12T09:30:30.000Z ##[group]Run CI for facebook/react
2026-04-12T09:30:30.000Z Runner image: windows-latest
2026-04-12T09:30:30.000Z Language: rust
2026-04-12T09:30:30.000Z validating .github/workflows/ci.yml
2026-04-12T09:30:30.000Z workflow syntax error: Unexpected value 'stepz'
2026-04-12T09:30:30.000Z ##[error]Invalid workflow configuration",2026-04-12t09:30:30.000z group run ci for facebook/react 2026-04-12t09:30:30.000z runner image: windows-latest 2026-04-12t09:30:30.000z language: rust 2026-04-12t09:30:30.000z validating .github/workflows/ci.yml 2026-04-12t09:30:30.000z workflow syntax error:,Configuration Error,build,high,Invalid workflow configuration or environment variable,
"2026-04-11T19:18:02.000Z ##[group]Run CI for facebook/react
2026-04-11T19:18:02.000Z Runner image: ubuntu-latest
2026-04-11T19:18:02.000Z Language: go
2026-04-11T19:18:02.000Z ERROR: Module not found: Cannot resolve 'react-dom'
2026-04-11T19:18:02.000Z npm ERR! code E404
2026-04-11T19:18:02.000Z ##[error]Dependency installation failed",2026-04-11t19:18:02.000z group run ci for facebook/react 2026-04-11t19:18:02.000z runner image: ubuntu-latest 2026-04-11t19:18:02.000z language: go 2026-04-11t19:18:02.000z error: module not found: cannot resolve,Dependency Error,build,high,Missing package or unresolved module dependency,
"2026-04-15T10:00:37.000Z ##[group]Run CI for nodejs/node
2026-04-15T10:00:37.000Z Runner image: macos-latest
2026-04-15T10:00:37.000Z Language: rust
2026-04-15T10:00:37.000Z src/auth/handler.py:349: SyntaxError: unexpected token ')'
2026-04-15T10:00:37.000Z pylint: E0001 syntax-error
2026-04-15T10:00:37.000Z ##[error]Build stopped due to syntax error",2026-04-15t10:00:37.000z group run ci for nodejs/node 2026-04-15t10:00:37.000z runner image: macos-latest 2026-04-15t10:00:37.000z language: rust 2026-04-15t10:00:37.000z src/auth/handler.py:349: syntaxerror: unexpected token 2026-04-15t10:00:37.000z pylint:,Syntax Error,build,high,Invalid code syntax detected by compiler or linter,
"2026-04-01T15:47:33.000Z ##[group]Run CI for django/django
2026-04-01T15:47:33.000Z Runner image: ubuntu-latest
2026-04-01T15:47:33.000Z Language: node
2026-04-01T15:47:33.000Z Pulling cache layer from registry
2026-04-01T15:47:33.000Z error: failed to solve: no space left on device
2026-04-01T15:47:33.000Z ##[error]Runner disk pressure caused job failure",2026-04-01t15:47:33.000z group run ci for django/django 2026-04-01t15:47:33.000z runner image: ubuntu-latest 2026-04-01t15:47:33.000z language: node 2026-04-01t15:47:33.000z pulling cache layer from registry 2026-04-01t15:47:33.000z,Infrastructure Error,build,high,Runner or external service instability,232.0
"2026-04-01T13:18:28.000Z ##[group]Run CI for vercel/next.js
2026-04-01T13:18:28.000Z Runner image: ubuntu-latest
2026-04-01T13:18:28.000Z Language: python
2026-04-01T13:18:28.000Z Starting module router
2026-04-01T13:18:28.000Z Traceback (most recent call last): ValueError: invalid state transition in router
2026-04-01T13:18:28.000Z ##[error]Runtime exception in test process",2026-04-01t13:18:28.000z group run ci for vercel/next.js 2026-04-01t13:18:28.000z runner image: ubuntu-latest 2026-04-01t13:18:28.000z language: python 2026-04-01t13:18:28.000z starting module router 2026-04-01t13:18:28.000z traceback most,Runtime Error,test,medium,Unhandled exception during job execution,239.0
2026-04-09T07:57:17.8317840Z 3.3/api/java/legal/ASSEMBLY_EXCEPTION 2026-04-09T07:57:17.8339242Z 3.3/api/java/org/springframework/boot/AotInitializerNotFoundException.html 2026-04-09T07:57:17.8353891Z 3.3/api/java/org/springframework/boot/ExitCodeExceptionMapper.html 2026-04-09T07:57:17.8359333Z 3.3/api/java/org/springframework/boot/SpringApplication.AbandonedRunException.html 2026-04-09T07:57:17.8366047Z 3.3/api/java/org/springframework/boot/SpringBootExceptionReporter.html,tz apijavalegalassemblyexception tz apijavaorgspringframeworkbootaotinitializernotfoundexceptionhtml tz apijavaorgspringframeworkbootexitcodeexceptionmapperhtml,Runtime Error,build,medium,auto-detected,160.0
"2026-04-01T10:59:26.000Z ##[group]Run CI for tensorflow/tensorflow
2026-04-01T10:59:26.000Z Runner image: ubuntu-latest
2026-04-01T10:59:26.000Z Language: go
2026-04-01T10:59:26.000Z pytest -m integration --maxfail=1
2026-04-01T10:59:26.000Z Error: Process timed out after 10 minutes
2026-04-01T10:59:26.000Z ##[error]The operation was canceled",2026-04-01t10:59:26.000z group run ci for tensorflow/tensorflow 2026-04-01t10:59:26.000z runner image: ubuntu-latest 2026-04-01t10:59:26.000z language: go 2026-04-01t10:59:26.000z pytest -m integration --maxfail 1 2026-04-01t10:59:26.000z,Timeout Error,test,medium,Long-running step exceeded CI timeout threshold,238.0
"2026-04-02T02:40:39.000Z ##[group]Run CI for angular/angular
2026-04-02T02:40:39.000Z Runner image: windows-latest
2026-04-02T02:40:39.000Z Language: node
2026-04-02T02:40:39.000Z aws secretsmanager get-secret-value --secret-id docker-token
2026-04-02T02:40:39.000Z AccessDeniedException: User is not authorized to perform secretsmanager:GetSecretValue
2026-04-02T02:40:39.000Z ##[error]permission denied while accessing deployment secret",2026-04-02t02:40:39.000z group run ci for angular/angular 2026-04-02t02:40:39.000z runner image: windows-latest 2026-04-02t02:40:39.000z language: node 2026-04-02t02:40:39.000z aws secretsmanager get-secret-value --secret-id docker-token 2026-04-02t02:40:39.000z,Permission Error,deploy,high,"Token, role, or filesystem permission denied",262.0
"2026-04-08T09:38:11.000Z ##[group]Run CI for microsoft/vscode
2026-04-08T09:38:11.000Z Runner image: macos-latest
2026-04-08T09:38:11.000Z Language: python
2026-04-08T09:38:11.000Z pytest -m integration --maxfail=1
2026-04-08T09:38:11.000Z Error: Process timed out after 10 minutes
2026-04-08T09:38:11.000Z ##[error]The operation was canceled",2026-04-08t09:38:11.000z group run ci for microsoft/vscode 2026-04-08t09:38:11.000z runner image: macos-latest 2026-04-08t09:38:11.000z language: python 2026-04-08t09:38:11.000z pytest -m integration --maxfail 1 2026-04-08t09:38:11.000z,Timeout Error,test,medium,Long-running step exceeded CI timeout threshold,
"2026-04-10T06:56:40.8152196Z Removing test/e2e/conflicting-app-page-error/index.test.ts.results.json 2026-04-10T06:56:40.8155324Z Removing test/e2e/next-link-errors/next-link-errors.test.ts.results.json 2026-04-10T06:56:40.8155699Z Removing test/e2e/on-request-error/server-action-error/server-action-error.test.ts.results.json 2026-04-10T06:56:41.5763709Z       error: [Function: bound error] 2026-04-10T06:56:41.5764547Z       error: [Function: bound addHook],",tz removing testeeconflictingapppageerrorindextesttsresultsjson tz removing,Test Failure,test,medium,Assertion or test case failure,75.0
"2026-04-15T10:44:52.000Z ##[group]Run CI for spring-projects/spring-boot
2026-04-15T10:44:52.000Z Runner image: macos-latest
2026-04-15T10:44:52.000Z Language: java
2026-04-15T10:44:52.000Z src/auth/handler.py:64: SyntaxError: unexpected token '['
2026-04-15T10:44:52.000Z pylint: E0001 syntax-error
2026-04-15T10:44:52.000Z ##[error]Build stopped due to syntax error",2026-04-15t10:44:52.000z group run ci for spring-projects/spring-boot 2026-04-15t10:44:52.000z runner image: macos-latest 2026-04-15t10:44:52.000z language: java 2026-04-15t10:44:52.000z src/auth/handler.py:64: syntaxerror: unexpected token 2026-04-15t10:44:52.000z pylint:,Syntax Error,build,high,Invalid code syntax detected by compiler or linter,
"2026-04-02T04:42:06.000Z ##[group]Run CI for microsoft/vscode
2026-04-02T04:42:06.000Z Runner image: windows-latest
2026-04-02T04:42:06.000Z Language: java
2026-04-02T04:42:06.000Z helm upgrade --install api ./charts/api
2026-04-02T04:42:06.000Z Error: UPGRADE FAILED: timed out waiting for the condition
2026-04-02T04:42:06.000Z ##[error]Deployment failed in production stage",2026-04-02t04:42:06.000z group run ci for microsoft/vscode 2026-04-02t04:42:06.000z runner image: windows-latest 2026-04-02t04:42:06.000z language: java 2026-04-02t04:42:06.000z helm upgrade --install api ./charts/api 2026-04-02t04:42:06.000z,Deployment Error,deploy,high,Release or deployment command failed,242.0
"2026-04-01T15:08:35.000Z ##[group]Run CI for tensorflow/tensorflow
2026-04-01T15:08:35.000Z Runner image: ubuntu-latest
2026-04-01T15:08:35.000Z Language: java
2026-04-01T15:08:35.000Z aws secretsmanager get-secret-value --secret-id docker-token
2026-04-01T15:08:35.000Z AccessDeniedException: User is not authorized to perform secretsmanager:GetSecretValue
2026-04-01T15:08:35.000Z ##[error]permission denied while accessing deployment secret",2026-04-01t15:08:35.000z group run ci for tensorflow/tensorflow 2026-04-01t15:08:35.000z runner image: ubuntu-latest 2026-04-01t15:08:35.000z language: java 2026-04-01t15:08:35.000z aws secretsmanager get-secret-value --secret-id docker-token 2026-04-01t15:08:35.000z,Permission Error,deploy,high,"Token, role, or filesystem permission denied",267.0
"2026-04-08T10:56:33.000Z ##[group]Run CI for pytorch/pytorch
2026-04-08T10:56:33.000Z Runner image: windows-latest
2026-04-08T10:56:33.000Z Language: go
2026-04-08T10:56:33.000Z aws secretsmanager get-secret-value --secret-id docker-token
2026-04-08T10:56:33.000Z AccessDeniedException: User is not authorized to perform secretsmanager:GetSecretValue
2026-04-08T10:56:33.000Z ##[error]permission denied while accessing deployment secret",2026-04-08t10:56:33.000z group run ci for pytorch/pytorch 2026-04-08t10:56:33.000z runner image: windows-latest 2026-04-08t10:56:33.000z language: go 2026-04-08t10:56:33.000z aws secretsmanager get-secret-value --secret-id docker-token 2026-04-08t10:56:33.000z,Permission Error,deploy,high,"Token, role, or filesystem permission denied",
"2026-04-04T19:08:56.000Z ##[group]Run CI for django/django
2026-04-04T19:08:56.000Z Runner image: macos-latest
2026-04-04T19:08:56.000Z Language: python
2026-04-04T19:08:56.000Z ERROR: Module not found: Cannot resolve 'webpack'
2026-04-04T19:08:56.000Z npm ERR! code E404
2026-04-04T19:08:56.000Z ##[error]Dependency installation failed",2026-04-04t19:08:56.000z group run ci for django/django 2026-04-04t19:08:56.000z runner image: macos-latest 2026-04-04t19:08:56.000z language: python 2026-04-04t19:08:56.000z error: module not found: cannot resolve,Dependency Error,build,high,Missing package or unresolved module dependency,
"2026-04-02T15:48:10.000Z ##[group]Run CI for angular/angular
2026-04-02T15:48:10.000Z Runner image: macos-latest
2026-04-02T15:48:10.000Z Language: java
2026-04-02T15:48:10.000Z Pulling cache layer from registry
2026-04-02T15:48:10.000Z error: failed to solve: no space left on device
2026-04-02T15:48:10.000Z ##[error]Runner disk pressure caused job failure",2026-04-02t15:48:10.000z group run ci for angular/angular 2026-04-02t15:48:10.000z runner image: macos-latest 2026-04-02t15:48:10.000z language: java 2026-04-02t15:48:10.000z pulling cache layer from registry 2026-04-02t15:48:10.000z,Infrastructure Error,build,high,Runner or external service instability,233.0
"2026-04-15T22:12:10.000Z ##[group]Run CI for microsoft/vscode
2026-04-15T22:12:10.000Z Runner image: windows-latest
2026-04-15T22:12:10.000Z Language: rust
2026-04-15T22:12:10.000Z Pulling cache layer from registry
2026-04-15T22:12:10.000Z error: failed to solve: no space left on device
2026-04-15T22:12:10.000Z ##[error]Runner disk pressure caused job failure",2026-04-15t22:12:10.000z group run ci for microsoft/vscode 2026-04-15t22:12:10.000z runner image: windows-latest 2026-04-15t22:12:10.000z language: rust 2026-04-15t22:12:10.000z pulling cache layer from registry 2026-04-15t22:12:10.000z,Infrastructure Error,build,high,Runner or external service instability,
"2026-04-01T15:26:46.000Z ##[group]Run CI for facebook/react
2026-04-01T15:26:46.000Z Runner image: windows-latest
2026-04-01T15:26:46.000Z Language: python
2026-04-01T15:26:46.000Z aws secretsmanager get-secret-value --secret-id docker-token
2026-04-01T15:26:46.000Z AccessDeniedException: User is not authorized to perform secretsmanager:GetSecretValue
2026-04-01T15:26:46.000Z ##[error]permission denied while accessing deployment secret",2026-04-01t15:26:46.000z group run ci for facebook/react 2026-04-01t15:26:46.000z runner image: windows-latest 2026-04-01t15:26:46.000z language: python 2026-04-01t15:26:46.000z aws secretsmanager get-secret-value --secret-id docker-token 2026-04-01t15:26:46.000z,Permission Error,deploy,high,"Token, role, or filesystem permission denied",263.0
"2026-04-02T08:51:23.000Z ##[group]Run CI for django/django
2026-04-02T08:51:23.000Z Runner image: ubuntu-latest
2026-04-02T08:51:23.000Z Language: python
2026-04-02T08:51:23.000Z Pulling cache layer from registry
2026-04-02T08:51:23.000Z error: failed to solve: no space left on device
2026-04-02T08:51:23.000Z ##[error]Runner disk pressure caused job failure",2026-04-02t08:51:23.000z group run ci for django/django 2026-04-02t08:51:23.000z runner image: ubuntu-latest 2026-04-02t08:51:23.000z language: python 2026-04-02t08:51:23.000z pulling cache layer from registry 2026-04-02t08:51:23.000z,Infrastructure Error,build,high,Runner or external service instability,234.0
"2026-04-01T16:44:55.000Z ##[group]Run CI for spring-projects/spring-boot
2026-04-01T16:44:55.000Z Runner image: windows-latest
2026-04-01T16:44:55.000Z Language: java
2026-04-01T16:44:55.000Z src/cache/handler.py:28: SyntaxError: unexpected token ')'
2026-04-01T16:44:55.000Z pylint: E0001 syntax-error
2026-04-01T16:44:55.000Z ##[error]Build stopped due to syntax error",2026-04-01t16:44:55.000z group run ci for spring-projects/spring-boot 2026-04-01t16:44:55.000z runner image: windows-latest 2026-04-01t16:44:55.000z language: java 2026-04-01t16:44:55.000z src/cache/handler.py:28: syntaxerror: unexpected token 2026-04-01t16:44:55.000z pylint:,Syntax Error,build,high,Invalid code syntax detected by compiler or linter,276.0
"2026-04-02T10:45:40.000Z ##[group]Run CI for facebook/react
2026-04-02T10:45:40.000Z Runner image: windows-latest
2026-04-02T10:45:40.000Z Language: python
2026-04-02T10:45:40.000Z validating .github/workflows/ci.yml
2026-04-02T10:45:40.000Z workflow syntax error: Unexpected value 'stepz'
2026-04-02T10:45:40.000Z ##[error]Invalid workflow configuration",2026-04-02t10:45:40.000z group run ci for facebook/react 2026-04-02t10:45:40.000z runner image: windows-latest 2026-04-02t10:45:40.000z language: python 2026-04-02t10:45:40.000z validating .github/workflows/ci.yml 2026-04-02t10:45:40.000z workflow syntax error:,Configuration Error,build,high,Invalid workflow configuration or environment variable,261.0
"2026-04-04T23:11:50.000Z ##[group]Run CI for apache/spark
2026-04-04T23:11:50.000Z Runner image: ubuntu-latest
2026-04-04T23:11:50.000Z Language: java
2026-04-04T23:11:50.000Z Pulling cache layer from registry
2026-04-04T23:11:50.000Z error: failed to solve: no space left on device
2026-04-04T23:11:50.000Z ##[error]Runner disk pressure caused job failure",2026-04-04t23:11:50.000z group run ci for apache/spark 2026-04-04t23:11:50.000z runner image: ubuntu-latest 2026-04-04t23:11:50.000z language: java 2026-04-04t23:11:50.000z pulling cache layer from registry 2026-04-04t23:11:50.000z,Infrastructure Error,build,high,Runner or external service instability,
"2026-04-01T10:29:15.000Z ##[group]Run CI for pytorch/pytorch
2026-04-01T10:29:15.000Z Runner image: ubuntu-latest
2026-04-01T10:29:15.000Z Language: go
2026-04-01T10:29:15.000Z pytest -m integration --maxfail=1
2026-04-01T10:29:15.000Z Error: Process timed out after 30 minutes
2026-04-01T10:29:15.000Z ##[error]The operation was canceled",2026-04-01t10:29:15.000z group run ci for pytorch/pytorch 2026-04-01t10:29:15.000z runner image: ubuntu-latest 2026-04-01t10:29:15.000z language: go 2026-04-01t10:29:15.000z pytest -m integration --maxfail 1 2026-04-01t10:29:15.000z,Timeout Error,test,medium,Long-running step exceeded CI timeout threshold,232.0
"2026-04-15T20:56:32.000Z ##[group]Run CI for angular/angular
2026-04-15T20:56:32.000Z Runner image: macos-latest
2026-04-15T20:56:32.000Z Language: node
2026-04-15T20:56:32.000Z helm upgrade --install api ./charts/api
2026-04-15T20:56:32.000Z Error: UPGRADE FAILED: timed out waiting for the condition
2026-04-15T20:56:32.000Z ##[error]Deployment failed in production stage",2026-04-15t20:56:32.000z group run ci for angular/angular 2026-04-15t20:56:32.000z runner image: macos-latest 2026-04-15t20:56:32.000z language: node 2026-04-15t20:56:32.000z helm upgrade --install api ./charts/api 2026-04-15t20:56:32.000z,Deployment Error,deploy,high,Release or deployment command failed,
"2026-04-01T15:52:07.000Z ##[group]Run CI for nodejs/node
2026-04-01T15:52:07.000Z Runner image: windows-latest
2026-04-01T15:52:07.000Z Language: go
2026-04-01T15:52:07.000Z src/cache/handler.py:332: SyntaxError: unexpected token '@'
2026-04-01T15:52:07.000Z pylint: E0001 syntax-error
2026-04-01T15:52:07.000Z ##[error]Build stopped due to syntax error",2026-04-01t15:52:07.000z group run ci for nodejs/node 2026-04-01t15:52:07.000z runner image: windows-latest 2026-04-01t15:52:07.000z language: go 2026-04-01t15:52:07.000z src/cache/handler.py:332: syntaxerror: unexpected token 2026-04-01t15:52:07.000z pylint:,Syntax Error,build,high,Invalid code syntax detected by compiler or linter,259.0
"2026-04-04T20:55:48.000Z ##[group]Run CI for microsoft/vscode
2026-04-04T20:55:48.000Z Runner image: ubuntu-latest
2026-04-04T20:55:48.000Z Language: python
2026-04-04T20:55:48.000Z aws secretsmanager get-secret-value --secret-id docker-token
2026-04-04T20:55:48.000Z AccessDeniedException: User is not authorized to perform secretsmanager:GetSecretValue
2026-04-04T20:55:48.000Z ##[error]permission denied while accessing deployment secret",2026-04-04t20:55:48.000z group run ci for microsoft/vscode 2026-04-04t20:55:48.000z runner image: ubuntu-latest 2026-04-04t20:55:48.000z language: python 2026-04-04t20:55:48.000z aws secretsmanager get-secret-value --secret-id docker-token 2026-04-04t20:55:48.000z,Permission Error,deploy,high,"Token, role, or filesystem permission denied",
"2026-04-04T23:37:19.000Z ##[group]Run CI for spring-projects/spring-boot
2026-04-04T23:37:19.000Z Runner image: ubuntu-latest
2026-04-04T23:37:19.000Z Language: rust
2026-04-04T23:37:19.000Z validating .github/workflows/ci.yml
2026-04-04T23:37:19.000Z workflow syntax error: Unexpected value 'stepz'
2026-04-04T23:37:19.000Z ##[error]Invalid workflow configuration",2026-04-04t23:37:19.000z group run ci for spring-projects/spring-boot 2026-04-04t23:37:19.000z runner image: ubuntu-latest 2026-04-04t23:37:19.000z language: rust 2026-04-04t23:37:19.000z validating .github/workflows/ci.yml 2026-04-04t23:37:19.000z workflow syntax error:,Configuration Error,build,high,Invalid workflow configuration or environment variable,
"2026-04-04T20:48:08.000Z ##[group]Run CI for django/django
2026-04-04T20:48:08.000Z Runner image: windows-latest
2026-04-04T20:48:08.000Z Language: node
2026-04-04T20:48:08.000Z aws secretsmanager get-secret-value --secret-id docker-token
2026-04-04T20:48:08.000Z AccessDeniedException: User is not authorized to perform secretsmanager:GetSecretValue
2026-04-04T20:48:08.000Z ##[error]permission denied while accessing deployment secret",2026-04-04t20:48:08.000z group run ci for django/django 2026-04-04t20:48:08.000z runner image: windows-latest 2026-04-04t20:48:08.000z language: node 2026-04-04t20:48:08.000z aws secretsmanager get-secret-value --secret-id docker-token 2026-04-04t20:48:08.000z,Permission Error,deploy,high,"Token, role, or filesystem permission denied",
"2026-04-02T21:28:52.000Z ##[group]Run CI for facebook/react
2026-04-02T21:28:52.000Z Runner image: windows-latest
2026-04-02T21:28:52.000Z Language: python
2026-04-02T21:28:52.000Z validating .github/workflows/ci.yml
2026-04-02T21:28:52.000Z workflow syntax error: Unexpected value 'stepz'
2026-04-02T21:28:52.000Z ##[error]Invalid workflow configuration",2026-04-02t21:28:52.000z group run ci for facebook/react 2026-04-02t21:28:52.000z runner image: windows-latest 2026-04-02t21:28:52.000z language: python 2026-04-02t21:28:52.000z validating .github/workflows/ci.yml 2026-04-02t21:28:52.000z workflow syntax error:,Configuration Error,build,high,Invalid workflow configuration or environment variable,261.0
"2026-04-02T19:47:50.4059861Z PASS packages/react-reconciler/src/__tests__/ReactErrorStacks-test.js 2026-04-02T19:47:51.6409071Z PASS scripts/error-codes/__tests__/invertObject-test.js 2026-04-02T19:47:51.8908233Z PASS packages/react-dom/src/__tests__/ReactErrorLoggingRecovery-test.js 2026-04-02T19:47:53.0459963Z PASS packages/react-reconciler/src/__tests__/ReactConcurrentErrorRecovery-test.js 2026-04-02T19:48:20.6715231Z A worker process has failed to exit gracefully and has been force exited. This is likely caused by tests leaking due to improper teardown. Try running with --detectOpenHandles to find leaks. Active timers can also cause this, ensure that .unref() was called on them.",tz pass packagesreactreconcilersrctestsreacterrorstackstestjs tz pass,Test Failure,test,medium,Assertion or test case failure,69.0
2026-04-10T00:52:42.8086379Z Removing test/development/app-dir/browser-log-forwarding/fixtures/error-level/error-level.test.ts.results.json 2026-04-10T00:52:42.8101861Z Removing test/e2e/app-dir/loader-file-named-export-custom-loader-error/loader-file-named-export-custom-loader-error.test.ts.results.json 2026-04-10T00:52:42.8107657Z Removing test/e2e/app-dir/next-after-app-static/generate-static-params-error/index.test.ts.results.json 2026-04-10T00:52:42.8119188Z Removing test/e2e/app-dir/parallel-routes-leaf-segments/parallel-routes-leaf-segments.build-error.test.ts.results.json 2026-04-10T00:52:42.8133179Z Removing test/e2e/webpack-loader-parse-error/webpack-loader-parse-error.test.ts.results.json,tz removing testdevelopmentappdirbrowserlogforwardingfixtureserrorlevelerrorleveltesttsresultsjson tz removing,Test Failure,test,medium,Assertion or test case failure,110.0
"2026-04-16T01:00:12.000Z ##[group]Run CI for apache/spark
2026-04-16T01:00:12.000Z Runner image: ubuntu-latest
2026-04-16T01:00:12.000Z Language: rust
2026-04-16T01:00:12.000Z validating .github/workflows/ci.yml
2026-04-16T01:00:12.000Z workflow syntax error: Unexpected value 'stepz'
2026-04-16T01:00:12.000Z ##[error]Invalid workflow configuration",2026-04-16t01:00:12.000z group run ci for apache/spark 2026-04-16t01:00:12.000z runner image: ubuntu-latest 2026-04-16t01:00:12.000z language: rust 2026-04-16t01:00:12.000z validating .github/workflows/ci.yml 2026-04-16t01:00:12.000z workflow syntax error:,Configuration Error,build,high,Invalid workflow configuration or environment variable,
2026-04-10T10:35:13.8645624Z Removing test/e2e/app-dir/scss/webpack-error/webpack-error.test.ts.results.json 2026-04-10T10:35:13.8656755Z Removing test/e2e/repeated-forward-slashes-error/repeated-forward-slashes-error.test.ts.results.json 2026-04-10T10:35:13.8658993Z Removing test/production/app-dir-hide-suppressed-error-during-next-export/index.test.ts.results.json 2026-04-10T10:35:19.3389544Z [36;1m    printf '::error::install-action requires bash\n'[0m 2026-04-10T10:35:24.1213880Z   Downloaded thiserror v1.0.56,tz removing testeeappdirscsswebpackerrorwebpackerrortesttsresultsjson tz removing,Test Failure,test,medium,Assertion or test case failure,81.0
"2026-04-02T01:34:26.000Z ##[group]Run CI for microsoft/vscode
2026-04-02T01:34:26.000Z Runner image: ubuntu-latest
2026-04-02T01:34:26.000Z Language: node
2026-04-02T01:34:26.000Z validating .github/workflows/ci.yml
2026-04-02T01:34:26.000Z workflow syntax error: Unexpected value 'stepz'
2026-04-02T01:34:26.000Z ##[error]Invalid workflow configuration",2026-04-02t01:34:26.000z group run ci for microsoft/vscode 2026-04-02t01:34:26.000z runner image: ubuntu-latest 2026-04-02t01:34:26.000z language: node 2026-04-02t01:34:26.000z validating .github/workflows/ci.yml 2026-04-02t01:34:26.000z workflow syntax error:,Configuration Error,build,high,Invalid workflow configuration or environment variable,260.0
"2026-04-15T19:16:42.000Z ##[group]Run CI for angular/angular
2026-04-15T19:16:42.000Z Runner image: ubuntu-latest
2026-04-15T19:16:42.000Z Language: python
2026-04-15T19:16:42.000Z Starting module scheduler
2026-04-15T19:16:42.000Z Traceback (most recent call last): ValueError: invalid state transition in scheduler
2026-04-15T19:16:42.000Z ##[error]Runtime exception in test process",2026-04-15t19:16:42.000z group run ci for angular/angular 2026-04-15t19:16:42.000z runner image: ubuntu-latest 2026-04-15t19:16:42.000z language: python 2026-04-15t19:16:42.000z starting module scheduler 2026-04-15t19:16:42.000z traceback most,Runtime Error,test,medium,Unhandled exception during job execution,
"2026-04-02T14:12:25.000Z ##[group]Run CI for vercel/next.js
2026-04-02T14:12:25.000Z Runner image: windows-latest
2026-04-02T14:12:25.000Z Language: node
2026-04-02T14:12:25.000Z helm upgrade --install api ./charts/api
2026-04-02T14:12:25.000Z Error: UPGRADE FAILED: timed out waiting for the condition
2026-04-02T14:12:25.000Z ##[error]Deployment failed in production stage",2026-04-02t14:12:25.000z group run ci for vercel/next.js 2026-04-02t14:12:25.000z runner image: windows-latest 2026-04-02t14:12:25.000z language: node 2026-04-02t14:12:25.000z helm upgrade --install api ./charts/api 2026-04-02t14:12:25.000z,Deployment Error,deploy,high,Release or deployment command failed,240.0
"2026-04-15T07:20:16.000Z ##[group]Run CI for vercel/next.js
2026-04-15T07:20:16.000Z Runner image: macos-latest
2026-04-15T07:20:16.000Z Language: java
2026-04-15T07:20:16.000Z ERROR: Module not found: Cannot resolve 'pytest'
2026-04-15T07:20:16.000Z npm ERR! code E404
2026-04-15T07:20:16.000Z ##[error]Dependency installation failed",2026-04-15t07:20:16.000z group run ci for vercel/next.js 2026-04-15t07:20:16.000z runner image: macos-latest 2026-04-15t07:20:16.000z language: java 2026-04-15t07:20:16.000z error: module not found: cannot resolve,Dependency Error,build,high,Missing package or unresolved module dependency,
"2026-04-01T10:12:53.000Z ##[group]Run CI for angular/angular
2026-04-01T10:12:53.000Z Runner image: windows-latest
2026-04-01T10:12:53.000Z Language: java
2026-04-01T10:12:53.000Z ERROR: Module not found: Cannot resolve 'react-dom'
2026-04-01T10:12:53.000Z npm ERR! code E404
2026-04-01T10:12:53.000Z ##[error]Dependency installation failed",2026-04-01t10:12:53.000z group run ci for angular/angular 2026-04-01t10:12:53.000z runner image: windows-latest 2026-04-01t10:12:53.000z language: java 2026-04-01t10:12:53.000z error: module not found: cannot resolve,Dependency Error,build,high,Missing package or unresolved module dependency,216.0
"2026-04-01T08:44:15.000Z ##[group]Run CI for nodejs/node
2026-04-01T08:44:15.000Z Runner image: macos-latest
2026-04-01T08:44:15.000Z Language: rust
2026-04-01T08:44:15.000Z FAIL internal/runtime/retry_test.go
2026-04-01T08:44:15.000Z AssertionError: expected 7 but received 14
2026-04-01T08:44:15.000Z ##[error]Test suite failed with exit code 1",2026-04-01t08:44:15.000z group run ci for nodejs/node 2026-04-01t08:44:15.000z runner image: macos-latest 2026-04-01t08:44:15.000z language: rust 2026-04-01t08:44:15.000z fail internal/runtime/retry_test.go 2026-04-01t08:44:15.000z assertionerror: expected 7,Test Failure,test,medium,Assertion mismatch in CI test suite,258.0
"2026-04-01T17:24:17.000Z ##[group]Run CI for microsoft/vscode
2026-04-01T17:24:17.000Z Runner image: macos-latest
2026-04-01T17:24:17.000Z Language: java
2026-04-01T17:24:17.000Z src/auth/handler.py:299: SyntaxError: unexpected token '@'
2026-04-01T17:24:17.000Z pylint: E0001 syntax-error
2026-04-01T17:24:17.000Z ##[error]Build stopped due to syntax error",2026-04-01t17:24:17.000z group run ci for microsoft/vscode 2026-04-01t17:24:17.000z runner image: macos-latest 2026-04-01t17:24:17.000z language: java 2026-04-01t17:24:17.000z src/auth/handler.py:299: syntaxerror: unexpected token 2026-04-01t17:24:17.000z pylint:,Syntax Error,build,high,Invalid code syntax detected by compiler or linter,263.0
"2026-04-01T23:56:28.000Z ##[group]Run CI for apache/spark
2026-04-01T23:56:28.000Z Runner image: ubuntu-latest
2026-04-01T23:56:28.000Z Language: python
2026-04-01T23:56:28.000Z Pulling cache layer from registry
2026-04-01T23:56:28.000Z error: failed to solve: no space left on device
2026-04-01T23:56:28.000Z ##[error]Runner disk pressure caused job failure",2026-04-01t23:56:28.000z group run ci for apache/spark 2026-04-01t23:56:28.000z runner image: ubuntu-latest 2026-04-01t23:56:28.000z language: python 2026-04-01t23:56:28.000z pulling cache layer from registry 2026-04-01t23:56:28.000z,Infrastructure Error,build,high,Runner or external service instability,233.0
"2026-04-01T10:32:12.000Z ##[group]Run CI for pytorch/pytorch
2026-04-01T10:32:12.000Z Runner image: ubuntu-latest
2026-04-01T10:32:12.000Z Language: rust
2026-04-01T10:32:12.000Z ERROR: Module not found: Cannot resolve 'numpy'
2026-04-01T10:32:12.000Z npm ERR! code E404
2026-04-01T10:32:12.000Z ##[error]Dependency installation failed",2026-04-01t10:32:12.000z group run ci for pytorch/pytorch 2026-04-01t10:32:12.000z runner image: ubuntu-latest 2026-04-01t10:32:12.000z language: rust 2026-04-01t10:32:12.000z error: module not found: cannot resolve,Dependency Error,build,high,Missing package or unresolved module dependency,215.0
"2026-04-15T17:36:32.000Z ##[group]Run CI for pytorch/pytorch
2026-04-15T17:36:32.000Z Runner image: macos-latest
2026-04-15T17:36:32.000Z Language: rust
2026-04-15T17:36:32.000Z make build-ci -j4
2026-04-15T17:36:32.000Z gcc: fatal error: cannot execute 'cc1plus': No such file or directory
2026-04-15T17:36:32.000Z ##[error]Build failed with exit code 2",2026-04-15t17:36:32.000z group run ci for pytorch/pytorch 2026-04-15t17:36:32.000z runner image: macos-latest 2026-04-15t17:36:32.000z language: rust 2026-04-15t17:36:32.000z make build-ci -j4 2026-04-15t17:36:32.000z gcc: fatal,Build Failure,build,high,Compilation or packaging process failed,
"2026-04-11T23:36:07.000Z ##[group]Run CI for apache/spark
2026-04-11T23:36:07.000Z Runner image: ubuntu-latest
2026-04-11T23:36:07.000Z Language: java
2026-04-11T23:36:07.000Z pytest -m integration --maxfail=1
2026-04-11T23:36:07.000Z Error: Process timed out after 30 minutes
2026-04-11T23:36:07.000Z ##[error]The operation was canceled",2026-04-11t23:36:07.000z group run ci for apache/spark 2026-04-11t23:36:07.000z runner image: ubuntu-latest 2026-04-11t23:36:07.000z language: java 2026-04-11t23:36:07.000z pytest -m integration --maxfail 1 2026-04-11t23:36:07.000z,Timeout Error,test,medium,Long-running step exceeded CI timeout threshold,
"2026-04-01T12:12:46.000Z ##[group]Run CI for apache/spark
2026-04-01T12:12:46.000Z Runner image: ubuntu-latest
2026-04-01T12:12:46.000Z Language: go
2026-04-01T12:12:46.000Z ERROR: Module not found: Cannot resolve 'numpy'
2026-04-01T12:12:46.000Z npm ERR! code E404
2026-04-01T12:12:46.000Z ##[error]Dependency installation failed",2026-04-01t12:12:46.000z group run ci for apache/spark 2026-04-01t12:12:46.000z runner image: ubuntu-latest 2026-04-01t12:12:46.000z language: go 2026-04-01t12:12:46.000z error: module not found: cannot resolve,Dependency Error,build,high,Missing package or unresolved module dependency,210.0
"2026-04-15T16:24:58.000Z ##[group]Run CI for angular/angular
2026-04-15T16:24:58.000Z Runner image: ubuntu-latest
2026-04-15T16:24:58.000Z Language: python
2026-04-15T16:24:58.000Z make build-ci -j4
2026-04-15T16:24:58.000Z gcc: fatal error: cannot execute 'cc1plus': No such file or directory
2026-04-15T16:24:58.000Z ##[error]Build failed with exit code 2",2026-04-15t16:24:58.000z group run ci for angular/angular 2026-04-15t16:24:58.000z runner image: ubuntu-latest 2026-04-15t16:24:58.000z language: python 2026-04-15t16:24:58.000z make build-ci -j4 2026-04-15t16:24:58.000z gcc: fatal,Build Failure,build,high,Compilation or packaging process failed,
"2026-04-01T09:09:29.000Z ##[group]Run CI for apache/spark
2026-04-01T09:09:29.000Z Runner image: windows-latest
2026-04-01T09:09:29.000Z Language: go
2026-04-01T09:09:29.000Z src/worker/handler.py:171: SyntaxError: unexpected token '@'
2026-04-01T09:09:29.000Z pylint: E0001 syntax-error
2026-04-01T09:09:29.000Z ##[error]Build stopped due to syntax error",2026-04-01t09:09:29.000z group run ci for apache/spark 2026-04-01t09:09:29.000z runner image: windows-latest 2026-04-01t09:09:29.000z language: go 2026-04-01t09:09:29.000z src/worker/handler.py:171: syntaxerror: unexpected token 2026-04-01t09:09:29.000z pylint:,Syntax Error,build,high,Invalid code syntax detected by compiler or linter,261.0
"2026-04-12T09:21:53.000Z ##[group]Run CI for angular/angular
2026-04-12T09:21:53.000Z Runner image: ubuntu-latest
2026-04-12T09:21:53.000Z Language: node
2026-04-12T09:21:53.000Z validating .github/workflows/ci.yml
2026-04-12T09:21:53.000Z workflow syntax error: Unexpected value 'stepz'
2026-04-12T09:21:53.000Z ##[error]Invalid workflow configuration",2026-04-12t09:21:53.000z group run ci for angular/angular 2026-04-12t09:21:53.000z runner image: ubuntu-latest 2026-04-12t09:21:53.000z language: node 2026-04-12t09:21:53.000z validating .github/workflows/ci.yml 2026-04-12t09:21:53.000z workflow syntax error:,Configuration Error,build,high,Invalid workflow configuration or environment variable,
"2026-04-01T15:04:50.000Z ##[group]Run CI for apache/spark
2026-04-01T15:04:50.000Z Runner image: windows-latest
2026-04-01T15:04:50.000Z Language: node
2026-04-01T15:04:50.000Z Pulling cache layer from registry
2026-04-01T15:04:50.000Z error: failed to solve: no space left on device
2026-04-01T15:04:50.000Z ##[error]Runner disk pressure caused job failure",2026-04-01t15:04:50.000z group run ci for apache/spark 2026-04-01t15:04:50.000z runner image: windows-latest 2026-04-01t15:04:50.000z language: node 2026-04-01t15:04:50.000z pulling cache layer from registry 2026-04-01t15:04:50.000z,Infrastructure Error,build,high,Runner or external service instability,232.0
"2026-04-01T07:36:08.000Z ##[group]Run CI for apache/spark
2026-04-01T07:36:08.000Z Runner image: windows-latest
2026-04-01T07:36:08.000Z Language: go
2026-04-01T07:36:08.000Z FAIL packages/react-dom/src/__tests__/hydration.test.js
2026-04-01T07:36:08.000Z AssertionError: expected 9 but received 19
2026-04-01T07:36:08.000Z ##[error]Test suite failed with exit code 1",2026-04-01t07:36:08.000z group run ci for apache/spark 2026-04-01t07:36:08.000z runner image: windows-latest 2026-04-01t07:36:08.000z language: go 2026-04-01t07:36:08.000z fail packages/react-dom/src/__tests__/hydration.test.js 2026-04-01t07:36:08.000z assertionerror: expected 9,Test Failure,test,medium,Assertion mismatch in CI test suite,279.0
"2026-04-01T21:46:29.000Z ##[group]Run CI for microsoft/vscode
2026-04-01T21:46:29.000Z Runner image: ubuntu-latest
2026-04-01T21:46:29.000Z Language: go
2026-04-01T21:46:29.000Z helm upgrade --install api ./charts/api
2026-04-01T21:46:29.000Z Error: UPGRADE FAILED: timed out waiting for the condition
2026-04-01T21:46:29.000Z ##[error]Deployment failed in production stage",2026-04-01t21:46:29.000z group run ci for microsoft/vscode 2026-04-01t21:46:29.000z runner image: ubuntu-latest 2026-04-01t21:46:29.000z language: go 2026-04-01t21:46:29.000z helm upgrade --install api ./charts/api 2026-04-01t21:46:29.000z,Deployment Error,deploy,high,Release or deployment command failed,239.0
"2026-04-01T09:59:30.000Z ##[group]Run CI for django/django
2026-04-01T09:59:30.000Z Runner image: macos-latest
2026-04-01T09:59:30.000Z Language: python
2026-04-01T09:59:30.000Z src/cache/handler.py:195: SyntaxError: unexpected token '['
2026-04-01T09:59:30.000Z pylint: E0001 syntax-error
2026-04-01T09:59:30.000Z ##[error]Build stopped due to syntax error",2026-04-01t09:59:30.000z group run ci for django/django 2026-04-01t09:59:30.000z runner image: macos-latest 2026-04-01t09:59:30.000z language: python 2026-04-01t09:59:30.000z src/cache/handler.py:195: syntaxerror: unexpected token 2026-04-01t09:59:30.000z pylint:,Syntax Error,build,high,Invalid code syntax detected by compiler or linter,263.0
"2026-04-10T09:20:26.9973652Z [36;1m    echo ""Error: Failed to detect any GPUs on the runner""[0m 2026-04-10T09:20:27.0743159Z [36;1m        echo ""Error: Available diskspace is less than $diskspace-cutoff GiB. Not enough diskspace.""[0m 2026-04-10T09:20:31.5995306Z [36;1m# If no image exists but the hash is the same as the previous hash then we should error out here[0m 2026-04-10T09:20:33.9297679Z An error occurred (AccessDeniedException) when calling the GetSecretValue operation: User: arn:aws:sts::308535385114:assumed-role/gha_workflow_s3_and_ecr_read_only/gha-ecr-login is not authorized to perform: secretsmanager:GetSecretValue on resource: docker_hub_readonly_token because no identity-based policy allows the secretsmanager:GetSecretValue action 2026-04-10T09:20:34.0044811Z error: cannot perform an interactive login from a non TTY device",tz m echo error failed,Runtime Error,build,medium,Unexpected runtime exception,22.0
"2026-04-01T21:20:28.000Z ##[group]Run CI for pytorch/pytorch
2026-04-01T21:20:28.000Z Runner image: ubuntu-latest
2026-04-01T21:20:28.000Z Language: go
2026-04-01T21:20:28.000Z pytest -m integration --maxfail=1
2026-04-01T21:20:28.000Z Error: Process timed out after 20 minutes
2026-04-01T21:20:28.000Z ##[error]The operation was canceled",2026-04-01t21:20:28.000z group run ci for pytorch/pytorch 2026-04-01t21:20:28.000z runner image: ubuntu-latest 2026-04-01t21:20:28.000z language: go 2026-04-01t21:20:28.000z pytest -m integration --maxfail 1 2026-04-01t21:20:28.000z,Timeout Error,test,medium,Long-running step exceeded CI timeout threshold,232.0
"2026-04-02T00:48:51.000Z ##[group]Run CI for tensorflow/tensorflow
2026-04-02T00:48:51.000Z Runner image: windows-latest
2026-04-02T00:48:51.000Z Language: python
2026-04-02T00:48:51.000Z Pulling cache layer from registry
2026-04-02T00:48:51.000Z error: failed to solve: no space left on device
2026-04-02T00:48:51.000Z ##[error]Runner disk pressure caused job failure",2026-04-02t00:48:51.000z group run ci for tensorflow/tensorflow 2026-04-02t00:48:51.000z runner image: windows-latest 2026-04-02t00:48:51.000z language: python 2026-04-02t00:48:51.000z pulling cache layer from registry 2026-04-02t00:48:51.000z,Infrastructure Error,build,high,Runner or external service instability,243.0
"2026-04-01T16:39:36.000Z ##[group]Run CI for pytorch/pytorch
2026-04-01T16:39:36.000Z Runner image: macos-latest
2026-04-01T16:39:36.000Z Language: java
2026-04-01T16:39:36.000Z pytest -m integration --maxfail=1
2026-04-01T16:39:36.000Z Error: Process timed out after 15 minutes
2026-04-01T16:39:36.000Z ##[error]The operation was canceled",2026-04-01t16:39:36.000z group run ci for pytorch/pytorch 2026-04-01t16:39:36.000z runner image: macos-latest 2026-04-01t16:39:36.000z language: java 2026-04-01t16:39:36.000z pytest -m integration --maxfail 1 2026-04-01t16:39:36.000z,Timeout Error,test,medium,Long-running step exceeded CI timeout threshold,233.0
"2026-04-08T07:26:47.000Z ##[group]Run CI for nodejs/node
2026-04-08T07:26:47.000Z Runner image: ubuntu-latest
2026-04-08T07:26:47.000Z Language: go
2026-04-08T07:26:47.000Z ERROR: Module not found: Cannot resolve 'torch'
2026-04-08T07:26:47.000Z npm ERR! code E404
2026-04-08T07:26:47.000Z ##[error]Dependency installation failed",2026-04-08t07:26:47.000z group run ci for nodejs/node 2026-04-08t07:26:47.000z runner image: ubuntu-latest 2026-04-08t07:26:47.000z language: go 2026-04-08t07:26:47.000z error: module not found: cannot resolve,Dependency Error,build,high,Missing package or unresolved module dependency,
"2026-03-31T17:13:05.1165687Z error Command ""test"" not found. Did you mean ""jest""? 2026-03-31T17:13:05.1342118Z error Command failed. 2026-03-31T17:13:05.1663601Z ##[error]Process completed with exit code 1. 2026-03-31T17:13:10.4541003Z 	npx cross-env BABEL_SHOW_CONFIG_FOR=/home/runner/work/react/react/compiler/packages/babel-plugin-react-compiler/src/CompilerError.ts <your build command> 2026-03-31T17:13:15.3265833Z 	npx cross-env BABEL_SHOW_CONFIG_FOR=/home/runner/work/react/react/compiler/packages/babel-plugin-react-compiler/src/Flood/TypeErrors.ts <your build command>",tz error command test not,Test Failure,test,medium,Assertion or test case failure,25.0
"2026-04-15T19:20:17.000Z ##[group]Run CI for django/django
2026-04-15T19:20:17.000Z Runner image: windows-latest
2026-04-15T19:20:17.000Z Language: rust
2026-04-15T19:20:17.000Z Starting module compiler
2026-04-15T19:20:17.000Z Traceback (most recent call last): ValueError: invalid state transition in compiler
2026-04-15T19:20:17.000Z ##[error]Runtime exception in test process",2026-04-15t19:20:17.000z group run ci for django/django 2026-04-15t19:20:17.000z runner image: windows-latest 2026-04-15t19:20:17.000z language: rust 2026-04-15t19:20:17.000z starting module compiler 2026-04-15t19:20:17.000z traceback most,Runtime Error,test,medium,Unhandled exception during job execution,
"2026-04-04T22:26:03.000Z ##[group]Run CI for tensorflow/tensorflow
2026-04-04T22:26:03.000Z Runner image: windows-latest
2026-04-04T22:26:03.000Z Language: go
2026-04-04T22:26:03.000Z helm upgrade --install api ./charts/api
2026-04-04T22:26:03.000Z Error: UPGRADE FAILED: timed out waiting for the condition
2026-04-04T22:26:03.000Z ##[error]Deployment failed in production stage",2026-04-04t22:26:03.000z group run ci for tensorflow/tensorflow 2026-04-04t22:26:03.000z runner image: windows-latest 2026-04-04t22:26:03.000z language: go 2026-04-04t22:26:03.000z helm upgrade --install api ./charts/api 2026-04-04t22:26:03.000z,Deployment Error,deploy,high,Release or deployment command failed,
"2026-04-12T00:06:52.000Z ##[group]Run CI for tensorflow/tensorflow
2026-04-12T00:06:52.000Z Runner image: windows-latest
2026-04-12T00:06:52.000Z Language: go
2026-04-12T00:06:52.000Z aws secretsmanager get-secret-value --secret-id docker-token
2026-04-12T00:06:52.000Z AccessDeniedException: User is not authorized to perform secretsmanager:GetSecretValue
2026-04-12T00:06:52.000Z ##[error]permission denied while accessing deployment secret",2026-04-12t00:06:52.000z group run ci for tensorflow/tensorflow 2026-04-12t00:06:52.000z runner image: windows-latest 2026-04-12t00:06:52.000z language: go 2026-04-12t00:06:52.000z aws secretsmanager get-secret-value --secret-id docker-token 2026-04-12t00:06:52.000z,Permission Error,deploy,high,"Token, role, or filesystem permission denied",
"2026-04-01T12:50:37.000Z ##[group]Run CI for nodejs/node
2026-04-01T12:50:37.000Z Runner image: macos-latest
2026-04-01T12:50:37.000Z Language: node
2026-04-01T12:50:37.000Z src/auth/handler.py:129: SyntaxError: unexpected token '=>'
2026-04-01T12:50:37.000Z pylint: E0001 syntax-error
2026-04-01T12:50:37.000Z ##[error]Build stopped due to syntax error",2026-04-01t12:50:37.000z group run ci for nodejs/node 2026-04-01t12:50:37.000z runner image: macos-latest 2026-04-01t12:50:37.000z language: node 2026-04-01t12:50:37.000z src/auth/handler.py:129: syntaxerror: unexpected token 2026-04-01t12:50:37.000z pylint:,Syntax Error,build,high,Invalid code syntax detected by compiler or linter,258.0
"2026-04-04T20:54:15.000Z ##[group]Run CI for apache/spark
2026-04-04T20:54:15.000Z Runner image: macos-latest
2026-04-04T20:54:15.000Z Language: python
2026-04-04T20:54:15.000Z aws secretsmanager get-secret-value --secret-id docker-token
2026-04-04T20:54:15.000Z AccessDeniedException: User is not authorized to perform secretsmanager:GetSecretValue
2026-04-04T20:54:15.000Z ##[error]permission denied while accessing deployment secret",2026-04-04t20:54:15.000z group run ci for apache/spark 2026-04-04t20:54:15.000z runner image: macos-latest 2026-04-04t20:54:15.000z language: python 2026-04-04t20:54:15.000z aws secretsmanager get-secret-value --secret-id docker-token 2026-04-04t20:54:15.000z,Permission Error,deploy,high,"Token, role, or filesystem permission denied",
"2026-04-02T02:06:08.000Z ##[group]Run CI for nodejs/node
2026-04-02T02:06:08.000Z Runner image: ubuntu-latest
2026-04-02T02:06:08.000Z Language: python
2026-04-02T02:06:08.000Z validating .github/workflows/ci.yml
2026-04-02T02:06:08.000Z workflow syntax error: Unexpected value 'stepz'
2026-04-02T02:06:08.000Z ##[error]Invalid workflow configuration",2026-04-02t02:06:08.000z group run ci for nodejs/node 2026-04-02t02:06:08.000z runner image: ubuntu-latest 2026-04-02t02:06:08.000z language: python 2026-04-02t02:06:08.000z validating .github/workflows/ci.yml 2026-04-02t02:06:08.000z workflow syntax error:,Configuration Error,build,high,Invalid workflow configuration or environment variable,257.0
"2026-04-01T23:42:49.000Z ##[group]Run CI for spring-projects/spring-boot
2026-04-01T23:42:49.000Z Runner image: windows-latest
2026-04-01T23:42:49.000Z Language: go
2026-04-01T23:42:49.000Z make build-ci -j4
2026-04-01T23:42:49.000Z gcc: fatal error: cannot execute 'cc1plus': No such file or directory
2026-04-01T23:42:49.000Z ##[error]Build failed with exit code 2",2026-04-01t23:42:49.000z group run ci for spring-projects/spring-boot 2026-04-01t23:42:49.000z runner image: windows-latest 2026-04-01t23:42:49.000z language: go 2026-04-01t23:42:49.000z make build-ci -j4 2026-04-01t23:42:49.000z gcc: fatal,Build Failure,build,high,Compilation or packaging process failed,240.0
"2026-04-01T13:12:06.000Z ##[group]Run CI for pytorch/pytorch
2026-04-01T13:12:06.000Z Runner image: ubuntu-latest
2026-04-01T13:12:06.000Z Language: go
2026-04-01T13:12:06.000Z ERROR: Module not found: Cannot resolve 'grpcio'
2026-04-01T13:12:06.000Z npm ERR! code E404
2026-04-01T13:12:06.000Z ##[error]Dependency installation failed",2026-04-01t13:12:06.000z group run ci for pytorch/pytorch 2026-04-01t13:12:06.000z runner image: ubuntu-latest 2026-04-01t13:12:06.000z language: go 2026-04-01t13:12:06.000z error: module not found: cannot resolve,Dependency Error,build,high,Missing package or unresolved module dependency,213.0
"2026-04-12T08:27:45.000Z ##[group]Run CI for spring-projects/spring-boot
2026-04-12T08:27:45.000Z Runner image: ubuntu-latest
2026-04-12T08:27:45.000Z Language: java
2026-04-12T08:27:45.000Z validating .github/workflows/ci.yml
2026-04-12T08:27:45.000Z workflow syntax error: Unexpected value 'stepz'
2026-04-12T08:27:45.000Z ##[error]Invalid workflow configuration",2026-04-12t08:27:45.000z group run ci for spring-projects/spring-boot 2026-04-12t08:27:45.000z runner image: ubuntu-latest 2026-04-12t08:27:45.000z language: java 2026-04-12t08:27:45.000z validating .github/workflows/ci.yml 2026-04-12t08:27:45.000z workflow syntax error:,Configuration Error,build,high,Invalid workflow configuration or environment variable,
"2026-04-01T09:24:50.000Z ##[group]Run CI for nodejs/node
2026-04-01T09:24:50.000Z Runner image: windows-latest
2026-04-01T09:24:50.000Z Language: python
2026-04-01T09:24:50.000Z FAIL internal/runtime/retry_test.go
2026-04-01T09:24:50.000Z AssertionError: expected 4 but received 15
2026-04-01T09:24:50.000Z ##[error]Test suite failed with exit code 1",2026-04-01t09:24:50.000z group run ci for nodejs/node 2026-04-01t09:24:50.000z runner image: windows-latest 2026-04-01t09:24:50.000z language: python 2026-04-01t09:24:50.000z fail internal/runtime/retry_test.go 2026-04-01t09:24:50.000z assertionerror: expected 4,Test Failure,test,medium,Assertion mismatch in CI test suite,262.0
"2026-04-15T22:32:32.000Z ##[group]Run CI for pytorch/pytorch
2026-04-15T22:32:32.000Z Runner image: ubuntu-latest
2026-04-15T22:32:32.000Z Language: go
2026-04-15T22:32:32.000Z Pulling cache layer from registry
2026-04-15T22:32:32.000Z error: failed to solve: no space left on device
2026-04-15T22:32:32.000Z ##[error]Runner disk pressure caused job failure",2026-04-15t22:32:32.000z group run ci for pytorch/pytorch 2026-04-15t22:32:32.000z runner image: ubuntu-latest 2026-04-15t22:32:32.000z language: go 2026-04-15t22:32:32.000z pulling cache layer from registry 2026-04-15t22:32:32.000z,Infrastructure Error,build,high,Runner or external service instability,
"2026-04-11T09:40:27.8465980Z   digest-mismatch: error 2026-04-11T09:41:00.5785740Z # Beep on error 2026-04-11T09:42:05.5160210Z                  'error_on_warn': 'false', 2026-04-11T09:42:05.5172180Z                                           'test/cctest/test_quic_error.cc', 2026-04-11T09:42:05.5186190Z                                          'lib/internal/assert/assertion_error.js',",tz digestmismatch error tz beep on,Test Failure,test,medium,auto-detected,34.0
"2026-04-01T09:39:19.000Z ##[group]Run CI for nodejs/node
2026-04-01T09:39:19.000Z Runner image: macos-latest
2026-04-01T09:39:19.000Z Language: python
2026-04-01T09:39:19.000Z src/cache/handler.py:27: SyntaxError: unexpected token '['
2026-04-01T09:39:19.000Z pylint: E0001 syntax-error
2026-04-01T09:39:19.000Z ##[error]Build stopped due to syntax error",2026-04-01t09:39:19.000z group run ci for nodejs/node 2026-04-01t09:39:19.000z runner image: macos-latest 2026-04-01t09:39:19.000z language: python 2026-04-01t09:39:19.000z src/cache/handler.py:27: syntaxerror: unexpected token 2026-04-01t09:39:19.000z pylint:,Syntax Error,build,high,Invalid code syntax detected by compiler or linter,260.0
"2026-04-11T18:27:29.000Z ##[group]Run CI for apache/spark
2026-04-11T18:27:29.000Z Runner image: ubuntu-latest
2026-04-11T18:27:29.000Z Language: go
2026-04-11T18:27:29.000Z FAIL packages/react-dom/src/__tests__/hydration.test.js
2026-04-11T18:27:29.000Z AssertionError: expected 2 but received 18
2026-04-11T18:27:29.000Z ##[error]Test suite failed with exit code 1",2026-04-11t18:27:29.000z group run ci for apache/spark 2026-04-11t18:27:29.000z runner image: ubuntu-latest 2026-04-11t18:27:29.000z language: go 2026-04-11t18:27:29.000z fail packages/react-dom/src/__tests__/hydration.test.js 2026-04-11t18:27:29.000z assertionerror: expected 2,Test Failure,test,medium,Assertion mismatch in CI test suite,
"2026-04-01T19:20:49.000Z ##[group]Run CI for microsoft/vscode
2026-04-01T19:20:49.000Z Runner image: windows-latest
2026-04-01T19:20:49.000Z Language: node
2026-04-01T19:20:49.000Z Starting module worker
2026-04-01T19:20:49.000Z Traceback (most recent call last): ValueError: invalid state transition in worker
2026-04-01T19:20:49.000Z ##[error]Runtime exception in test process",2026-04-01t19:20:49.000z group run ci for microsoft/vscode 2026-04-01t19:20:49.000z runner image: windows-latest 2026-04-01t19:20:49.000z language: node 2026-04-01t19:20:49.000z starting module worker 2026-04-01t19:20:49.000z traceback most,Runtime Error,test,medium,Unhandled exception during job execution,240.0
"2026-04-15T18:44:54.000Z ##[group]Run CI for microsoft/vscode
2026-04-15T18:44:54.000Z Runner image: macos-latest
2026-04-15T18:44:54.000Z Language: node
2026-04-15T18:44:54.000Z Starting module worker
2026-04-15T18:44:54.000Z Traceback (most recent call last): ValueError: invalid state transition in worker
2026-04-15T18:44:54.000Z ##[error]Runtime exception in test process",2026-04-15t18:44:54.000z group run ci for microsoft/vscode 2026-04-15t18:44:54.000z runner image: macos-latest 2026-04-15t18:44:54.000z language: node 2026-04-15t18:44:54.000z starting module worker 2026-04-15t18:44:54.000z traceback most,Runtime Error,test,medium,Unhandled exception during job execution,
"2026-04-01T16:00:49.000Z ##[group]Run CI for pytorch/pytorch
2026-04-01T16:00:49.000Z Runner image: ubuntu-latest
2026-04-01T16:00:49.000Z Language: java
2026-04-01T16:00:49.000Z Pulling cache layer from registry
2026-04-01T16:00:49.000Z error: failed to solve: no space left on device
2026-04-01T16:00:49.000Z ##[error]Runner disk pressure caused job failure",2026-04-01t16:00:49.000z group run ci for pytorch/pytorch 2026-04-01t16:00:49.000z runner image: ubuntu-latest 2026-04-01t16:00:49.000z language: java 2026-04-01t16:00:49.000z pulling cache layer from registry 2026-04-01t16:00:49.000z,Infrastructure Error,build,high,Runner or external service instability,234.0
"2026-04-08T08:58:53.000Z ##[group]Run CI for angular/angular
2026-04-08T08:58:53.000Z Runner image: windows-latest
2026-04-08T08:58:53.000Z Language: java
2026-04-08T08:58:53.000Z src/worker/handler.py:152: SyntaxError: unexpected token '@'
2026-04-08T08:58:53.000Z pylint: E0001 syntax-error
2026-04-08T08:58:53.000Z ##[error]Build stopped due to syntax error",2026-04-08t08:58:53.000z group run ci for angular/angular 2026-04-08t08:58:53.000z runner image: windows-latest 2026-04-08t08:58:53.000z language: java 2026-04-08t08:58:53.000z src/worker/handler.py:152: syntaxerror: unexpected token 2026-04-08t08:58:53.000z pylint:,Syntax Error,build,high,Invalid code syntax detected by compiler or linter,
"2026-04-01T20:12:25.000Z ##[group]Run CI for vercel/next.js
2026-04-01T20:12:25.000Z Runner image: macos-latest
2026-04-01T20:12:25.000Z Language: rust
2026-04-01T20:12:25.000Z Starting module cache
2026-04-01T20:12:25.000Z Traceback (most recent call last): ValueError: invalid state transition in cache
2026-04-01T20:12:25.000Z ##[error]Runtime exception in test process",2026-04-01t20:12:25.000z group run ci for vercel/next.js 2026-04-01t20:12:25.000z runner image: macos-latest 2026-04-01t20:12:25.000z language: rust 2026-04-01t20:12:25.000z starting module cache 2026-04-01t20:12:25.000z traceback most,Runtime Error,test,medium,Unhandled exception during job execution,235.0
"2026-04-02T00:00:44.000Z ##[group]Run CI for spring-projects/spring-boot
2026-04-02T00:00:44.000Z Runner image: windows-latest
2026-04-02T00:00:44.000Z Language: node
2026-04-02T00:00:44.000Z aws secretsmanager get-secret-value --secret-id docker-token
2026-04-02T00:00:44.000Z AccessDeniedException: User is not authorized to perform secretsmanager:GetSecretValue
2026-04-02T00:00:44.000Z ##[error]permission denied while accessing deployment secret",2026-04-02t00:00:44.000z group run ci for spring-projects/spring-boot 2026-04-02t00:00:44.000z runner image: windows-latest 2026-04-02t00:00:44.000z language: node 2026-04-02t00:00:44.000z aws secretsmanager get-secret-value --secret-id docker-token 2026-04-02t00:00:44.000z,Permission Error,deploy,high,"Token, role, or filesystem permission denied",274.0
"2026-04-15T17:28:33.000Z ##[group]Run CI for nodejs/node
2026-04-15T17:28:33.000Z Runner image: windows-latest
2026-04-15T17:28:33.000Z Language: python
2026-04-15T17:28:33.000Z make build-ci -j4
2026-04-15T17:28:33.000Z gcc: fatal error: cannot execute 'cc1plus': No such file or directory
2026-04-15T17:28:33.000Z ##[error]Build failed with exit code 2",2026-04-15t17:28:33.000z group run ci for nodejs/node 2026-04-15t17:28:33.000z runner image: windows-latest 2026-04-15t17:28:33.000z language: python 2026-04-15t17:28:33.000z make build-ci -j4 2026-04-15t17:28:33.000z gcc: fatal,Build Failure,build,high,Compilation or packaging process failed,
"2026-04-01T10:57:18.000Z ##[group]Run CI for spring-projects/spring-boot
2026-04-01T10:57:18.000Z Runner image: ubuntu-latest
2026-04-01T10:57:18.000Z Language: rust
2026-04-01T10:57:18.000Z pytest -m integration --maxfail=1
2026-04-01T10:57:18.000Z Error: Process timed out after 10 minutes
2026-04-01T10:57:18.000Z ##[error]The operation was canceled",2026-04-01t10:57:18.000z group run ci for spring-projects/spring-boot 2026-04-01t10:57:18.000z runner image: ubuntu-latest 2026-04-01t10:57:18.000z language: rust 2026-04-01t10:57:18.000z pytest -m integration --maxfail 1 2026-04-01t10:57:18.000z,Timeout Error,test,medium,Long-running step exceeded CI timeout threshold,246.0
"2026-04-01T21:56:18.000Z ##[group]Run CI for pytorch/pytorch
2026-04-01T21:56:18.000Z Runner image: ubuntu-latest
2026-04-01T21:56:18.000Z Language: java
2026-04-01T21:56:18.000Z pytest -m integration --maxfail=1
2026-04-01T21:56:18.000Z Error: Process timed out after 20 minutes
2026-04-01T21:56:18.000Z ##[error]The operation was canceled",2026-04-01t21:56:18.000z group run ci for pytorch/pytorch 2026-04-01t21:56:18.000z runner image: ubuntu-latest 2026-04-01t21:56:18.000z language: java 2026-04-01t21:56:18.000z pytest -m integration --maxfail 1 2026-04-01t21:56:18.000z,Timeout Error,test,medium,Long-running step exceeded CI timeout threshold,234.0
"2026-04-08T06:22:16.000Z ##[group]Run CI for nodejs/node
2026-04-08T06:22:16.000Z Runner image: ubuntu-latest
2026-04-08T06:22:16.000Z Language: go
2026-04-08T06:22:16.000Z FAIL compiler/src/tests/error_reporting.rs
2026-04-08T06:22:16.000Z AssertionError: expected 10 but received 17
2026-04-08T06:22:16.000Z ##[error]Test suite failed with exit code 1",2026-04-08t06:22:16.000z group run ci for nodejs/node 2026-04-08t06:22:16.000z runner image: ubuntu-latest 2026-04-08t06:22:16.000z language: go 2026-04-08t06:22:16.000z fail compiler/src/tests/error_reporting.rs 2026-04-08t06:22:16.000z assertionerror: expected 10,Test Failure,test,medium,Assertion mismatch in CI test suite,
"2026-04-01T18:20:00.000Z ##[group]Run CI for pytorch/pytorch
2026-04-01T18:20:00.000Z Runner image: macos-latest
2026-04-01T18:20:00.000Z Language: go
2026-04-01T18:20:00.000Z make build-ci -j4
2026-04-01T18:20:00.000Z gcc: fatal error: cannot execute 'cc1plus': No such file or directory
2026-04-01T18:20:00.000Z ##[error]Build failed with exit code 2",2026-04-01t18:20:00.000z group run ci for pytorch/pytorch 2026-04-01t18:20:00.000z runner image: macos-latest 2026-04-01t18:20:00.000z language: go 2026-04-01t18:20:00.000z make build-ci -j4 2026-04-01t18:20:00.000z gcc: fatal,Build Failure,build,high,Compilation or packaging process failed,226.0
"2026-04-01T08:00:33.000Z ##[group]Run CI for tensorflow/tensorflow
2026-04-01T08:00:33.000Z Runner image: windows-latest
2026-04-01T08:00:33.000Z Language: go
2026-04-01T08:00:33.000Z FAIL src/test/java/com/example/ServiceTest.java
2026-04-01T08:00:33.000Z AssertionError: expected 9 but received 11
2026-04-01T08:00:33.000Z ##[error]Test suite failed with exit code 1",2026-04-01t08:00:33.000z group run ci for tensorflow/tensorflow 2026-04-01t08:00:33.000z runner image: windows-latest 2026-04-01t08:00:33.000z language: go 2026-04-01t08:00:33.000z fail src/test/java/com/example/servicetest.java 2026-04-01t08:00:33.000z assertionerror: expected 9,Test Failure,test,medium,Assertion mismatch in CI test suite,280.0
"2026-04-01T16:46:57.000Z ##[group]Run CI for facebook/react
2026-04-01T16:46:57.000Z Runner image: windows-latest
2026-04-01T16:46:57.000Z Language: rust
2026-04-01T16:46:57.000Z validating .github/workflows/ci.yml
2026-04-01T16:46:57.000Z workflow syntax error: Unexpected value 'stepz'
2026-04-01T16:46:57.000Z ##[error]Invalid workflow configuration",2026-04-01t16:46:57.000z group run ci for facebook/react 2026-04-01t16:46:57.000z runner image: windows-latest 2026-04-01t16:46:57.000z language: rust 2026-04-01t16:46:57.000z validating .github/workflows/ci.yml 2026-04-01t16:46:57.000z workflow syntax error:,Configuration Error,build,high,Invalid workflow configuration or environment variable,259.0
"2026-04-01T21:39:53.000Z ##[group]Run CI for angular/angular
2026-04-01T21:39:53.000Z Runner image: ubuntu-latest
2026-04-01T21:39:53.000Z Language: node
2026-04-01T21:39:53.000Z aws secretsmanager get-secret-value --secret-id docker-token
2026-04-01T21:39:53.000Z AccessDeniedException: User is not authorized to perform secretsmanager:GetSecretValue
2026-04-01T21:39:53.000Z ##[error]permission denied while accessing deployment secret",2026-04-01t21:39:53.000z group run ci for angular/angular 2026-04-01t21:39:53.000z runner image: ubuntu-latest 2026-04-01t21:39:53.000z language: node 2026-04-01t21:39:53.000z aws secretsmanager get-secret-value --secret-id docker-token 2026-04-01t21:39:53.000z,Permission Error,deploy,high,"Token, role, or filesystem permission denied",261.0
"2026-04-01T12:24:20.000Z ##[group]Run CI for apache/spark
2026-04-01T12:24:20.000Z Runner image: ubuntu-latest
2026-04-01T12:24:20.000Z Language: python
2026-04-01T12:24:20.000Z ERROR: Module not found: Cannot resolve 'numpy'
2026-04-01T12:24:20.000Z npm ERR! code E404
2026-04-01T12:24:20.000Z ##[error]Dependency installation failed",2026-04-01t12:24:20.000z group run ci for apache/spark 2026-04-01t12:24:20.000z runner image: ubuntu-latest 2026-04-01t12:24:20.000z language: python 2026-04-01t12:24:20.000z error: module not found: cannot resolve,Dependency Error,build,high,Missing package or unresolved module dependency,214.0
"2026-04-08T16:22:27.000Z ##[group]Run CI for spring-projects/spring-boot
2026-04-08T16:22:27.000Z Runner image: macos-latest
2026-04-08T16:22:27.000Z Language: rust
2026-04-08T16:22:27.000Z validating .github/workflows/ci.yml
2026-04-08T16:22:27.000Z workflow syntax error: Unexpected value 'stepz'
2026-04-08T16:22:27.000Z ##[error]Invalid workflow configuration",2026-04-08t16:22:27.000z group run ci for spring-projects/spring-boot 2026-04-08t16:22:27.000z runner image: macos-latest 2026-04-08t16:22:27.000z language: rust 2026-04-08t16:22:27.000z validating .github/workflows/ci.yml 2026-04-08t16:22:27.000z workflow syntax error:,Configuration Error,build,high,Invalid workflow configuration or environment variable,
"2026-04-02T04:52:20.000Z ##[group]Run CI for pytorch/pytorch
2026-04-02T04:52:20.000Z Runner image: macos-latest
2026-04-02T04:52:20.000Z Language: go
2026-04-02T04:52:20.000Z make build-ci -j4
2026-04-02T04:52:20.000Z gcc: fatal error: cannot execute 'cc1plus': No such file or directory
2026-04-02T04:52:20.000Z ##[error]Build failed with exit code 2",2026-04-02t04:52:20.000z group run ci for pytorch/pytorch 2026-04-02t04:52:20.000z runner image: macos-latest 2026-04-02t04:52:20.000z language: go 2026-04-02t04:52:20.000z make build-ci -j4 2026-04-02t04:52:20.000z gcc: fatal,Build Failure,build,high,Compilation or packaging process failed,226.0
"2026-04-01T10:36:19.000Z ##[group]Run CI for microsoft/vscode
2026-04-01T10:36:19.000Z Runner image: macos-latest
2026-04-01T10:36:19.000Z Language: python
2026-04-01T10:36:19.000Z pytest -m integration --maxfail=1
2026-04-01T10:36:19.000Z Error: Process timed out after 30 minutes
2026-04-01T10:36:19.000Z ##[error]The operation was canceled",2026-04-01t10:36:19.000z group run ci for microsoft/vscode 2026-04-01t10:36:19.000z runner image: macos-latest 2026-04-01t10:36:19.000z language: python 2026-04-01t10:36:19.000z pytest -m integration --maxfail 1 2026-04-01t10:36:19.000z,Timeout Error,test,medium,Long-running step exceeded CI timeout threshold,236.0
2026-04-03T00:03:34.8952194Z HEAD is now at b9c4ef3 [rust-compiler] Fix last 2 e2e failures: PipelineError events and codegen loc index 2026-04-03T00:04:13.1646868Z PASS packages/react-dom/src/__tests__/ReactErrorBoundaries-test.internal.js (16.789 s) 2026-04-03T00:04:14.8151319Z PASS packages/react-dom/src/__tests__/ReactLegacyErrorBoundaries-test.internal.js 2026-04-03T00:04:44.4131973Z PASS packages/react-reconciler/src/__tests__/ReactErrorStacks-test.js 2026-04-03T00:03:35.7759664Z HEAD is now at b9c4ef3 [rust-compiler] Fix last 2 e2e failures: PipelineError events and codegen loc index,tz head is now at,Test Failure,test,medium,Assertion or test case failure,17.0
"2026-04-01T20:06:30.000Z ##[group]Run CI for tensorflow/tensorflow
2026-04-01T20:06:30.000Z Runner image: ubuntu-latest
2026-04-01T20:06:30.000Z Language: rust
2026-04-01T20:06:30.000Z Starting module cache
2026-04-01T20:06:30.000Z Traceback (most recent call last): ValueError: invalid state transition in cache
2026-04-01T20:06:30.000Z ##[error]Runtime exception in test process",2026-04-01t20:06:30.000z group run ci for tensorflow/tensorflow 2026-04-01t20:06:30.000z runner image: ubuntu-latest 2026-04-01t20:06:30.000z language: rust 2026-04-01t20:06:30.000z starting module cache 2026-04-01t20:06:30.000z traceback most,Runtime Error,test,medium,Unhandled exception during job execution,243.0
"2026-04-15T13:16:40.000Z ##[group]Run CI for spring-projects/spring-boot
2026-04-15T13:16:40.000Z Runner image: windows-latest
2026-04-15T13:16:40.000Z Language: rust
2026-04-15T13:16:40.000Z aws secretsmanager get-secret-value --secret-id docker-token
2026-04-15T13:16:40.000Z AccessDeniedException: User is not authorized to perform secretsmanager:GetSecretValue
2026-04-15T13:16:40.000Z ##[error]permission denied while accessing deployment secret",2026-04-15t13:16:40.000z group run ci for spring-projects/spring-boot 2026-04-15t13:16:40.000z runner image: windows-latest 2026-04-15t13:16:40.000z language: rust 2026-04-15t13:16:40.000z aws secretsmanager get-secret-value --secret-id docker-token 2026-04-15t13:16:40.000z,Permission Error,deploy,high,"Token, role, or filesystem permission denied",
"2026-04-08T05:58:34.000Z ##[group]Run CI for microsoft/vscode
2026-04-08T05:58:34.000Z Runner image: macos-latest
2026-04-08T05:58:34.000Z Language: python
2026-04-08T05:58:34.000Z FAIL packages/react-dom/src/__tests__/hydration.test.js
2026-04-08T05:58:34.000Z AssertionError: expected 3 but received 18
2026-04-08T05:58:34.000Z ##[error]Test suite failed with exit code 1",2026-04-08t05:58:34.000z group run ci for microsoft/vscode 2026-04-08t05:58:34.000z runner image: macos-latest 2026-04-08t05:58:34.000z language: python 2026-04-08t05:58:34.000z fail packages/react-dom/src/__tests__/hydration.test.js 2026-04-08t05:58:34.000z assertionerror: expected 3,Test Failure,test,medium,Assertion mismatch in CI test suite,
"2026-04-09T20:26:42.1152634Z PASS packages/react-reconciler/src/__tests__/ReactFlushSyncNoAggregateError-test.js 2026-04-09T20:26:43.0602416Z PASS scripts/error-codes/__tests__/transform-error-messages.js 2026-04-09T20:26:53.1142924Z A worker process has failed to exit gracefully and has been force exited. This is likely caused by tests leaking due to improper teardown. Try running with --detectOpenHandles to find leaks. Active timers can also cause this, ensure that .unref() was called on them. 2026-04-09T20:26:38.9289331Z PASS packages/react-reconciler/src/__tests__/ReactIncrementalErrorLogging-test.js 2026-04-09T20:26:36.2795317Z PASS packages/react-dom/src/__tests__/ReactDOMConsoleErrorReportingLegacy-test.js",tz pass packagesreactreconcilersrctestsreactflushsyncnoaggregateerrortestjs tz pass,Test Failure,test,medium,Assertion or test case failure,83.0
"2026-04-04T18:22:13.000Z ##[group]Run CI for angular/angular
2026-04-04T18:22:13.000Z Runner image: windows-latest
2026-04-04T18:22:13.000Z Language: python
2026-04-04T18:22:13.000Z FAIL packages/react-dom/src/__tests__/hydration.test.js
2026-04-04T18:22:13.000Z AssertionError: expected 9 but received 20
2026-04-04T18:22:13.000Z ##[error]Test suite failed with exit code 1",2026-04-04t18:22:13.000z group run ci for angular/angular 2026-04-04t18:22:13.000z runner image: windows-latest 2026-04-04t18:22:13.000z language: python 2026-04-04t18:22:13.000z fail packages/react-dom/src/__tests__/hydration.test.js 2026-04-04t18:22:13.000z assertionerror: expected 9,Test Failure,test,medium,Assertion mismatch in CI test suite,
"2026-04-01T14:51:49.000Z ##[group]Run CI for facebook/react
2026-04-01T14:51:49.000Z Runner image: macos-latest
2026-04-01T14:51:49.000Z Language: go
2026-04-01T14:51:49.000Z src/worker/handler.py:320: SyntaxError: unexpected token '=>'
2026-04-01T14:51:49.000Z pylint: E0001 syntax-error
2026-04-01T14:51:49.000Z ##[error]Build stopped due to syntax error",2026-04-01t14:51:49.000z group run ci for facebook/react 2026-04-01t14:51:49.000z runner image: macos-latest 2026-04-01t14:51:49.000z language: go 2026-04-01t14:51:49.000z src/worker/handler.py:320: syntaxerror: unexpected token 2026-04-01t14:51:49.000z pylint:,Syntax Error,build,high,Invalid code syntax detected by compiler or linter,261.0
"2026-04-01T15:57:19.000Z ##[group]Run CI for django/django
2026-04-01T15:57:19.000Z Runner image: ubuntu-latest
2026-04-01T15:57:19.000Z Language: go
2026-04-01T15:57:19.000Z Pulling cache layer from registry
2026-04-01T15:57:19.000Z error: failed to solve: no space left on device
2026-04-01T15:57:19.000Z ##[error]Runner disk pressure caused job failure",2026-04-01t15:57:19.000z group run ci for django/django 2026-04-01t15:57:19.000z runner image: ubuntu-latest 2026-04-01t15:57:19.000z language: go 2026-04-01t15:57:19.000z pulling cache layer from registry 2026-04-01t15:57:19.000z,Infrastructure Error,build,high,Runner or external service instability,230.0
"2026-04-15T16:08:00.000Z ##[group]Run CI for spring-projects/spring-boot
2026-04-15T16:08:00.000Z Runner image: windows-latest
2026-04-15T16:08:00.000Z Language: python
2026-04-15T16:08:00.000Z make build-ci -j4
2026-04-15T16:08:00.000Z gcc: fatal error: cannot execute 'cc1plus': No such file or directory
2026-04-15T16:08:00.000Z ##[error]Build failed with exit code 2",2026-04-15t16:08:00.000z group run ci for spring-projects/spring-boot 2026-04-15t16:08:00.000z runner image: windows-latest 2026-04-15t16:08:00.000z language: python 2026-04-15t16:08:00.000z make build-ci -j4 2026-04-15t16:08:00.000z gcc: fatal,Build Failure,build,high,Compilation or packaging process failed,
"2026-04-02T08:44:26.000Z ##[group]Run CI for django/django
2026-04-02T08:44:26.000Z Runner image: macos-latest
2026-04-02T08:44:26.000Z Language: java
2026-04-02T08:44:26.000Z Starting module cache
2026-04-02T08:44:26.000Z Traceback (most recent call last): ValueError: invalid state transition in cache
2026-04-02T08:44:26.000Z ##[error]Runtime exception in test process",2026-04-02t08:44:26.000z group run ci for django/django 2026-04-02t08:44:26.000z runner image: macos-latest 2026-04-02t08:44:26.000z language: java 2026-04-02t08:44:26.000z starting module cache 2026-04-02t08:44:26.000z traceback most,Runtime Error,test,medium,Unhandled exception during job execution,234.0
"2026-04-01T21:24:47.000Z ##[group]Run CI for microsoft/vscode
2026-04-01T21:24:47.000Z Runner image: ubuntu-latest
2026-04-01T21:24:47.000Z Language: go
2026-04-01T21:24:47.000Z helm upgrade --install api ./charts/api
2026-04-01T21:24:47.000Z Error: UPGRADE FAILED: timed out waiting for the condition
2026-04-01T21:24:47.000Z ##[error]Deployment failed in production stage",2026-04-01t21:24:47.000z group run ci for microsoft/vscode 2026-04-01t21:24:47.000z runner image: ubuntu-latest 2026-04-01t21:24:47.000z language: go 2026-04-01t21:24:47.000z helm upgrade --install api ./charts/api 2026-04-01t21:24:47.000z,Deployment Error,deploy,high,Release or deployment command failed,239.0
"2026-04-01T14:56:53.000Z ##[group]Run CI for nodejs/node
2026-04-01T14:56:53.000Z Runner image: windows-latest
2026-04-01T14:56:53.000Z Language: go
2026-04-01T14:56:53.000Z pytest -m integration --maxfail=1
2026-04-01T14:56:53.000Z Error: Process timed out after 30 minutes
2026-04-01T14:56:53.000Z ##[error]The operation was canceled",2026-04-01t14:56:53.000z group run ci for nodejs/node 2026-04-01t14:56:53.000z runner image: windows-latest 2026-04-01t14:56:53.000z language: go 2026-04-01t14:56:53.000z pytest -m integration --maxfail 1 2026-04-01t14:56:53.000z,Timeout Error,test,medium,Long-running step exceeded CI timeout threshold,229.0
"2026-04-12T06:42:14.000Z ##[group]Run CI for pytorch/pytorch
2026-04-12T06:42:14.000Z Runner image: ubuntu-latest
2026-04-12T06:42:14.000Z Language: go
2026-04-12T06:42:14.000Z Pulling cache layer from registry
2026-04-12T06:42:14.000Z error: failed to solve: no space left on device
2026-04-12T06:42:14.000Z ##[error]Runner disk pressure caused job failure",2026-04-12t06:42:14.000z group run ci for pytorch/pytorch 2026-04-12t06:42:14.000z runner image: ubuntu-latest 2026-04-12t06:42:14.000z language: go 2026-04-12t06:42:14.000z pulling cache layer from registry 2026-04-12t06:42:14.000z,Infrastructure Error,build,high,Runner or external service instability,
"2026-04-04T19:41:54.000Z ##[group]Run CI for facebook/react
2026-04-04T19:41:54.000Z Runner image: ubuntu-latest
2026-04-04T19:41:54.000Z Language: go
2026-04-04T19:41:54.000Z src/compiler/handler.py:204: SyntaxError: unexpected token ')'
2026-04-04T19:41:54.000Z pylint: E0001 syntax-error
2026-04-04T19:41:54.000Z ##[error]Build stopped due to syntax error",2026-04-04t19:41:54.000z group run ci for facebook/react 2026-04-04t19:41:54.000z runner image: ubuntu-latest 2026-04-04t19:41:54.000z language: go 2026-04-04t19:41:54.000z src/compiler/handler.py:204: syntaxerror: unexpected token 2026-04-04t19:41:54.000z pylint:,Syntax Error,build,high,Invalid code syntax detected by compiler or linter,
"2026-04-15T23:00:40.000Z ##[group]Run CI for microsoft/vscode
2026-04-15T23:00:40.000Z Runner image: ubuntu-latest
2026-04-15T23:00:40.000Z Language: python
2026-04-15T23:00:40.000Z Pulling cache layer from registry
2026-04-15T23:00:40.000Z error: failed to solve: no space left on device
2026-04-15T23:00:40.000Z ##[error]Runner disk pressure caused job failure",2026-04-15t23:00:40.000z group run ci for microsoft/vscode 2026-04-15t23:00:40.000z runner image: ubuntu-latest 2026-04-15t23:00:40.000z language: python 2026-04-15t23:00:40.000z pulling cache layer from registry 2026-04-15t23:00:40.000z,Infrastructure Error,build,high,Runner or external service instability,
"2026-04-12T01:03:29.000Z ##[group]Run CI for angular/angular
2026-04-12T01:03:29.000Z Runner image: ubuntu-latest
2026-04-12T01:03:29.000Z Language: node
2026-04-12T01:03:29.000Z aws secretsmanager get-secret-value --secret-id docker-token
2026-04-12T01:03:29.000Z AccessDeniedException: User is not authorized to perform secretsmanager:GetSecretValue
2026-04-12T01:03:29.000Z ##[error]permission denied while accessing deployment secret",2026-04-12t01:03:29.000z group run ci for angular/angular 2026-04-12t01:03:29.000z runner image: ubuntu-latest 2026-04-12t01:03:29.000z language: node 2026-04-12t01:03:29.000z aws secretsmanager get-secret-value --secret-id docker-token 2026-04-12t01:03:29.000z,Permission Error,deploy,high,"Token, role, or filesystem permission denied",
"2026-03-28T15:49:10.8364747Z ##[error]Process completed with exit code 1. 2026-03-28T15:49:00.2365766Z   CALLBACK_PAYLOAD: {""callback_payload"":{""pull_request"":{""type"":"""",""id"":3460878843,""number"":36163,""title"":""fix: potential null dereference in react compiler configuration (#32571)"",""body"":""Fixes #32571\n\n\u003c!--\n  Thanks for submitting a pull request!\n  We appreciate you spending the time to work on these changes. Please provide enough information so that others can review your pull request. The three fields below are mandatory.\n\n  Before submitting a pull request, please make sure the following is done:\n\n  1. Fork [the repository](https://github.com/facebook/react) and create your branch from `main`.\n  2. Run `yarn` in the repository root.\n  3. If you've fixed a bug or added code that should be tested, add tests!\n  4. Ensure the test suite passes (`yarn test`). Tip: `yarn test --watch TestName` is helpful in development.\n  5. Run `yarn test --prod` to test in the production environment. It supports the same options as `yarn test`.\n  6. If you need a debugger, run `yarn test --debug --watch TestName`, open `chrome://inspect`, and press \""Inspect\"".\n  7. Format your code with [prettier](https://github.com/prettier/prettier) (`yarn prettier`).\n  8. Make sure your code lints (`yarn lint`). Tip: `yarn linc` to only check changed files.\n  9. Run the [Flow](https://flowtype.org/) type checks (`yarn flow`).\n  10. If you haven't already, complete the CLA.\n\n  Learn more about contributing: https://reactjs.org/docs/how-to-contribute.html\n--\u003e\n\n## Summary\n\nFix potential null dereference in React Compiler configuration by adding a null check for the plugins array.\n\nThe babel.config-react-compiler.js file contains a hack comment about Zod spreading values in React Compiler's build artifact. If the baseConfig.plugins array is null or undefined, the assignment `plugins: baseConfig.plugins` will cause a runtime TypeError when the compiler tries to process the configuration. This could crash the build process or cause incorrect transpilation.\n\n## How did you test this change?\n\n- Modified the babel.config-react-compiler.js file to add a null check before assigning plugins\n- Verified the change prevents TypeError when baseConfig.plugins is null or undefined\n- Confirmed the build process continues to work correctly with valid plugin arrays\n\n```"",""url"":"""",""repository"":{""id"":10270250,""name"":""react"",""organizationID"":69631,""ownerID"":69631,""ownerLogin"":""facebook"",""refInfo"":{""name"":"""",""type"":""""},""visibility"":""public""},""headRevision"":""1d57229123c9337ca38401598f85aea4b2381768"",""headFileContents"":null,""baseFileContents"":null},""user_info"":{""user_id"":50132805,""tracking_id"":""f82ce48c210e61eaf579216ba995de32"",""token_info"":{},""integration_id"":""***"",""opt_in_preview_enabled"":true,""access_type"":""FREE_EDUCATIONAL_QUOTA""},""job_id"":""240445ec-9de9-43c2-bb7a-1958d704e0b4"",""event"":""detection_complete"",""request_id"":""09E6:2129D2:17713C:1DE8B5:69C7F804"",""interaction_id"":""161d77b5-c6c0-4cf7-83f0-debdaf2bf1e8"",""interaction_type"":""code_review"",""initiator"":""agent"",""review_request_id"":""2924971077"",""custom_instruction_metadata"":{},""experimentation_assignment_context"":""copilot_t_ci:31333650;gh_ccr_aa_c1:31384862;test_treatment2:31471001;"",""nonce"":""***""}} 2026-03-28T15:49:02.1228265Z [36;1m  echo ""grouping-run failed (non-blocking)""[0m 2026-03-28T15:49:03.7141509Z [36;1m  echo ""dedup-run failed (non-blocking)""; exit 0;[0m 2026-03-28T15:47:33.6086787Z [36;1m""${RUNNER_TEMP}""/ccrcli callback --capi -j workflow_started_payload.json --endpoint-url ""$CAPI_URL"" || echo ""Warning: failed to signal workflow started""[0m",tz errorprocess completed with exit,Test Failure,test,medium,Assertion or test case failure,35.0
"2026-04-02T13:20:34.000Z ##[group]Run CI for django/django
2026-04-02T13:20:34.000Z Runner image: macos-latest
2026-04-02T13:20:34.000Z Language: rust
2026-04-02T13:20:34.000Z helm upgrade --install api ./charts/api
2026-04-02T13:20:34.000Z Error: UPGRADE FAILED: timed out waiting for the condition
2026-04-02T13:20:34.000Z ##[error]Deployment failed in production stage",2026-04-02t13:20:34.000z group run ci for django/django 2026-04-02t13:20:34.000z runner image: macos-latest 2026-04-02t13:20:34.000z language: rust 2026-04-02t13:20:34.000z helm upgrade --install api ./charts/api 2026-04-02t13:20:34.000z,Deployment Error,deploy,high,Release or deployment command failed,237.0
"2026-04-01T11:36:04.000Z ##[group]Run CI for facebook/react
2026-04-01T11:36:04.000Z Runner image: windows-latest
2026-04-01T11:36:04.000Z Language: rust
2026-04-01T11:36:04.000Z ERROR: Module not found: Cannot resolve 'spring-core'
2026-04-01T11:36:04.000Z npm ERR! code E404
2026-04-01T11:36:04.000Z ##[error]Dependency installation failed",2026-04-01t11:36:04.000z group run ci for facebook/react 2026-04-01t11:36:04.000z runner image: windows-latest 2026-04-01t11:36:04.000z language: rust 2026-04-01t11:36:04.000z error: module not found: cannot resolve,Dependency Error,build,high,Missing package or unresolved module dependency,215.0
"2026-04-01T07:38:00.000Z ##[group]Run CI for microsoft/vscode
2026-04-01T07:38:00.000Z Runner image: windows-latest
2026-04-01T07:38:00.000Z Language: java
2026-04-01T07:38:00.000Z FAIL internal/runtime/retry_test.go
2026-04-01T07:38:00.000Z AssertionError: expected 10 but received 20
2026-04-01T07:38:00.000Z ##[error]Test suite failed with exit code 1",2026-04-01t07:38:00.000z group run ci for microsoft/vscode 2026-04-01t07:38:00.000z runner image: windows-latest 2026-04-01t07:38:00.000z language: java 2026-04-01t07:38:00.000z fail internal/runtime/retry_test.go 2026-04-01t07:38:00.000z assertionerror: expected 10,Test Failure,test,medium,Assertion mismatch in CI test suite,266.0
"2026-04-01T16:04:30.000Z ##[group]Run CI for spring-projects/spring-boot
2026-04-01T16:04:30.000Z Runner image: macos-latest
2026-04-01T16:04:30.000Z Language: java
2026-04-01T16:04:30.000Z src/compiler/handler.py:243: SyntaxError: unexpected token '=>'
2026-04-01T16:04:30.000Z pylint: E0001 syntax-error
2026-04-01T16:04:30.000Z ##[error]Build stopped due to syntax error",2026-04-01t16:04:30.000z group run ci for spring-projects/spring-boot 2026-04-01t16:04:30.000z runner image: macos-latest 2026-04-01t16:04:30.000z language: java 2026-04-01t16:04:30.000z src/compiler/handler.py:243: syntaxerror: unexpected token 2026-04-01t16:04:30.000z pylint:,Syntax Error,build,high,Invalid code syntax detected by compiler or linter,278.0
"2026-04-01T10:21:22.000Z ##[group]Run CI for django/django
2026-04-01T10:21:22.000Z Runner image: windows-latest
2026-04-01T10:21:22.000Z Language: node
2026-04-01T10:21:22.000Z pytest -m integration --maxfail=1
2026-04-01T10:21:22.000Z Error: Process timed out after 30 minutes
2026-04-01T10:21:22.000Z ##[error]The operation was canceled",2026-04-01t10:21:22.000z group run ci for django/django 2026-04-01t10:21:22.000z runner image: windows-latest 2026-04-01t10:21:22.000z language: node 2026-04-01t10:21:22.000z pytest -m integration --maxfail 1 2026-04-01t10:21:22.000z,Timeout Error,test,medium,Long-running step exceeded CI timeout threshold,233.0
"2026-04-02T05:36:15.000Z ##[group]Run CI for django/django
2026-04-02T05:36:15.000Z Runner image: macos-latest
2026-04-02T05:36:15.000Z Language: go
2026-04-02T05:36:15.000Z helm upgrade --install api ./charts/api
2026-04-02T05:36:15.000Z Error: UPGRADE FAILED: timed out waiting for the condition
2026-04-02T05:36:15.000Z ##[error]Deployment failed in production stage",2026-04-02t05:36:15.000z group run ci for django/django 2026-04-02t05:36:15.000z runner image: macos-latest 2026-04-02t05:36:15.000z language: go 2026-04-02t05:36:15.000z helm upgrade --install api ./charts/api 2026-04-02t05:36:15.000z,Deployment Error,deploy,high,Release or deployment command failed,235.0
"2026-04-01T13:30:59.000Z ##[group]Run CI for vercel/next.js
2026-04-01T13:30:59.000Z Runner image: windows-latest
2026-04-01T13:30:59.000Z Language: node
2026-04-01T13:30:59.000Z Starting module scheduler
2026-04-01T13:30:59.000Z Traceback (most recent call last): ValueError: invalid state transition in scheduler
2026-04-01T13:30:59.000Z ##[error]Runtime exception in test process",2026-04-01t13:30:59.000z group run ci for vercel/next.js 2026-04-01t13:30:59.000z runner image: windows-latest 2026-04-01t13:30:59.000z language: node 2026-04-01t13:30:59.000z starting module scheduler 2026-04-01t13:30:59.000z traceback most,Runtime Error,test,medium,Unhandled exception during job execution,241.0
"2026-04-01T15:03:33.000Z ##[group]Run CI for nodejs/node
2026-04-01T15:03:33.000Z Runner image: ubuntu-latest
2026-04-01T15:03:33.000Z Language: node
2026-04-01T15:03:33.000Z src/worker/handler.py:149: SyntaxError: unexpected token ')'
2026-04-01T15:03:33.000Z pylint: E0001 syntax-error
2026-04-01T15:03:33.000Z ##[error]Build stopped due to syntax error",2026-04-01t15:03:33.000z group run ci for nodejs/node 2026-04-01t15:03:33.000z runner image: ubuntu-latest 2026-04-01t15:03:33.000z language: node 2026-04-01t15:03:33.000z src/worker/handler.py:149: syntaxerror: unexpected token 2026-04-01t15:03:33.000z pylint:,Syntax Error,build,high,Invalid code syntax detected by compiler or linter,261.0
"2026-04-01T22:58:35.000Z ##[group]Run CI for django/django
2026-04-01T22:58:35.000Z Runner image: windows-latest
2026-04-01T22:58:35.000Z Language: node
2026-04-01T22:58:35.000Z helm upgrade --install api ./charts/api
2026-04-01T22:58:35.000Z Error: UPGRADE FAILED: timed out waiting for the condition
2026-04-01T22:58:35.000Z ##[error]Deployment failed in production stage",2026-04-01t22:58:35.000z group run ci for django/django 2026-04-01t22:58:35.000z runner image: windows-latest 2026-04-01t22:58:35.000z language: node 2026-04-01t22:58:35.000z helm upgrade --install api ./charts/api 2026-04-01t22:58:35.000z,Deployment Error,deploy,high,Release or deployment command failed,239.0
"2026-04-15T06:08:26.000Z ##[group]Run CI for tensorflow/tensorflow
2026-04-15T06:08:26.000Z Runner image: ubuntu-latest
2026-04-15T06:08:26.000Z Language: go
2026-04-15T06:08:26.000Z FAIL internal/runtime/retry_test.go
2026-04-15T06:08:26.000Z AssertionError: expected 1 but received 12
2026-04-15T06:08:26.000Z ##[error]Test suite failed with exit code 1",2026-04-15t06:08:26.000z group run ci for tensorflow/tensorflow 2026-04-15t06:08:26.000z runner image: ubuntu-latest 2026-04-15t06:08:26.000z language: go 2026-04-15t06:08:26.000z fail internal/runtime/retry_test.go 2026-04-15t06:08:26.000z assertionerror: expected 1,Test Failure,test,medium,Assertion mismatch in CI test suite,
"2026-04-01T18:54:14.000Z ##[group]Run CI for tensorflow/tensorflow
2026-04-01T18:54:14.000Z Runner image: macos-latest
2026-04-01T18:54:14.000Z Language: java
2026-04-01T18:54:14.000Z make build-ci -j4
2026-04-01T18:54:14.000Z gcc: fatal error: cannot execute 'cc1plus': No such file or directory
2026-04-01T18:54:14.000Z ##[error]Build failed with exit code 2",2026-04-01t18:54:14.000z group run ci for tensorflow/tensorflow 2026-04-01t18:54:14.000z runner image: macos-latest 2026-04-01t18:54:14.000z language: java 2026-04-01t18:54:14.000z make build-ci -j4 2026-04-01t18:54:14.000z gcc: fatal,Build Failure,build,high,Compilation or packaging process failed,234.0
"2026-04-15T15:32:53.000Z ##[group]Run CI for facebook/react
2026-04-15T15:32:53.000Z Runner image: macos-latest
2026-04-15T15:32:53.000Z Language: python
2026-04-15T15:32:53.000Z make build-ci -j4
2026-04-15T15:32:53.000Z gcc: fatal error: cannot execute 'cc1plus': No such file or directory
2026-04-15T15:32:53.000Z ##[error]Build failed with exit code 2",2026-04-15t15:32:53.000z group run ci for facebook/react 2026-04-15t15:32:53.000z runner image: macos-latest 2026-04-15t15:32:53.000z language: python 2026-04-15t15:32:53.000z make build-ci -j4 2026-04-15t15:32:53.000z gcc: fatal,Build Failure,build,high,Compilation or packaging process failed,
"2026-04-02T11:57:28.000Z ##[group]Run CI for pytorch/pytorch
2026-04-02T11:57:28.000Z Runner image: ubuntu-latest
2026-04-02T11:57:28.000Z Language: node
2026-04-02T11:57:28.000Z validating .github/workflows/ci.yml
2026-04-02T11:57:28.000Z workflow syntax error: Unexpected value 'stepz'
2026-04-02T11:57:28.000Z ##[error]Invalid workflow configuration",2026-04-02t11:57:28.000z group run ci for pytorch/pytorch 2026-04-02t11:57:28.000z runner image: ubuntu-latest 2026-04-02t11:57:28.000z language: node 2026-04-02t11:57:28.000z validating .github/workflows/ci.yml 2026-04-02t11:57:28.000z workflow syntax error:,Configuration Error,build,high,Invalid workflow configuration or environment variable,259.0
"2026-04-01T18:39:51.000Z ##[group]Run CI for apache/spark
2026-04-01T18:39:51.000Z Runner image: ubuntu-latest
2026-04-01T18:39:51.000Z Language: rust
2026-04-01T18:39:51.000Z pytest -m integration --maxfail=1
2026-04-01T18:39:51.000Z Error: Process timed out after 30 minutes
2026-04-01T18:39:51.000Z ##[error]The operation was canceled",2026-04-01t18:39:51.000z group run ci for apache/spark 2026-04-01t18:39:51.000z runner image: ubuntu-latest 2026-04-01t18:39:51.000z language: rust 2026-04-01t18:39:51.000z pytest -m integration --maxfail 1 2026-04-01t18:39:51.000z,Timeout Error,test,medium,Long-running step exceeded CI timeout threshold,231.0
"2026-04-12T05:30:45.000Z ##[group]Run CI for nodejs/node
2026-04-12T05:30:45.000Z Runner image: ubuntu-latest
2026-04-12T05:30:45.000Z Language: go
2026-04-12T05:30:45.000Z helm upgrade --install api ./charts/api
2026-04-12T05:30:45.000Z Error: UPGRADE FAILED: timed out waiting for the condition
2026-04-12T05:30:45.000Z ##[error]Deployment failed in production stage",2026-04-12t05:30:45.000z group run ci for nodejs/node 2026-04-12t05:30:45.000z runner image: ubuntu-latest 2026-04-12t05:30:45.000z language: go 2026-04-12t05:30:45.000z helm upgrade --install api ./charts/api 2026-04-12t05:30:45.000z,Deployment Error,deploy,high,Release or deployment command failed,
"2026-04-02T10:57:29.000Z ##[group]Run CI for facebook/react
2026-04-02T10:57:29.000Z Runner image: ubuntu-latest
2026-04-02T10:57:29.000Z Language: rust
2026-04-02T10:57:29.000Z validating .github/workflows/ci.yml
2026-04-02T10:57:29.000Z workflow syntax error: Unexpected value 'stepz'
2026-04-02T10:57:29.000Z ##[error]Invalid workflow configuration",2026-04-02t10:57:29.000z group run ci for facebook/react 2026-04-02t10:57:29.000z runner image: ubuntu-latest 2026-04-02t10:57:29.000z language: rust 2026-04-02t10:57:29.000z validating .github/workflows/ci.yml 2026-04-02t10:57:29.000z workflow syntax error:,Configuration Error,build,high,Invalid workflow configuration or environment variable,258.0
"2026-04-12T00:48:57.000Z ##[group]Run CI for tensorflow/tensorflow
2026-04-12T00:48:57.000Z Runner image: windows-latest
2026-04-12T00:48:57.000Z Language: node
2026-04-12T00:48:57.000Z aws secretsmanager get-secret-value --secret-id docker-token
2026-04-12T00:48:57.000Z AccessDeniedException: User is not authorized to perform secretsmanager:GetSecretValue
2026-04-12T00:48:57.000Z ##[error]permission denied while accessing deployment secret",2026-04-12t00:48:57.000z group run ci for tensorflow/tensorflow 2026-04-12t00:48:57.000z runner image: windows-latest 2026-04-12t00:48:57.000z language: node 2026-04-12t00:48:57.000z aws secretsmanager get-secret-value --secret-id docker-token 2026-04-12t00:48:57.000z,Permission Error,deploy,high,"Token, role, or filesystem permission denied",
"2026-04-01T11:48:26.000Z ##[group]Run CI for spring-projects/spring-boot
2026-04-01T11:48:26.000Z Runner image: windows-latest
2026-04-01T11:48:26.000Z Language: python
2026-04-01T11:48:26.000Z src/cache/handler.py:89: SyntaxError: unexpected token '='
2026-04-01T11:48:26.000Z pylint: E0001 syntax-error
2026-04-01T11:48:26.000Z ##[error]Build stopped due to syntax error",2026-04-01t11:48:26.000z group run ci for spring-projects/spring-boot 2026-04-01t11:48:26.000z runner image: windows-latest 2026-04-01t11:48:26.000z language: python 2026-04-01t11:48:26.000z src/cache/handler.py:89: syntaxerror: unexpected token 2026-04-01t11:48:26.000z pylint:,Syntax Error,build,high,Invalid code syntax detected by compiler or linter,278.0
"2026-04-01T12:54:16.000Z ##[group]Run CI for microsoft/vscode
2026-04-01T12:54:16.000Z Runner image: windows-latest
2026-04-01T12:54:16.000Z Language: java
2026-04-01T12:54:16.000Z make build-ci -j4
2026-04-01T12:54:16.000Z gcc: fatal error: cannot execute 'cc1plus': No such file or directory
2026-04-01T12:54:16.000Z ##[error]Build failed with exit code 2",2026-04-01t12:54:16.000z group run ci for microsoft/vscode 2026-04-01t12:54:16.000z runner image: windows-latest 2026-04-01t12:54:16.000z language: java 2026-04-01t12:54:16.000z make build-ci -j4 2026-04-01t12:54:16.000z gcc: fatal,Build Failure,build,high,Compilation or packaging process failed,231.0
"2026-04-04T22:37:19.000Z ##[group]Run CI for pytorch/pytorch
2026-04-04T22:37:19.000Z Runner image: windows-latest
2026-04-04T22:37:19.000Z Language: go
2026-04-04T22:37:19.000Z helm upgrade --install api ./charts/api
2026-04-04T22:37:19.000Z Error: UPGRADE FAILED: timed out waiting for the condition
2026-04-04T22:37:19.000Z ##[error]Deployment failed in production stage",2026-04-04t22:37:19.000z group run ci for pytorch/pytorch 2026-04-04t22:37:19.000z runner image: windows-latest 2026-04-04t22:37:19.000z language: go 2026-04-04t22:37:19.000z helm upgrade --install api ./charts/api 2026-04-04t22:37:19.000z,Deployment Error,deploy,high,Release or deployment command failed,
"2026-04-08T10:58:05.000Z ##[group]Run CI for django/django
2026-04-08T10:58:05.000Z Runner image: macos-latest
2026-04-08T10:58:05.000Z Language: node
2026-04-08T10:58:05.000Z aws secretsmanager get-secret-value --secret-id docker-token
2026-04-08T10:58:05.000Z AccessDeniedException: User is not authorized to perform secretsmanager:GetSecretValue
2026-04-08T10:58:05.000Z ##[error]permission denied while accessing deployment secret",2026-04-08t10:58:05.000z group run ci for django/django 2026-04-08t10:58:05.000z runner image: macos-latest 2026-04-08t10:58:05.000z language: node 2026-04-08t10:58:05.000z aws secretsmanager get-secret-value --secret-id docker-token 2026-04-08t10:58:05.000z,Permission Error,deploy,high,"Token, role, or filesystem permission denied",
"2026-04-02T11:04:17.000Z ##[group]Run CI for spring-projects/spring-boot
2026-04-02T11:04:17.000Z Runner image: ubuntu-latest
2026-04-02T11:04:17.000Z Language: node
2026-04-02T11:04:17.000Z helm upgrade --install api ./charts/api
2026-04-02T11:04:17.000Z Error: UPGRADE FAILED: timed out waiting for the condition
2026-04-02T11:04:17.000Z ##[error]Deployment failed in production stage",2026-04-02t11:04:17.000z group run ci for spring-projects/spring-boot 2026-04-02t11:04:17.000z runner image: ubuntu-latest 2026-04-02t11:04:17.000z language: node 2026-04-02t11:04:17.000z helm upgrade --install api ./charts/api 2026-04-02t11:04:17.000z,Deployment Error,deploy,high,Release or deployment command failed,252.0
2026-03-30T14:57:42.0732796Z error Command failed with exit code 1. 2026-03-30T14:57:42.0804284Z ##[error]Process completed with exit code 1. 2026-03-30T14:57:22.5411399Z ##[error]  1194:7  error  'styleAttributeStart' is assigned a value but never used  no-unused-vars 2026-03-30T14:57:22.5419254Z ##[error]  1195:7  error  'styleAssign' is assigned a value but never used          no-unused-vars 2026-03-30T14:57:22.5420749Z ##[error]  1196:7  error  'styleSeparator' is assigned a value but never used       no-unused-vars,tz error command failed with,Test Failure,test,medium,Assertion or test case failure,28.0
"2026-04-01T09:02:30.000Z ##[group]Run CI for vercel/next.js
2026-04-01T09:02:30.000Z Runner image: ubuntu-latest
2026-04-01T09:02:30.000Z Language: python
2026-04-01T09:02:30.000Z ERROR: Module not found: Cannot resolve 'spring-core'
2026-04-01T09:02:30.000Z npm ERR! code E404
2026-04-01T09:02:30.000Z ##[error]Dependency installation failed",2026-04-01t09:02:30.000z group run ci for vercel/next.js 2026-04-01t09:02:30.000z runner image: ubuntu-latest 2026-04-01t09:02:30.000z language: python 2026-04-01t09:02:30.000z error: module not found: cannot resolve,Dependency Error,build,high,Missing package or unresolved module dependency,216.0
"2026-04-01T11:54:41.000Z ##[group]Run CI for angular/angular
2026-04-01T11:54:41.000Z Runner image: ubuntu-latest
2026-04-01T11:54:41.000Z Language: python
2026-04-01T11:54:41.000Z aws secretsmanager get-secret-value --secret-id docker-token
2026-04-01T11:54:41.000Z AccessDeniedException: User is not authorized to perform secretsmanager:GetSecretValue
2026-04-01T11:54:41.000Z ##[error]permission denied while accessing deployment secret",2026-04-01t11:54:41.000z group run ci for angular/angular 2026-04-01t11:54:41.000z runner image: ubuntu-latest 2026-04-01t11:54:41.000z language: python 2026-04-01t11:54:41.000z aws secretsmanager get-secret-value --secret-id docker-token 2026-04-01t11:54:41.000z,Permission Error,deploy,high,"Token, role, or filesystem permission denied",263.0
"2026-04-04T22:19:33.000Z ##[group]Run CI for pytorch/pytorch
2026-04-04T22:19:33.000Z Runner image: ubuntu-latest
2026-04-04T22:19:33.000Z Language: python
2026-04-04T22:19:33.000Z helm upgrade --install api ./charts/api
2026-04-04T22:19:33.000Z Error: UPGRADE FAILED: timed out waiting for the condition
2026-04-04T22:19:33.000Z ##[error]Deployment failed in production stage",2026-04-04t22:19:33.000z group run ci for pytorch/pytorch 2026-04-04t22:19:33.000z runner image: ubuntu-latest 2026-04-04t22:19:33.000z language: python 2026-04-04t22:19:33.000z helm upgrade --install api ./charts/api 2026-04-04t22:19:33.000z,Deployment Error,deploy,high,Release or deployment command failed,
"2026-04-08T07:00:32.000Z ##[group]Run CI for angular/angular
2026-04-08T07:00:32.000Z Runner image: macos-latest
2026-04-08T07:00:32.000Z Language: python
2026-04-08T07:00:32.000Z ERROR: Module not found: Cannot resolve 'torch'
2026-04-08T07:00:32.000Z npm ERR! code E404
2026-04-08T07:00:32.000Z ##[error]Dependency installation failed",2026-04-08t07:00:32.000z group run ci for angular/angular 2026-04-08t07:00:32.000z runner image: macos-latest 2026-04-08t07:00:32.000z language: python 2026-04-08t07:00:32.000z error: module not found: cannot resolve,Dependency Error,build,high,Missing package or unresolved module dependency,
"2026-04-01T07:18:53.000Z ##[group]Run CI for spring-projects/spring-boot
2026-04-01T07:18:53.000Z Runner image: ubuntu-latest
2026-04-01T07:18:53.000Z Language: go
2026-04-01T07:18:53.000Z FAIL compiler/src/tests/error_reporting.rs
2026-04-01T07:18:53.000Z AssertionError: expected 6 but received 20
2026-04-01T07:18:53.000Z ##[error]Test suite failed with exit code 1",2026-04-01t07:18:53.000z group run ci for spring-projects/spring-boot 2026-04-01t07:18:53.000z runner image: ubuntu-latest 2026-04-01t07:18:53.000z language: go 2026-04-01t07:18:53.000z fail compiler/src/tests/error_reporting.rs 2026-04-01t07:18:53.000z assertionerror: expected 6,Test Failure,test,medium,Assertion mismatch in CI test suite,280.0
"2026-04-15T08:44:35.000Z ##[group]Run CI for nodejs/node
2026-04-15T08:44:35.000Z Runner image: macos-latest
2026-04-15T08:44:35.000Z Language: rust
2026-04-15T08:44:35.000Z ERROR: Module not found: Cannot resolve 'pytest'
2026-04-15T08:44:35.000Z npm ERR! code E404
2026-04-15T08:44:35.000Z ##[error]Dependency installation failed",2026-04-15t08:44:35.000z group run ci for nodejs/node 2026-04-15t08:44:35.000z runner image: macos-latest 2026-04-15t08:44:35.000z language: rust 2026-04-15t08:44:35.000z error: module not found: cannot resolve,Dependency Error,build,high,Missing package or unresolved module dependency,
"2026-04-12T08:21:15.000Z ##[group]Run CI for pytorch/pytorch
2026-04-12T08:21:15.000Z Runner image: windows-latest
2026-04-12T08:21:15.000Z Language: java
2026-04-12T08:21:15.000Z validating .github/workflows/ci.yml
2026-04-12T08:21:15.000Z workflow syntax error: Unexpected value 'stepz'
2026-04-12T08:21:15.000Z ##[error]Invalid workflow configuration",2026-04-12t08:21:15.000z group run ci for pytorch/pytorch 2026-04-12t08:21:15.000z runner image: windows-latest 2026-04-12t08:21:15.000z language: java 2026-04-12t08:21:15.000z validating .github/workflows/ci.yml 2026-04-12t08:21:15.000z workflow syntax error:,Configuration Error,build,high,Invalid workflow configuration or environment variable,
"2026-04-01T07:30:05.000Z ##[group]Run CI for spring-projects/spring-boot
2026-04-01T07:30:05.000Z Runner image: ubuntu-latest
2026-04-01T07:30:05.000Z Language: python
2026-04-01T07:30:05.000Z FAIL packages/react-dom/src/__tests__/hydration.test.js
2026-04-01T07:30:05.000Z AssertionError: expected 3 but received 17
2026-04-01T07:30:05.000Z ##[error]Test suite failed with exit code 1",2026-04-01t07:30:05.000z group run ci for spring-projects/spring-boot 2026-04-01t07:30:05.000z runner image: ubuntu-latest 2026-04-01t07:30:05.000z language: python 2026-04-01t07:30:05.000z fail packages/react-dom/src/__tests__/hydration.test.js 2026-04-01t07:30:05.000z assertionerror: expected 3,Test Failure,test,medium,Assertion mismatch in CI test suite,297.0
"2026-04-04T22:08:13.000Z ##[group]Run CI for vercel/next.js
2026-04-04T22:08:13.000Z Runner image: windows-latest
2026-04-04T22:08:13.000Z Language: rust
2026-04-04T22:08:13.000Z Starting module auth
2026-04-04T22:08:13.000Z Traceback (most recent call last): ValueError: invalid state transition in auth
2026-04-04T22:08:13.000Z ##[error]Runtime exception in test process",2026-04-04t22:08:13.000z group run ci for vercel/next.js 2026-04-04t22:08:13.000z runner image: windows-latest 2026-04-04t22:08:13.000z language: rust 2026-04-04t22:08:13.000z starting module auth 2026-04-04t22:08:13.000z traceback most,Runtime Error,test,medium,Unhandled exception during job execution,
"2026-04-01T09:10:58.000Z ##[group]Run CI for spring-projects/spring-boot
2026-04-01T09:10:58.000Z Runner image: windows-latest
2026-04-01T09:10:58.000Z Language: python
2026-04-01T09:10:58.000Z ERROR: Module not found: Cannot resolve 'pytest'
2026-04-01T09:10:58.000Z npm ERR! code E404
2026-04-01T09:10:58.000Z ##[error]Dependency installation failed",2026-04-01t09:10:58.000z group run ci for spring-projects/spring-boot 2026-04-01t09:10:58.000z runner image: windows-latest 2026-04-01t09:10:58.000z language: python 2026-04-01t09:10:58.000z error: module not found: cannot resolve,Dependency Error,build,high,Missing package or unresolved module dependency,230.0
"2026-04-01T20:02:03.000Z ##[group]Run CI for apache/spark
2026-04-01T20:02:03.000Z Runner image: windows-latest
2026-04-01T20:02:03.000Z Language: python
2026-04-01T20:02:03.000Z Starting module router
2026-04-01T20:02:03.000Z Traceback (most recent call last): ValueError: invalid state transition in router
2026-04-01T20:02:03.000Z ##[error]Runtime exception in test process",2026-04-01t20:02:03.000z group run ci for apache/spark 2026-04-01t20:02:03.000z runner image: windows-latest 2026-04-01t20:02:03.000z language: python 2026-04-01t20:02:03.000z starting module router 2026-04-01t20:02:03.000z traceback most,Runtime Error,test,medium,Unhandled exception during job execution,238.0
"2026-04-01T23:00:05.000Z ##[group]Run CI for django/django
2026-04-01T23:00:05.000Z Runner image: macos-latest
2026-04-01T23:00:05.000Z Language: java
2026-04-01T23:00:05.000Z pytest -m integration --maxfail=1
2026-04-01T23:00:05.000Z Error: Process timed out after 20 minutes
2026-04-01T23:00:05.000Z ##[error]The operation was canceled",2026-04-01t23:00:05.000z group run ci for django/django 2026-04-01t23:00:05.000z runner image: macos-latest 2026-04-01t23:00:05.000z language: java 2026-04-01t23:00:05.000z pytest -m integration --maxfail 1 2026-04-01t23:00:05.000z,Timeout Error,test,medium,Long-running step exceeded CI timeout threshold,231.0
"2026-04-12T04:48:05.000Z ##[group]Run CI for nodejs/node
2026-04-12T04:48:05.000Z Runner image: macos-latest
2026-04-12T04:48:05.000Z Language: go
2026-04-12T04:48:05.000Z helm upgrade --install api ./charts/api
2026-04-12T04:48:05.000Z Error: UPGRADE FAILED: timed out waiting for the condition
2026-04-12T04:48:05.000Z ##[error]Deployment failed in production stage",2026-04-12t04:48:05.000z group run ci for nodejs/node 2026-04-12t04:48:05.000z runner image: macos-latest 2026-04-12t04:48:05.000z language: go 2026-04-12t04:48:05.000z helm upgrade --install api ./charts/api 2026-04-12t04:48:05.000z,Deployment Error,deploy,high,Release or deployment command failed,
"2026-04-01T13:18:35.000Z ##[group]Run CI for tensorflow/tensorflow
2026-04-01T13:18:35.000Z Runner image: macos-latest
2026-04-01T13:18:35.000Z Language: java
2026-04-01T13:18:35.000Z pytest -m integration --maxfail=1
2026-04-01T13:18:35.000Z Error: Process timed out after 10 minutes
2026-04-01T13:18:35.000Z ##[error]The operation was canceled",2026-04-01t13:18:35.000z group run ci for tensorflow/tensorflow 2026-04-01t13:18:35.000z runner image: macos-latest 2026-04-01t13:18:35.000z language: java 2026-04-01t13:18:35.000z pytest -m integration --maxfail 1 2026-04-01t13:18:35.000z,Timeout Error,test,medium,Long-running step exceeded CI timeout threshold,239.0
"2026-04-01T19:08:04.000Z ##[group]Run CI for django/django
2026-04-01T19:08:04.000Z Runner image: windows-latest
2026-04-01T19:08:04.000Z Language: python
2026-04-01T19:08:04.000Z pytest -m integration --maxfail=1
2026-04-01T19:08:04.000Z Error: Process timed out after 10 minutes
2026-04-01T19:08:04.000Z ##[error]The operation was canceled",2026-04-01t19:08:04.000z group run ci for django/django 2026-04-01t19:08:04.000z runner image: windows-latest 2026-04-01t19:08:04.000z language: python 2026-04-01t19:08:04.000z pytest -m integration --maxfail 1 2026-04-01t19:08:04.000z,Timeout Error,test,medium,Long-running step exceeded CI timeout threshold,235.0
"2026-04-08T16:32:37.000Z ##[group]Run CI for spring-projects/spring-boot
2026-04-08T16:32:37.000Z Runner image: ubuntu-latest
2026-04-08T16:32:37.000Z Language: rust
2026-04-08T16:32:37.000Z validating .github/workflows/ci.yml
2026-04-08T16:32:37.000Z workflow syntax error: Unexpected value 'stepz'
2026-04-08T16:32:37.000Z ##[error]Invalid workflow configuration",2026-04-08t16:32:37.000z group run ci for spring-projects/spring-boot 2026-04-08t16:32:37.000z runner image: ubuntu-latest 2026-04-08t16:32:37.000z language: rust 2026-04-08t16:32:37.000z validating .github/workflows/ci.yml 2026-04-08t16:32:37.000z workflow syntax error:,Configuration Error,build,high,Invalid workflow configuration or environment variable,
"2026-04-01T12:00:30.000Z ##[group]Run CI for django/django
2026-04-01T12:00:30.000Z Runner image: macos-latest
2026-04-01T12:00:30.000Z Language: python
2026-04-01T12:00:30.000Z ERROR: Module not found: Cannot resolve 'react-dom'
2026-04-01T12:00:30.000Z npm ERR! code E404
2026-04-01T12:00:30.000Z ##[error]Dependency installation failed",2026-04-01t12:00:30.000z group run ci for django/django 2026-04-01t12:00:30.000z runner image: macos-latest 2026-04-01t12:00:30.000z language: python 2026-04-01t12:00:30.000z error: module not found: cannot resolve,Dependency Error,build,high,Missing package or unresolved module dependency,214.0
"2026-04-02T11:20:48.000Z ##[group]Run CI for django/django
2026-04-02T11:20:48.000Z Runner image: macos-latest
2026-04-02T11:20:48.000Z Language: rust
2026-04-02T11:20:48.000Z helm upgrade --install api ./charts/api
2026-04-02T11:20:48.000Z Error: UPGRADE FAILED: timed out waiting for the condition
2026-04-02T11:20:48.000Z ##[error]Deployment failed in production stage",2026-04-02t11:20:48.000z group run ci for django/django 2026-04-02t11:20:48.000z runner image: macos-latest 2026-04-02t11:20:48.000z language: rust 2026-04-02t11:20:48.000z helm upgrade --install api ./charts/api 2026-04-02t11:20:48.000z,Deployment Error,deploy,high,Release or deployment command failed,237.0
"2026-04-01T13:17:15.000Z ##[group]Run CI for tensorflow/tensorflow
2026-04-01T13:17:15.000Z Runner image: ubuntu-latest
2026-04-01T13:17:15.000Z Language: go
2026-04-01T13:17:15.000Z Starting module router
2026-04-01T13:17:15.000Z Traceback (most recent call last): ValueError: invalid state transition in router
2026-04-01T13:17:15.000Z ##[error]Runtime exception in test process",2026-04-01t13:17:15.000z group run ci for tensorflow/tensorflow 2026-04-01t13:17:15.000z runner image: ubuntu-latest 2026-04-01t13:17:15.000z language: go 2026-04-01t13:17:15.000z starting module router 2026-04-01t13:17:15.000z traceback most,Runtime Error,test,medium,Unhandled exception during job execution,242.0
"2026-04-10T07:01:54.4942144Z ##[group]Run make -C node build-ci -j4 V=1 CONFIG_FLAGS=""--error-on-warn --v8-enable-temporal-support"" 2026-04-10T07:01:54.4942853Z [36;1mmake -C node build-ci -j4 V=1 CONFIG_FLAGS=""--error-on-warn --v8-enable-temporal-support""[0m 2026-04-10T07:01:54.7047123Z python3 ./configure --verbose --error-on-warn --v8-enable-temporal-support 2026-04-10T07:01:58.9871189Z                  'error_on_warn': 'true', 2026-04-10T07:01:58.9893030Z                                           'test/cctest/test_quic_error.cc',",tz grouprun make c node,Test Failure,test,medium,Assertion or test case failure,23.0
"2026-04-02T06:06:21.000Z ##[group]Run CI for tensorflow/tensorflow
2026-04-02T06:06:21.000Z Runner image: ubuntu-latest
2026-04-02T06:06:21.000Z Language: node
2026-04-02T06:06:21.000Z helm upgrade --install api ./charts/api
2026-04-02T06:06:21.000Z Error: UPGRADE FAILED: timed out waiting for the condition
2026-04-02T06:06:21.000Z ##[error]Deployment failed in production stage",2026-04-02t06:06:21.000z group run ci for tensorflow/tensorflow 2026-04-02t06:06:21.000z runner image: ubuntu-latest 2026-04-02t06:06:21.000z language: node 2026-04-02t06:06:21.000z helm upgrade --install api ./charts/api 2026-04-02t06:06:21.000z,Deployment Error,deploy,high,Release or deployment command failed,246.0
"2026-04-16T00:00:57.000Z ##[group]Run CI for pytorch/pytorch
2026-04-16T00:00:57.000Z Runner image: windows-latest
2026-04-16T00:00:57.000Z Language: go
2026-04-16T00:00:57.000Z Pulling cache layer from registry
2026-04-16T00:00:57.000Z error: failed to solve: no space left on device
2026-04-16T00:00:57.000Z ##[error]Runner disk pressure caused job failure",2026-04-16t00:00:57.000z group run ci for pytorch/pytorch 2026-04-16t00:00:57.000z runner image: windows-latest 2026-04-16t00:00:57.000z language: go 2026-04-16t00:00:57.000z pulling cache layer from registry 2026-04-16t00:00:57.000z,Infrastructure Error,build,high,Runner or external service instability,
"2026-04-02T02:44:36.000Z ##[group]Run CI for angular/angular
2026-04-02T02:44:36.000Z Runner image: ubuntu-latest
2026-04-02T02:44:36.000Z Language: java
2026-04-02T02:44:36.000Z validating .github/workflows/ci.yml
2026-04-02T02:44:36.000Z workflow syntax error: Unexpected value 'stepz'
2026-04-02T02:44:36.000Z ##[error]Invalid workflow configuration",2026-04-02t02:44:36.000z group run ci for angular/angular 2026-04-02t02:44:36.000z runner image: ubuntu-latest 2026-04-02t02:44:36.000z language: java 2026-04-02t02:44:36.000z validating .github/workflows/ci.yml 2026-04-02t02:44:36.000z workflow syntax error:,Configuration Error,build,high,Invalid workflow configuration or environment variable,259.0
"2026-04-09T23:33:13.2507695Z Complete job name: Run / Build modules: pyspark-core, pyspark-errors, pyspark-streaming, pyspark-logger 2026-04-09T23:33:55.3792781Z   MODULES_TO_TEST: pyspark-core, pyspark-errors, pyspark-streaming, pyspark-logger 2026-04-09T23:34:31.8691864Z   MODULES_TO_TEST: pyspark-core, pyspark-errors, pyspark-streaming, pyspark-logger 2026-04-09T23:34:33.9009156Z   MODULES_TO_TEST: pyspark-core, pyspark-errors, pyspark-streaming, pyspark-logger 2026-04-09T23:34:36.1010163Z   MODULES_TO_TEST: pyspark-core, pyspark-errors, pyspark-streaming, pyspark-logger",tz complete job name run,Test Failure,test,medium,Assertion or test case failure,24.0
"2026-04-01T12:21:06.000Z ##[group]Run CI for apache/spark
2026-04-01T12:21:06.000Z Runner image: windows-latest
2026-04-01T12:21:06.000Z Language: rust
2026-04-01T12:21:06.000Z ERROR: Module not found: Cannot resolve 'pytest'
2026-04-01T12:21:06.000Z npm ERR! code E404
2026-04-01T12:21:06.000Z ##[error]Dependency installation failed",2026-04-01t12:21:06.000z group run ci for apache/spark 2026-04-01t12:21:06.000z runner image: windows-latest 2026-04-01t12:21:06.000z language: rust 2026-04-01t12:21:06.000z error: module not found: cannot resolve,Dependency Error,build,high,Missing package or unresolved module dependency,213.0
"2026-04-01T12:26:55.000Z ##[group]Run CI for apache/spark
2026-04-01T12:26:55.000Z Runner image: ubuntu-latest
2026-04-01T12:26:55.000Z Language: node
2026-04-01T12:26:55.000Z src/worker/handler.py:380: SyntaxError: unexpected token '='
2026-04-01T12:26:55.000Z pylint: E0001 syntax-error
2026-04-01T12:26:55.000Z ##[error]Build stopped due to syntax error",2026-04-01t12:26:55.000z group run ci for apache/spark 2026-04-01t12:26:55.000z runner image: ubuntu-latest 2026-04-01t12:26:55.000z language: node 2026-04-01t12:26:55.000z src/worker/handler.py:380: syntaxerror: unexpected token 2026-04-01t12:26:55.000z pylint:,Syntax Error,build,high,Invalid code syntax detected by compiler or linter,262.0
"2026-04-01T12:20:23.000Z ##[group]Run CI for angular/angular
2026-04-01T12:20:23.000Z Runner image: windows-latest
2026-04-01T12:20:23.000Z Language: go
2026-04-01T12:20:23.000Z make build-ci -j4
2026-04-01T12:20:23.000Z gcc: fatal error: cannot execute 'cc1plus': No such file or directory
2026-04-01T12:20:23.000Z ##[error]Build failed with exit code 2",2026-04-01t12:20:23.000z group run ci for angular/angular 2026-04-01t12:20:23.000z runner image: windows-latest 2026-04-01t12:20:23.000z language: go 2026-04-01t12:20:23.000z make build-ci -j4 2026-04-01t12:20:23.000z gcc: fatal,Build Failure,build,high,Compilation or packaging process failed,228.0
"2026-04-15T13:04:52.000Z ##[group]Run CI for pytorch/pytorch
2026-04-15T13:04:52.000Z Runner image: windows-latest
2026-04-15T13:04:52.000Z Language: go
2026-04-15T13:04:52.000Z pytest -m integration --maxfail=1
2026-04-15T13:04:52.000Z Error: Process timed out after 10 minutes
2026-04-15T13:04:52.000Z ##[error]The operation was canceled",2026-04-15t13:04:52.000z group run ci for pytorch/pytorch 2026-04-15t13:04:52.000z runner image: windows-latest 2026-04-15t13:04:52.000z language: go 2026-04-15t13:04:52.000z pytest -m integration --maxfail 1 2026-04-15t13:04:52.000z,Timeout Error,test,medium,Long-running step exceeded CI timeout threshold,
"2026-04-01T20:45:45.000Z ##[group]Run CI for spring-projects/spring-boot
2026-04-01T20:45:45.000Z Runner image: ubuntu-latest
2026-04-01T20:45:45.000Z Language: java
2026-04-01T20:45:45.000Z aws secretsmanager get-secret-value --secret-id docker-token
2026-04-01T20:45:45.000Z AccessDeniedException: User is not authorized to perform secretsmanager:GetSecretValue
2026-04-01T20:45:45.000Z ##[error]permission denied while accessing deployment secret",2026-04-01t20:45:45.000z group run ci for spring-projects/spring-boot 2026-04-01t20:45:45.000z runner image: ubuntu-latest 2026-04-01t20:45:45.000z language: java 2026-04-01t20:45:45.000z aws secretsmanager get-secret-value --secret-id docker-token 2026-04-01t20:45:45.000z,Permission Error,deploy,high,"Token, role, or filesystem permission denied",273.0
"2026-04-01T07:23:21.000Z ##[group]Run CI for apache/spark
2026-04-01T07:23:21.000Z Runner image: ubuntu-latest
2026-04-01T07:23:21.000Z Language: node
2026-04-01T07:23:21.000Z FAIL tests/integration/test_auth_flow.py
2026-04-01T07:23:21.000Z AssertionError: expected 10 but received 19
2026-04-01T07:23:21.000Z ##[error]Test suite failed with exit code 1",2026-04-01t07:23:21.000z group run ci for apache/spark 2026-04-01t07:23:21.000z runner image: ubuntu-latest 2026-04-01t07:23:21.000z language: node 2026-04-01t07:23:21.000z fail tests/integration/test_auth_flow.py 2026-04-01t07:23:21.000z assertionerror: expected 10,Test Failure,test,medium,Assertion mismatch in CI test suite,266.0
Build failed: syntax error near unexpected token,syntax error build,Syntax Error,build,high,Invalid syntax in code,18.0
"2026-04-01T13:00:33.000Z ##[group]Run CI for vercel/next.js
2026-04-01T13:00:33.000Z Runner image: macos-latest
2026-04-01T13:00:33.000Z Language: rust
2026-04-01T13:00:33.000Z make build-ci -j4
2026-04-01T13:00:33.000Z gcc: fatal error: cannot execute 'cc1plus': No such file or directory
2026-04-01T13:00:33.000Z ##[error]Build failed with exit code 2",2026-04-01t13:00:33.000z group run ci for vercel/next.js 2026-04-01t13:00:33.000z runner image: macos-latest 2026-04-01t13:00:33.000z language: rust 2026-04-01t13:00:33.000z make build-ci -j4 2026-04-01t13:00:33.000z gcc: fatal,Build Failure,build,high,Compilation or packaging process failed,227.0
"2026-04-02T04:24:01.000Z ##[group]Run CI for angular/angular
2026-04-02T04:24:01.000Z Runner image: macos-latest
2026-04-02T04:24:01.000Z Language: rust
2026-04-02T04:24:01.000Z helm upgrade --install api ./charts/api
2026-04-02T04:24:01.000Z Error: UPGRADE FAILED: timed out waiting for the condition
2026-04-02T04:24:01.000Z ##[error]Deployment failed in production stage",2026-04-02t04:24:01.000z group run ci for angular/angular 2026-04-02t04:24:01.000z runner image: macos-latest 2026-04-02t04:24:01.000z language: rust 2026-04-02t04:24:01.000z helm upgrade --install api ./charts/api 2026-04-02t04:24:01.000z,Deployment Error,deploy,high,Release or deployment command failed,239.0
"2026-04-02T20:04:54.000Z ##[group]Run CI for facebook/react
2026-04-02T20:04:54.000Z Runner image: windows-latest
2026-04-02T20:04:54.000Z Language: python
2026-04-02T20:04:54.000Z validating .github/workflows/ci.yml
2026-04-02T20:04:54.000Z workflow syntax error: Unexpected value 'stepz'
2026-04-02T20:04:54.000Z ##[error]Invalid workflow configuration",2026-04-02t20:04:54.000z group run ci for facebook/react 2026-04-02t20:04:54.000z runner image: windows-latest 2026-04-02t20:04:54.000z language: python 2026-04-02t20:04:54.000z validating .github/workflows/ci.yml 2026-04-02t20:04:54.000z workflow syntax error:,Configuration Error,build,high,Invalid workflow configuration or environment variable,261.0
"2026-04-02T11:06:59.000Z ##[group]Run CI for nodejs/node
2026-04-02T11:06:59.000Z Runner image: ubuntu-latest
2026-04-02T11:06:59.000Z Language: java
2026-04-02T11:06:59.000Z validating .github/workflows/ci.yml
2026-04-02T11:06:59.000Z workflow syntax error: Unexpected value 'stepz'
2026-04-02T11:06:59.000Z ##[error]Invalid workflow configuration",2026-04-02t11:06:59.000z group run ci for nodejs/node 2026-04-02t11:06:59.000z runner image: ubuntu-latest 2026-04-02t11:06:59.000z language: java 2026-04-02t11:06:59.000z validating .github/workflows/ci.yml 2026-04-02t11:06:59.000z workflow syntax error:,Configuration Error,build,high,Invalid workflow configuration or environment variable,255.0
"2026-04-08T16:26:22.000Z ##[group]Run CI for nodejs/node
2026-04-08T16:26:22.000Z Runner image: ubuntu-latest
2026-04-08T16:26:22.000Z Language: java
2026-04-08T16:26:22.000Z validating .github/workflows/ci.yml
2026-04-08T16:26:22.000Z workflow syntax error: Unexpected value 'stepz'
2026-04-08T16:26:22.000Z ##[error]Invalid workflow configuration",2026-04-08t16:26:22.000z group run ci for nodejs/node 2026-04-08t16:26:22.000z runner image: ubuntu-latest 2026-04-08t16:26:22.000z language: java 2026-04-08t16:26:22.000z validating .github/workflows/ci.yml 2026-04-08t16:26:22.000z workflow syntax error:,Configuration Error,build,high,Invalid workflow configuration or environment variable,
"2026-04-15T12:24:04.000Z ##[group]Run CI for vercel/next.js
2026-04-15T12:24:04.000Z Runner image: windows-latest
2026-04-15T12:24:04.000Z Language: java
2026-04-15T12:24:04.000Z pytest -m integration --maxfail=1
2026-04-15T12:24:04.000Z Error: Process timed out after 15 minutes
2026-04-15T12:24:04.000Z ##[error]The operation was canceled",2026-04-15t12:24:04.000z group run ci for vercel/next.js 2026-04-15t12:24:04.000z runner image: windows-latest 2026-04-15t12:24:04.000z language: java 2026-04-15t12:24:04.000z pytest -m integration --maxfail 1 2026-04-15t12:24:04.000z,Timeout Error,test,medium,Long-running step exceeded CI timeout threshold,
"2026-04-15T19:24:07.000Z ##[group]Run CI for vercel/next.js
2026-04-15T19:24:07.000Z Runner image: macos-latest
2026-04-15T19:24:07.000Z Language: python
2026-04-15T19:24:07.000Z Starting module scheduler
2026-04-15T19:24:07.000Z Traceback (most recent call last): ValueError: invalid state transition in scheduler
2026-04-15T19:24:07.000Z ##[error]Runtime exception in test process",2026-04-15t19:24:07.000z group run ci for vercel/next.js 2026-04-15t19:24:07.000z runner image: macos-latest 2026-04-15t19:24:07.000z language: python 2026-04-15t19:24:07.000z starting module scheduler 2026-04-15t19:24:07.000z traceback most,Runtime Error,test,medium,Unhandled exception during job execution,
"2026-04-01T22:40:13.000Z ##[group]Run CI for django/django
2026-04-01T22:40:13.000Z Runner image: windows-latest
2026-04-01T22:40:13.000Z Language: python
2026-04-01T22:40:13.000Z helm upgrade --install api ./charts/api
2026-04-01T22:40:13.000Z Error: UPGRADE FAILED: timed out waiting for the condition
2026-04-01T22:40:13.000Z ##[error]Deployment failed in production stage",2026-04-01t22:40:13.000z group run ci for django/django 2026-04-01t22:40:13.000z runner image: windows-latest 2026-04-01t22:40:13.000z language: python 2026-04-01t22:40:13.000z helm upgrade --install api ./charts/api 2026-04-01t22:40:13.000z,Deployment Error,deploy,high,Release or deployment command failed,241.0
"2026-04-02T06:15:41.000Z ##[group]Run CI for facebook/react
2026-04-02T06:15:41.000Z Runner image: macos-latest
2026-04-02T06:15:41.000Z Language: python
2026-04-02T06:15:41.000Z helm upgrade --install api ./charts/api
2026-04-02T06:15:41.000Z Error: UPGRADE FAILED: timed out waiting for the condition
2026-04-02T06:15:41.000Z ##[error]Deployment failed in production stage",2026-04-02t06:15:41.000z group run ci for facebook/react 2026-04-02t06:15:41.000z runner image: macos-latest 2026-04-02t06:15:41.000z language: python 2026-04-02t06:15:41.000z helm upgrade --install api ./charts/api 2026-04-02t06:15:41.000z,Deployment Error,deploy,high,Release or deployment command failed,240.0
"2026-04-01T13:15:36.000Z ##[group]Run CI for angular/angular
2026-04-01T13:15:36.000Z Runner image: macos-latest
2026-04-01T13:15:36.000Z Language: python
2026-04-01T13:15:36.000Z src/worker/handler.py:400: SyntaxError: unexpected token '@'
2026-04-01T13:15:36.000Z pylint: E0001 syntax-error
2026-04-01T13:15:36.000Z ##[error]Build stopped due to syntax error",2026-04-01t13:15:36.000z group run ci for angular/angular 2026-04-01t13:15:36.000z runner image: macos-latest 2026-04-01t13:15:36.000z language: python 2026-04-01t13:15:36.000z src/worker/handler.py:400: syntaxerror: unexpected token 2026-04-01t13:15:36.000z pylint:,Syntax Error,build,high,Invalid code syntax detected by compiler or linter,266.0
"2026-04-04T22:28:28.000Z ##[group]Run CI for angular/angular
2026-04-04T22:28:28.000Z Runner image: macos-latest
2026-04-04T22:28:28.000Z Language: go
2026-04-04T22:28:28.000Z helm upgrade --install api ./charts/api
2026-04-04T22:28:28.000Z Error: UPGRADE FAILED: timed out waiting for the condition
2026-04-04T22:28:28.000Z ##[error]Deployment failed in production stage",2026-04-04t22:28:28.000z group run ci for angular/angular 2026-04-04t22:28:28.000z runner image: macos-latest 2026-04-04t22:28:28.000z language: go 2026-04-04t22:28:28.000z helm upgrade --install api ./charts/api 2026-04-04t22:28:28.000z,Deployment Error,deploy,high,Release or deployment command failed,
"2026-04-12T05:42:06.000Z ##[group]Run CI for angular/angular
2026-04-12T05:42:06.000Z Runner image: ubuntu-latest
2026-04-12T05:42:06.000Z Language: java
2026-04-12T05:42:06.000Z helm upgrade --install api ./charts/api
2026-04-12T05:42:06.000Z Error: UPGRADE FAILED: timed out waiting for the condition
2026-04-12T05:42:06.000Z ##[error]Deployment failed in production stage",2026-04-12t05:42:06.000z group run ci for angular/angular 2026-04-12t05:42:06.000z runner image: ubuntu-latest 2026-04-12t05:42:06.000z language: java 2026-04-12t05:42:06.000z helm upgrade --install api ./charts/api 2026-04-12t05:42:06.000z,Deployment Error,deploy,high,Release or deployment command failed,
"2026-04-01T16:14:57.000Z ##[group]Run CI for tensorflow/tensorflow
2026-04-01T16:14:57.000Z Runner image: ubuntu-latest
2026-04-01T16:14:57.000Z Language: python
2026-04-01T16:14:57.000Z aws secretsmanager get-secret-value --secret-id docker-token
2026-04-01T16:14:57.000Z AccessDeniedException: User is not authorized to perform secretsmanager:GetSecretValue
2026-04-01T16:14:57.000Z ##[error]permission denied while accessing deployment secret",2026-04-01t16:14:57.000z group run ci for tensorflow/tensorflow 2026-04-01t16:14:57.000z runner image: ubuntu-latest 2026-04-01t16:14:57.000z language: python 2026-04-01t16:14:57.000z aws secretsmanager get-secret-value --secret-id docker-token 2026-04-01t16:14:57.000z,Permission Error,deploy,high,"Token, role, or filesystem permission denied",269.0
"2026-04-04T19:23:46.000Z ##[group]Run CI for pytorch/pytorch
2026-04-04T19:23:46.000Z Runner image: macos-latest
2026-04-04T19:23:46.000Z Language: java
2026-04-04T19:23:46.000Z ERROR: Module not found: Cannot resolve 'torch'
2026-04-04T19:23:46.000Z npm ERR! code E404
2026-04-04T19:23:46.000Z ##[error]Dependency installation failed",2026-04-04t19:23:46.000z group run ci for pytorch/pytorch 2026-04-04t19:23:46.000z runner image: macos-latest 2026-04-04t19:23:46.000z language: java 2026-04-04t19:23:46.000z error: module not found: cannot resolve,Dependency Error,build,high,Missing package or unresolved module dependency,
"2026-04-01T18:09:43.000Z ##[group]Run CI for microsoft/vscode
2026-04-01T18:09:43.000Z Runner image: windows-latest
2026-04-01T18:09:43.000Z Language: go
2026-04-01T18:09:43.000Z pytest -m integration --maxfail=1
2026-04-01T18:09:43.000Z Error: Process timed out after 10 minutes
2026-04-01T18:09:43.000Z ##[error]The operation was canceled",2026-04-01t18:09:43.000z group run ci for microsoft/vscode 2026-04-01t18:09:43.000z runner image: windows-latest 2026-04-01t18:09:43.000z language: go 2026-04-01t18:09:43.000z pytest -m integration --maxfail 1 2026-04-01t18:09:43.000z,Timeout Error,test,medium,Long-running step exceeded CI timeout threshold,234.0
"2026-04-01T16:27:05.000Z ##[group]Run CI for microsoft/vscode
2026-04-01T16:27:05.000Z Runner image: windows-latest
2026-04-01T16:27:05.000Z Language: java
2026-04-01T16:27:05.000Z validating .github/workflows/ci.yml
2026-04-01T16:27:05.000Z workflow syntax error: Unexpected value 'stepz'
2026-04-01T16:27:05.000Z ##[error]Invalid workflow configuration",2026-04-01t16:27:05.000z group run ci for microsoft/vscode 2026-04-01t16:27:05.000z runner image: windows-latest 2026-04-01t16:27:05.000z language: java 2026-04-01t16:27:05.000z validating .github/workflows/ci.yml 2026-04-01t16:27:05.000z workflow syntax error:,Configuration Error,build,high,Invalid workflow configuration or environment variable,261.0
"2026-04-02T12:36:21.000Z ##[group]Run CI for tensorflow/tensorflow
2026-04-02T12:36:21.000Z Runner image: ubuntu-latest
2026-04-02T12:36:21.000Z Language: java
2026-04-02T12:36:21.000Z helm upgrade --install api ./charts/api
2026-04-02T12:36:21.000Z Error: UPGRADE FAILED: timed out waiting for the condition
2026-04-02T12:36:21.000Z ##[error]Deployment failed in production stage",2026-04-02t12:36:21.000z group run ci for tensorflow/tensorflow 2026-04-02t12:36:21.000z runner image: ubuntu-latest 2026-04-02t12:36:21.000z language: java 2026-04-02t12:36:21.000z helm upgrade --install api ./charts/api 2026-04-02t12:36:21.000z,Deployment Error,deploy,high,Release or deployment command failed,246.0
"2026-04-01T08:45:46.000Z ##[group]Run CI for microsoft/vscode
2026-04-01T08:45:46.000Z Runner image: windows-latest
2026-04-01T08:45:46.000Z Language: java
2026-04-01T08:45:46.000Z ERROR: Module not found: Cannot resolve 'numpy'
2026-04-01T08:45:46.000Z npm ERR! code E404
2026-04-01T08:45:46.000Z ##[error]Dependency installation failed",2026-04-01t08:45:46.000z group run ci for microsoft/vscode 2026-04-01t08:45:46.000z runner image: windows-latest 2026-04-01t08:45:46.000z language: java 2026-04-01t08:45:46.000z error: module not found: cannot resolve,Dependency Error,build,high,Missing package or unresolved module dependency,217.0
"2026-04-12T03:00:29.000Z ##[group]Run CI for vercel/next.js
2026-04-12T03:00:29.000Z Runner image: macos-latest
2026-04-12T03:00:29.000Z Language: python
2026-04-12T03:00:29.000Z Starting module cache
2026-04-12T03:00:29.000Z Traceback (most recent call last): ValueError: invalid state transition in cache
2026-04-12T03:00:29.000Z ##[error]Runtime exception in test process",2026-04-12t03:00:29.000z group run ci for vercel/next.js 2026-04-12t03:00:29.000z runner image: macos-latest 2026-04-12t03:00:29.000z language: python 2026-04-12t03:00:29.000z starting module cache 2026-04-12t03:00:29.000z traceback most,Runtime Error,test,medium,Unhandled exception during job execution,
"2026-04-04T20:30:54.000Z ##[group]Run CI for pytorch/pytorch
2026-04-04T20:30:54.000Z Runner image: windows-latest
2026-04-04T20:30:54.000Z Language: java
2026-04-04T20:30:54.000Z pytest -m integration --maxfail=1
2026-04-04T20:30:54.000Z Error: Process timed out after 15 minutes
2026-04-04T20:30:54.000Z ##[error]The operation was canceled",2026-04-04t20:30:54.000z group run ci for pytorch/pytorch 2026-04-04t20:30:54.000z runner image: windows-latest 2026-04-04t20:30:54.000z language: java 2026-04-04t20:30:54.000z pytest -m integration --maxfail 1 2026-04-04t20:30:54.000z,Timeout Error,test,medium,Long-running step exceeded CI timeout threshold,
"2026-04-02T16:20:04.000Z ##[group]Run CI for microsoft/vscode
2026-04-02T16:20:04.000Z Runner image: macos-latest
2026-04-02T16:20:04.000Z Language: go
2026-04-02T16:20:04.000Z Pulling cache layer from registry
2026-04-02T16:20:04.000Z error: failed to solve: no space left on device
2026-04-02T16:20:04.000Z ##[error]Runner disk pressure caused job failure",2026-04-02t16:20:04.000z group run ci for microsoft/vscode 2026-04-02t16:20:04.000z runner image: macos-latest 2026-04-02t16:20:04.000z language: go 2026-04-02t16:20:04.000z pulling cache layer from registry 2026-04-02t16:20:04.000z,Infrastructure Error,build,high,Runner or external service instability,232.0
"2026-04-01T16:05:15.000Z ##[group]Run CI for spring-projects/spring-boot
2026-04-01T16:05:15.000Z Runner image: ubuntu-latest
2026-04-01T16:05:15.000Z Language: python
2026-04-01T16:05:15.000Z validating .github/workflows/ci.yml
2026-04-01T16:05:15.000Z workflow syntax error: Unexpected value 'stepz'
2026-04-01T16:05:15.000Z ##[error]Invalid workflow configuration",2026-04-01t16:05:15.000z group run ci for spring-projects/spring-boot 2026-04-01t16:05:15.000z runner image: ubuntu-latest 2026-04-01t16:05:15.000z language: python 2026-04-01t16:05:15.000z validating .github/workflows/ci.yml 2026-04-01t16:05:15.000z workflow syntax error:,Configuration Error,build,high,Invalid workflow configuration or environment variable,273.0
"2026-04-01T18:30:56.000Z ##[group]Run CI for spring-projects/spring-boot
2026-04-01T18:30:56.000Z Runner image: macos-latest
2026-04-01T18:30:56.000Z Language: rust
2026-04-01T18:30:56.000Z pytest -m integration --maxfail=1
2026-04-01T18:30:56.000Z Error: Process timed out after 15 minutes
2026-04-01T18:30:56.000Z ##[error]The operation was canceled",2026-04-01t18:30:56.000z group run ci for spring-projects/spring-boot 2026-04-01t18:30:56.000z runner image: macos-latest 2026-04-01t18:30:56.000z language: rust 2026-04-01t18:30:56.000z pytest -m integration --maxfail 1 2026-04-01t18:30:56.000z,Timeout Error,test,medium,Long-running step exceeded CI timeout threshold,245.0
"2026-04-01T21:16:43.000Z ##[group]Run CI for tensorflow/tensorflow
2026-04-01T21:16:43.000Z Runner image: ubuntu-latest
2026-04-01T21:16:43.000Z Language: go
2026-04-01T21:16:43.000Z pytest -m integration --maxfail=1
2026-04-01T21:16:43.000Z Error: Process timed out after 20 minutes
2026-04-01T21:16:43.000Z ##[error]The operation was canceled",2026-04-01t21:16:43.000z group run ci for tensorflow/tensorflow 2026-04-01t21:16:43.000z runner image: ubuntu-latest 2026-04-01t21:16:43.000z language: go 2026-04-01t21:16:43.000z pytest -m integration --maxfail 1 2026-04-01t21:16:43.000z,Timeout Error,test,medium,Long-running step exceeded CI timeout threshold,238.0
"2026-04-02T00:18:29.000Z ##[group]Run CI for angular/angular
2026-04-02T00:18:29.000Z Runner image: macos-latest
2026-04-02T00:18:29.000Z Language: python
2026-04-02T00:18:29.000Z make build-ci -j4
2026-04-02T00:18:29.000Z gcc: fatal error: cannot execute 'cc1plus': No such file or directory
2026-04-02T00:18:29.000Z ##[error]Build failed with exit code 2",2026-04-02t00:18:29.000z group run ci for angular/angular 2026-04-02t00:18:29.000z runner image: macos-latest 2026-04-02t00:18:29.000z language: python 2026-04-02t00:18:29.000z make build-ci -j4 2026-04-02t00:18:29.000z gcc: fatal,Build Failure,build,high,Compilation or packaging process failed,230.0
"2026-04-15T19:48:55.000Z ##[group]Run CI for spring-projects/spring-boot
2026-04-15T19:48:55.000Z Runner image: macos-latest
2026-04-15T19:48:55.000Z Language: java
2026-04-15T19:48:55.000Z Starting module auth
2026-04-15T19:48:55.000Z Traceback (most recent call last): ValueError: invalid state transition in auth
2026-04-15T19:48:55.000Z ##[error]Runtime exception in test process",2026-04-15t19:48:55.000z group run ci for spring-projects/spring-boot 2026-04-15t19:48:55.000z runner image: macos-latest 2026-04-15t19:48:55.000z language: java 2026-04-15t19:48:55.000z starting module auth 2026-04-15t19:48:55.000z traceback most,Runtime Error,test,medium,Unhandled exception during job execution,
"2026-04-01T15:33:02.000Z ##[group]Run CI for tensorflow/tensorflow
2026-04-01T15:33:02.000Z Runner image: windows-latest
2026-04-01T15:33:02.000Z Language: rust
2026-04-01T15:33:02.000Z src/compiler/handler.py:199: SyntaxError: unexpected token '='
2026-04-01T15:33:02.000Z pylint: E0001 syntax-error
2026-04-01T15:33:02.000Z ##[error]Build stopped due to syntax error",2026-04-01t15:33:02.000z group run ci for tensorflow/tensorflow 2026-04-01t15:33:02.000z runner image: windows-latest 2026-04-01t15:33:02.000z language: rust 2026-04-01t15:33:02.000z src/compiler/handler.py:199: syntaxerror: unexpected token 2026-04-01t15:33:02.000z pylint:,Syntax Error,build,high,Invalid code syntax detected by compiler or linter,274.0
"2026-04-01T22:08:32.000Z ##[group]Run CI for pytorch/pytorch
2026-04-01T22:08:32.000Z Runner image: ubuntu-latest
2026-04-01T22:08:32.000Z Language: rust
2026-04-01T22:08:32.000Z pytest -m integration --maxfail=1
2026-04-01T22:08:32.000Z Error: Process timed out after 20 minutes
2026-04-01T22:08:32.000Z ##[error]The operation was canceled",2026-04-01t22:08:32.000z group run ci for pytorch/pytorch 2026-04-01t22:08:32.000z runner image: ubuntu-latest 2026-04-01t22:08:32.000z language: rust 2026-04-01t22:08:32.000z pytest -m integration --maxfail 1 2026-04-01t22:08:32.000z,Timeout Error,test,medium,Long-running step exceeded CI timeout threshold,234.0
"2026-04-01T10:56:28.000Z ##[group]Run CI for angular/angular
2026-04-01T10:56:28.000Z Runner image: macos-latest
2026-04-01T10:56:28.000Z Language: java
2026-04-01T10:56:28.000Z FAIL packages/react-dom/src/__tests__/hydration.test.js
2026-04-01T10:56:28.000Z AssertionError: expected 9 but received 18
2026-04-01T10:56:28.000Z ##[error]Test suite failed with exit code 1",2026-04-01t10:56:28.000z group run ci for angular/angular 2026-04-01t10:56:28.000z runner image: macos-latest 2026-04-01t10:56:28.000z language: java 2026-04-01t10:56:28.000z fail packages/react-dom/src/__tests__/hydration.test.js 2026-04-01t10:56:28.000z assertionerror: expected 9,Test Failure,test,medium,Assertion mismatch in CI test suite,282.0
"2026-04-01T16:34:37.000Z ##[group]Run CI for vercel/next.js
2026-04-01T16:34:37.000Z Runner image: windows-latest
2026-04-01T16:34:37.000Z Language: java
2026-04-01T16:34:37.000Z validating .github/workflows/ci.yml
2026-04-01T16:34:37.000Z workflow syntax error: Unexpected value 'stepz'
2026-04-01T16:34:37.000Z ##[error]Invalid workflow configuration",2026-04-01t16:34:37.000z group run ci for vercel/next.js 2026-04-01t16:34:37.000z runner image: windows-latest 2026-04-01t16:34:37.000z language: java 2026-04-01t16:34:37.000z validating .github/workflows/ci.yml 2026-04-01t16:34:37.000z workflow syntax error:,Configuration Error,build,high,Invalid workflow configuration or environment variable,259.0
"2026-04-10T10:42:15.4399097Z [36;1m    echo ""Npm install failed too many times"" >&2[0m 2026-04-10T10:42:15.4400264Z [36;1m  echo ""Npm install failed $i, trying again...""[0m 2026-04-10T10:42:46.8980992Z [36;1m    echo ""Npm install failed too many times"" >&2[0m 2026-04-10T10:42:46.8981704Z [36;1m  echo ""Npm install failed $i, trying again...""[0m 2026-04-10T10:49:05.1599747Z [36;1m    except Exception as e:[0m",tz m echo npm install,Runtime Error,build,medium,Unexpected runtime exception,21.0
2026-04-10T01:05:49.1920691Z Removing test/e2e/app-dir/cache-components-errors/cache-components-errors.module-scope.test.ts.results.json 2026-04-10T01:05:49.1921192Z Removing test/e2e/app-dir/cache-components-errors/cache-components-errors.test.ts.results.json 2026-04-10T01:05:49.1988902Z Removing test/e2e/app-dir/next-config-ts-native-ts/type-error/next-config-ts-type-error-esm.test.ts.results.json 2026-04-10T01:05:49.1995214Z Removing test/e2e/app-dir/parallel-routes-leaf-segments/parallel-routes-leaf-segments.build-error.test.ts.results.json 2026-04-10T01:05:49.2009162Z Removing test/e2e/basepath/error-pages.test.ts.results.json,tz removing testeeappdircachecomponentserrorscachecomponentserrorsmodulescopetesttsresultsjson tz removing,Test Failure,test,medium,Assertion or test case failure,106.0
"2026-04-04T20:15:15.000Z ##[group]Run CI for nodejs/node
2026-04-04T20:15:15.000Z Runner image: ubuntu-latest
2026-04-04T20:15:15.000Z Language: rust
2026-04-04T20:15:15.000Z pytest -m integration --maxfail=1
2026-04-04T20:15:15.000Z Error: Process timed out after 10 minutes
2026-04-04T20:15:15.000Z ##[error]The operation was canceled",2026-04-04t20:15:15.000z group run ci for nodejs/node 2026-04-04t20:15:15.000z runner image: ubuntu-latest 2026-04-04t20:15:15.000z language: rust 2026-04-04t20:15:15.000z pytest -m integration --maxfail 1 2026-04-04t20:15:15.000z,Timeout Error,test,medium,Long-running step exceeded CI timeout threshold,
"2026-04-02T04:18:03.000Z ##[group]Run CI for nodejs/node
2026-04-02T04:18:03.000Z Runner image: macos-latest
2026-04-02T04:18:03.000Z Language: python
2026-04-02T04:18:03.000Z helm upgrade --install api ./charts/api
2026-04-02T04:18:03.000Z Error: UPGRADE FAILED: timed out waiting for the condition
2026-04-02T04:18:03.000Z ##[error]Deployment failed in production stage",2026-04-02t04:18:03.000z group run ci for nodejs/node 2026-04-02t04:18:03.000z runner image: macos-latest 2026-04-02t04:18:03.000z language: python 2026-04-02t04:18:03.000z helm upgrade --install api ./charts/api 2026-04-02t04:18:03.000z,Deployment Error,deploy,high,Release or deployment command failed,237.0
"2026-04-15T12:56:05.000Z ##[group]Run CI for microsoft/vscode
2026-04-15T12:56:05.000Z Runner image: ubuntu-latest
2026-04-15T12:56:05.000Z Language: rust
2026-04-15T12:56:05.000Z pytest -m integration --maxfail=1
2026-04-15T12:56:05.000Z Error: Process timed out after 30 minutes
2026-04-15T12:56:05.000Z ##[error]The operation was canceled",2026-04-15t12:56:05.000z group run ci for microsoft/vscode 2026-04-15t12:56:05.000z runner image: ubuntu-latest 2026-04-15t12:56:05.000z language: rust 2026-04-15t12:56:05.000z pytest -m integration --maxfail 1 2026-04-15t12:56:05.000z,Timeout Error,test,medium,Long-running step exceeded CI timeout threshold,
"2026-04-01T20:26:31.000Z ##[group]Run CI for pytorch/pytorch
2026-04-01T20:26:31.000Z Runner image: ubuntu-latest
2026-04-01T20:26:31.000Z Language: go
2026-04-01T20:26:31.000Z Starting module router
2026-04-01T20:26:31.000Z Traceback (most recent call last): ValueError: invalid state transition in router
2026-04-01T20:26:31.000Z ##[error]Runtime exception in test process",2026-04-01t20:26:31.000z group run ci for pytorch/pytorch 2026-04-01t20:26:31.000z runner image: ubuntu-latest 2026-04-01t20:26:31.000z language: go 2026-04-01t20:26:31.000z starting module router 2026-04-01t20:26:31.000z traceback most,Runtime Error,test,medium,Unhandled exception during job execution,236.0
"2026-04-01T12:35:22.000Z ##[group]Run CI for nodejs/node
2026-04-01T12:35:22.000Z Runner image: windows-latest
2026-04-01T12:35:22.000Z Language: python
2026-04-01T12:35:22.000Z make build-ci -j4
2026-04-01T12:35:22.000Z gcc: fatal error: cannot execute 'cc1plus': No such file or directory
2026-04-01T12:35:22.000Z ##[error]Build failed with exit code 2",2026-04-01t12:35:22.000z group run ci for nodejs/node 2026-04-01t12:35:22.000z runner image: windows-latest 2026-04-01t12:35:22.000z language: python 2026-04-01t12:35:22.000z make build-ci -j4 2026-04-01t12:35:22.000z gcc: fatal,Build Failure,build,high,Compilation or packaging process failed,228.0
"2026-04-09T12:59:17.1373430Z     Cause: Error 2026-04-09T12:59:17.1571804Z Unexpected error 2026-04-09T12:59:17.1619543Z ##[error]Process completed with exit code 1. 2026-04-09T12:59:17.1999164Z ##[group]Run curl -X POST '***' -H 'Content-Type: application/json' -d '{ text: ""<users/all> *<https://github.com/spring-projects/spring-boot/actions/runs/24190697692|docs-build | Build and Deploy OSS Docs> failed*  [build scan unavailable]""}' || true 2026-04-09T12:59:17.2002032Z [36;1mcurl -X POST '***' -H 'Content-Type: application/json' -d '{ text: ""<users/all> *<https://github.com/spring-projects/spring-boot/actions/runs/24190697692|docs-build | Build and Deploy OSS Docs> failed*  [build scan unavailable]""}' || true[0m",tz cause error tz unexpected,Deployment Error,deploy,medium,Deployment pipeline failure,28.0
"2026-04-11T19:27:37.000Z ##[group]Run CI for nodejs/node
2026-04-11T19:27:37.000Z Runner image: macos-latest
2026-04-11T19:27:37.000Z Language: python
2026-04-11T19:27:37.000Z ERROR: Module not found: Cannot resolve 'spring-core'
2026-04-11T19:27:37.000Z npm ERR! code E404
2026-04-11T19:27:37.000Z ##[error]Dependency installation failed",2026-04-11t19:27:37.000z group run ci for nodejs/node 2026-04-11t19:27:37.000z runner image: macos-latest 2026-04-11t19:27:37.000z language: python 2026-04-11t19:27:37.000z error: module not found: cannot resolve,Dependency Error,build,high,Missing package or unresolved module dependency,
"2026-04-01T22:42:35.000Z ##[group]Run CI for tensorflow/tensorflow
2026-04-01T22:42:35.000Z Runner image: windows-latest
2026-04-01T22:42:35.000Z Language: java
2026-04-01T22:42:35.000Z make build-ci -j4
2026-04-01T22:42:35.000Z gcc: fatal error: cannot execute 'cc1plus': No such file or directory
2026-04-01T22:42:35.000Z ##[error]Build failed with exit code 2",2026-04-01t22:42:35.000z group run ci for tensorflow/tensorflow 2026-04-01t22:42:35.000z runner image: windows-latest 2026-04-01t22:42:35.000z language: java 2026-04-01t22:42:35.000z make build-ci -j4 2026-04-01t22:42:35.000z gcc: fatal,Build Failure,build,high,Compilation or packaging process failed,236.0
"2026-04-01T14:42:29.000Z ##[group]Run CI for microsoft/vscode
2026-04-01T14:42:29.000Z Runner image: macos-latest
2026-04-01T14:42:29.000Z Language: go
2026-04-01T14:42:29.000Z src/cache/handler.py:111: SyntaxError: unexpected token '{'
2026-04-01T14:42:29.000Z pylint: E0001 syntax-error
2026-04-01T14:42:29.000Z ##[error]Build stopped due to syntax error",2026-04-01t14:42:29.000z group run ci for microsoft/vscode 2026-04-01t14:42:29.000z runner image: macos-latest 2026-04-01t14:42:29.000z language: go 2026-04-01t14:42:29.000z src/cache/handler.py:111: syntaxerror: unexpected token 2026-04-01t14:42:29.000z pylint:,Syntax Error,build,high,Invalid code syntax detected by compiler or linter,262.0
"2026-04-01T16:32:51.000Z ##[group]Run CI for spring-projects/spring-boot
2026-04-01T16:32:51.000Z Runner image: ubuntu-latest
2026-04-01T16:32:51.000Z Language: python
2026-04-01T16:32:51.000Z validating .github/workflows/ci.yml
2026-04-01T16:32:51.000Z workflow syntax error: Unexpected value 'stepz'
2026-04-01T16:32:51.000Z ##[error]Invalid workflow configuration",2026-04-01t16:32:51.000z group run ci for spring-projects/spring-boot 2026-04-01t16:32:51.000z runner image: ubuntu-latest 2026-04-01t16:32:51.000z language: python 2026-04-01t16:32:51.000z validating .github/workflows/ci.yml 2026-04-01t16:32:51.000z workflow syntax error:,Configuration Error,build,high,Invalid workflow configuration or environment variable,273.0
"2026-04-08T15:04:45.000Z ##[group]Run CI for spring-projects/spring-boot
2026-04-08T15:04:45.000Z Runner image: ubuntu-latest
2026-04-08T15:04:45.000Z Language: rust
2026-04-08T15:04:45.000Z Pulling cache layer from registry
2026-04-08T15:04:45.000Z error: failed to solve: no space left on device
2026-04-08T15:04:45.000Z ##[error]Runner disk pressure caused job failure",2026-04-08t15:04:45.000z group run ci for spring-projects/spring-boot 2026-04-08t15:04:45.000z runner image: ubuntu-latest 2026-04-08t15:04:45.000z language: rust 2026-04-08t15:04:45.000z pulling cache layer from registry 2026-04-08t15:04:45.000z,Infrastructure Error,build,high,Runner or external service instability,
"2026-04-08T14:56:35.000Z ##[group]Run CI for tensorflow/tensorflow
2026-04-08T14:56:35.000Z Runner image: ubuntu-latest
2026-04-08T14:56:35.000Z Language: java
2026-04-08T14:56:35.000Z Pulling cache layer from registry
2026-04-08T14:56:35.000Z error: failed to solve: no space left on device
2026-04-08T14:56:35.000Z ##[error]Runner disk pressure caused job failure",2026-04-08t14:56:35.000z group run ci for tensorflow/tensorflow 2026-04-08t14:56:35.000z runner image: ubuntu-latest 2026-04-08t14:56:35.000z language: java 2026-04-08t14:56:35.000z pulling cache layer from registry 2026-04-08t14:56:35.000z,Infrastructure Error,build,high,Runner or external service instability,
"2026-04-08T09:56:30.000Z ##[group]Run CI for microsoft/vscode
2026-04-08T09:56:30.000Z Runner image: macos-latest
2026-04-08T09:56:30.000Z Language: python
2026-04-08T09:56:30.000Z pytest -m integration --maxfail=1
2026-04-08T09:56:30.000Z Error: Process timed out after 30 minutes
2026-04-08T09:56:30.000Z ##[error]The operation was canceled",2026-04-08t09:56:30.000z group run ci for microsoft/vscode 2026-04-08t09:56:30.000z runner image: macos-latest 2026-04-08t09:56:30.000z language: python 2026-04-08t09:56:30.000z pytest -m integration --maxfail 1 2026-04-08t09:56:30.000z,Timeout Error,test,medium,Long-running step exceeded CI timeout threshold,
"2026-04-01T07:14:49.000Z ##[group]Run CI for vercel/next.js
2026-04-01T07:14:49.000Z Runner image: macos-latest
2026-04-01T07:14:49.000Z Language: python
2026-04-01T07:14:49.000Z FAIL src/test/java/com/example/ServiceTest.java
2026-04-01T07:14:49.000Z AssertionError: expected 2 but received 14
2026-04-01T07:14:49.000Z ##[error]Test suite failed with exit code 1",2026-04-01t07:14:49.000z group run ci for vercel/next.js 2026-04-01t07:14:49.000z runner image: macos-latest 2026-04-01t07:14:49.000z language: python 2026-04-01t07:14:49.000z fail src/test/java/com/example/servicetest.java 2026-04-01t07:14:49.000z assertionerror: expected 2,Test Failure,test,medium,Assertion mismatch in CI test suite,275.0
"2026-04-02T03:15:10.000Z ##[group]Run CI for apache/spark
2026-04-02T03:15:10.000Z Runner image: windows-latest
2026-04-02T03:15:10.000Z Language: node
2026-04-02T03:15:10.000Z Starting module cache
2026-04-02T03:15:10.000Z Traceback (most recent call last): ValueError: invalid state transition in cache
2026-04-02T03:15:10.000Z ##[error]Runtime exception in test process",2026-04-02t03:15:10.000z group run ci for apache/spark 2026-04-02t03:15:10.000z runner image: windows-latest 2026-04-02t03:15:10.000z language: node 2026-04-02t03:15:10.000z starting module cache 2026-04-02t03:15:10.000z traceback most,Runtime Error,test,medium,Unhandled exception during job execution,235.0
"2026-04-01T15:09:47.000Z ##[group]Run CI for apache/spark
2026-04-01T15:09:47.000Z Runner image: macos-latest
2026-04-01T15:09:47.000Z Language: node
2026-04-01T15:09:47.000Z Pulling cache layer from registry
2026-04-01T15:09:47.000Z error: failed to solve: no space left on device
2026-04-01T15:09:47.000Z ##[error]Runner disk pressure caused job failure",2026-04-01t15:09:47.000z group run ci for apache/spark 2026-04-01t15:09:47.000z runner image: macos-latest 2026-04-01t15:09:47.000z language: node 2026-04-01t15:09:47.000z pulling cache layer from registry 2026-04-01t15:09:47.000z,Infrastructure Error,build,high,Runner or external service instability,230.0
2026-04-10T00:49:09.9200885Z #7 ERROR: failed to configure registry cache importer: ghcr.io/apache/spark/apache-spark-github-action-image-cache:v4.2.0-preview4: not found 2026-04-10T00:49:16.1366209Z #8 5.176   libencode-locale-perl libepoxy0 liberror-perl libexpat1 libexpat1-dev 2026-04-10T00:49:16.1405110Z #8 5.177   node-jsdom node-json-buffer node-json-parse-better-errors node-jsonparse 2026-04-10T00:49:16.1411625Z #8 5.177   node-spdx-exceptions node-spdx-expression-parse node-spdx-license-ids 2026-04-10T00:49:17.6845550Z #8 6.724   libencode-locale-perl libepoxy0 liberror-perl libexpat1 libexpat1-dev,tz error failed to configure,Runtime Error,build,medium,Unexpected runtime exception,28.0
"2026-04-15T22:08:29.000Z ##[group]Run CI for apache/spark
2026-04-15T22:08:29.000Z Runner image: ubuntu-latest
2026-04-15T22:08:29.000Z Language: java
2026-04-15T22:08:29.000Z Pulling cache layer from registry
2026-04-15T22:08:29.000Z error: failed to solve: no space left on device
2026-04-15T22:08:29.000Z ##[error]Runner disk pressure caused job failure",2026-04-15t22:08:29.000z group run ci for apache/spark 2026-04-15t22:08:29.000z runner image: ubuntu-latest 2026-04-15t22:08:29.000z language: java 2026-04-15t22:08:29.000z pulling cache layer from registry 2026-04-15t22:08:29.000z,Infrastructure Error,build,high,Runner or external service instability,
"2026-04-01T08:25:39.000Z ##[group]Run CI for facebook/react
2026-04-01T08:25:39.000Z Runner image: ubuntu-latest
2026-04-01T08:25:39.000Z Language: node
2026-04-01T08:25:39.000Z ERROR: Module not found: Cannot resolve 'numpy'
2026-04-01T08:25:39.000Z npm ERR! code E404
2026-04-01T08:25:39.000Z ##[error]Dependency installation failed",2026-04-01t08:25:39.000z group run ci for facebook/react 2026-04-01t08:25:39.000z runner image: ubuntu-latest 2026-04-01t08:25:39.000z language: node 2026-04-01t08:25:39.000z error: module not found: cannot resolve,Dependency Error,build,high,Missing package or unresolved module dependency,214.0
2026-04-08T18:55:33.6383843Z PASS packages/react-dom/src/__tests__/ReactDOMConsoleErrorReporting-test.js 2026-04-08T18:55:36.5782516Z PASS packages/react-reconciler/src/__tests__/ReactIncrementalErrorReplay-test.js 2026-04-08T18:55:40.7510335Z PASS packages/react-reconciler/src/__tests__/ReactErrorStacks-test.js 2026-04-08T18:55:41.8555734Z PASS scripts/error-codes/__tests__/invertObject-test.js 2026-04-08T18:55:42.1019439Z PASS packages/react-dom/src/__tests__/ReactErrorLoggingRecovery-test.js,tz pass packagesreactdomsrctestsreactdomconsoleerrorreportingtestjs tz pass,Test Failure,test,medium,Assertion or test case failure,75.0
"2026-04-01T10:42:03.000Z ##[group]Run CI for apache/spark
2026-04-01T10:42:03.000Z Runner image: windows-latest
2026-04-01T10:42:03.000Z Language: go
2026-04-01T10:42:03.000Z ERROR: Module not found: Cannot resolve 'torch'
2026-04-01T10:42:03.000Z npm ERR! code E404
2026-04-01T10:42:03.000Z ##[error]Dependency installation failed",2026-04-01t10:42:03.000z group run ci for apache/spark 2026-04-01t10:42:03.000z runner image: windows-latest 2026-04-01t10:42:03.000z language: go 2026-04-01t10:42:03.000z error: module not found: cannot resolve,Dependency Error,build,high,Missing package or unresolved module dependency,211.0
"2026-04-01T15:12:28.000Z ##[group]Run CI for microsoft/vscode
2026-04-01T15:12:28.000Z Runner image: macos-latest
2026-04-01T15:12:28.000Z Language: go
2026-04-01T15:12:28.000Z src/scheduler/handler.py:316: SyntaxError: unexpected token '@'
2026-04-01T15:12:28.000Z pylint: E0001 syntax-error
2026-04-01T15:12:28.000Z ##[error]Build stopped due to syntax error",2026-04-01t15:12:28.000z group run ci for microsoft/vscode 2026-04-01t15:12:28.000z runner image: macos-latest 2026-04-01t15:12:28.000z language: go 2026-04-01t15:12:28.000z src/scheduler/handler.py:316: syntaxerror: unexpected token 2026-04-01t15:12:28.000z pylint:,Syntax Error,build,high,Invalid code syntax detected by compiler or linter,266.0
"2026-04-02T03:45:17.000Z ##[group]Run CI for vercel/next.js
2026-04-02T03:45:17.000Z Runner image: macos-latest
2026-04-02T03:45:17.000Z Language: rust
2026-04-02T03:45:17.000Z Starting module scheduler
2026-04-02T03:45:17.000Z Traceback (most recent call last): ValueError: invalid state transition in scheduler
2026-04-02T03:45:17.000Z ##[error]Runtime exception in test process",2026-04-02t03:45:17.000z group run ci for vercel/next.js 2026-04-02t03:45:17.000z runner image: macos-latest 2026-04-02t03:45:17.000z language: rust 2026-04-02t03:45:17.000z starting module scheduler 2026-04-02t03:45:17.000z traceback most,Runtime Error,test,medium,Unhandled exception during job execution,239.0
"2026-04-02T04:51:55.000Z ##[group]Run CI for pytorch/pytorch
2026-04-02T04:51:55.000Z Runner image: macos-latest
2026-04-02T04:51:55.000Z Language: python
2026-04-02T04:51:55.000Z helm upgrade --install api ./charts/api
2026-04-02T04:51:55.000Z Error: UPGRADE FAILED: timed out waiting for the condition
2026-04-02T04:51:55.000Z ##[error]Deployment failed in production stage",2026-04-02t04:51:55.000z group run ci for pytorch/pytorch 2026-04-02t04:51:55.000z runner image: macos-latest 2026-04-02t04:51:55.000z language: python 2026-04-02t04:51:55.000z helm upgrade --install api ./charts/api 2026-04-02t04:51:55.000z,Deployment Error,deploy,high,Release or deployment command failed,241.0
"2026-04-01T12:04:34.000Z ##[group]Run CI for pytorch/pytorch
2026-04-01T12:04:34.000Z Runner image: windows-latest
2026-04-01T12:04:34.000Z Language: go
2026-04-01T12:04:34.000Z ERROR: Module not found: Cannot resolve 'webpack'
2026-04-01T12:04:34.000Z npm ERR! code E404
2026-04-01T12:04:34.000Z ##[error]Dependency installation failed",2026-04-01t12:04:34.000z group run ci for pytorch/pytorch 2026-04-01t12:04:34.000z runner image: windows-latest 2026-04-01t12:04:34.000z language: go 2026-04-01t12:04:34.000z error: module not found: cannot resolve,Dependency Error,build,high,Missing package or unresolved module dependency,214.0
"2026-04-11T22:30:00.000Z ##[group]Run CI for microsoft/vscode
2026-04-11T22:30:00.000Z Runner image: ubuntu-latest
2026-04-11T22:30:00.000Z Language: java
2026-04-11T22:30:00.000Z pytest -m integration --maxfail=1
2026-04-11T22:30:00.000Z Error: Process timed out after 15 minutes
2026-04-11T22:30:00.000Z ##[error]The operation was canceled",2026-04-11t22:30:00.000z group run ci for microsoft/vscode 2026-04-11t22:30:00.000z runner image: ubuntu-latest 2026-04-11t22:30:00.000z language: java 2026-04-11t22:30:00.000z pytest -m integration --maxfail 1 2026-04-11t22:30:00.000z,Timeout Error,test,medium,Long-running step exceeded CI timeout threshold,
"2026-04-15T23:04:38.000Z ##[group]Run CI for angular/angular
2026-04-15T23:04:38.000Z Runner image: windows-latest
2026-04-15T23:04:38.000Z Language: python
2026-04-15T23:04:38.000Z Pulling cache layer from registry
2026-04-15T23:04:38.000Z error: failed to solve: no space left on device
2026-04-15T23:04:38.000Z ##[error]Runner disk pressure caused job failure",2026-04-15t23:04:38.000z group run ci for angular/angular 2026-04-15t23:04:38.000z runner image: windows-latest 2026-04-15t23:04:38.000z language: python 2026-04-15t23:04:38.000z pulling cache layer from registry 2026-04-15t23:04:38.000z,Infrastructure Error,build,high,Runner or external service instability,
"2026-04-01T07:49:54.000Z ##[group]Run CI for nodejs/node
2026-04-01T07:49:54.000Z Runner image: macos-latest
2026-04-01T07:49:54.000Z Language: python
2026-04-01T07:49:54.000Z FAIL internal/runtime/retry_test.go
2026-04-01T07:49:54.000Z AssertionError: expected 4 but received 14
2026-04-01T07:49:54.000Z ##[error]Test suite failed with exit code 1",2026-04-01t07:49:54.000z group run ci for nodejs/node 2026-04-01t07:49:54.000z runner image: macos-latest 2026-04-01t07:49:54.000z language: python 2026-04-01t07:49:54.000z fail internal/runtime/retry_test.go 2026-04-01t07:49:54.000z assertionerror: expected 4,Test Failure,test,medium,Assertion mismatch in CI test suite,260.0
"2026-04-01T12:39:26.000Z ##[group]Run CI for spring-projects/spring-boot
2026-04-01T12:39:26.000Z Runner image: ubuntu-latest
2026-04-01T12:39:26.000Z Language: node
2026-04-01T12:39:26.000Z make build-ci -j4
2026-04-01T12:39:26.000Z gcc: fatal error: cannot execute 'cc1plus': No such file or directory
2026-04-01T12:39:26.000Z ##[error]Build failed with exit code 2",2026-04-01t12:39:26.000z group run ci for spring-projects/spring-boot 2026-04-01t12:39:26.000z runner image: ubuntu-latest 2026-04-01t12:39:26.000z language: node 2026-04-01t12:39:26.000z make build-ci -j4 2026-04-01t12:39:26.000z gcc: fatal,Build Failure,build,high,Compilation or packaging process failed,241.0
"2026-04-08T14:32:19.000Z ##[group]Run CI for angular/angular
2026-04-08T14:32:19.000Z Runner image: windows-latest
2026-04-08T14:32:19.000Z Language: go
2026-04-08T14:32:19.000Z Pulling cache layer from registry
2026-04-08T14:32:19.000Z error: failed to solve: no space left on device
2026-04-08T14:32:19.000Z ##[error]Runner disk pressure caused job failure",2026-04-08t14:32:19.000z group run ci for angular/angular 2026-04-08t14:32:19.000z runner image: windows-latest 2026-04-08t14:32:19.000z language: go 2026-04-08t14:32:19.000z pulling cache layer from registry 2026-04-08t14:32:19.000z,Infrastructure Error,build,high,Runner or external service instability,
"2026-04-02T03:12:15.000Z ##[group]Run CI for tensorflow/tensorflow
2026-04-02T03:12:15.000Z Runner image: ubuntu-latest
2026-04-02T03:12:15.000Z Language: java
2026-04-02T03:12:15.000Z make build-ci -j4
2026-04-02T03:12:15.000Z gcc: fatal error: cannot execute 'cc1plus': No such file or directory
2026-04-02T03:12:15.000Z ##[error]Build failed with exit code 2",2026-04-02t03:12:15.000z group run ci for tensorflow/tensorflow 2026-04-02t03:12:15.000z runner image: ubuntu-latest 2026-04-02t03:12:15.000z language: java 2026-04-02t03:12:15.000z make build-ci -j4 2026-04-02t03:12:15.000z gcc: fatal,Build Failure,build,high,Compilation or packaging process failed,235.0
"2026-04-02T12:24:17.000Z ##[group]Run CI for apache/spark
2026-04-02T12:24:17.000Z Runner image: ubuntu-latest
2026-04-02T12:24:17.000Z Language: python
2026-04-02T12:24:17.000Z helm upgrade --install api ./charts/api
2026-04-02T12:24:17.000Z Error: UPGRADE FAILED: timed out waiting for the condition
2026-04-02T12:24:17.000Z ##[error]Deployment failed in production stage",2026-04-02t12:24:17.000z group run ci for apache/spark 2026-04-02t12:24:17.000z runner image: ubuntu-latest 2026-04-02t12:24:17.000z language: python 2026-04-02t12:24:17.000z helm upgrade --install api ./charts/api 2026-04-02t12:24:17.000z,Deployment Error,deploy,high,Release or deployment command failed,239.0
"2026-04-11T00:55:11.3254477Z [command]""C:\Program Files\PowerShell\7\pwsh.exe"" -NoLogo -NoProfile -NonInteractive -ExecutionPolicy Unrestricted -Command ""$ErrorActionPreference = 'Stop' ; try { Add-Type -AssemblyName System.IO.Compression.ZipFile } catch { } ; try { [System.IO.Compression.ZipFile]::ExtractToDirectory('D:\a\_temp\946444b4-bb1d-4ac2-bc62-a6e7ca31b167.zip', 'D:\a\_temp\7c34ab6f-3952-41f6-a3c4-63ac3694d1b5', $true) } catch { if (($_.Exception.GetType().FullName -eq 'System.Management.Automation.MethodException') -or ($_.Exception.GetType().FullName -eq 'System.Management.Automation.RuntimeException') ){ Expand-Archive -LiteralPath 'D:\a\_temp\946444b4-bb1d-4ac2-bc62-a6e7ca31b167.zip' -DestinationPath 'D:\a\_temp\7c34ab6f-3952-41f6-a3c4-63ac3694d1b5' -Force } else { throw $_ } } ;"" 2026-04-11T00:57:02.5058506Z > Task :core:spring-boot:checkKotlinGradlePluginConfigurationErrors SKIPPED 2026-04-11T00:57:11.1074177Z > Task :core:spring-boot-test:checkKotlinGradlePluginConfigurationErrors SKIPPED 2026-04-11T00:57:13.8739281Z > Task :module:spring-boot-kotlinx-serialization-json:checkKotlinGradlePluginConfigurationErrors SKIPPED 2026-04-11T00:57:53.1682897Z > Task :documentation:spring-boot-docs:checkKotlinGradlePluginConfigurationErrors SKIPPED",tz commandcprogram filespowershellpwshexe nologo noprofile noninteractive,Runtime Error,test,medium,auto-detected,73.0
2026-04-10T06:17:22.5797836Z Removing test/e2e/app-dir/catch-error/catch-error-react-compiler.test.ts.results.json 2026-04-10T06:17:22.5802362Z Removing test/e2e/app-dir/global-error/basic/index.test.ts.results.json 2026-04-10T06:17:22.5810622Z Removing test/e2e/app-dir/next-config-ts-native-mts/type-error/next-config-ts-type-error-cjs.test.ts.results.json 2026-04-10T06:17:22.5814342Z Removing test/e2e/app-dir/next-config-ts-native-ts/type-error/next-config-ts-type-error-esm.test.ts.results.json 2026-04-10T06:17:22.5829813Z Removing test/e2e/app-dir/webpack-loader-errors/webpack-loader-errors.test.ts.results.json,tz removing testeeappdircatcherrorcatcherrorreactcompilertesttsresultsjson tz removing,Test Failure,test,medium,Assertion or test case failure,86.0
"2026-04-04T18:59:00.000Z ##[group]Run CI for microsoft/vscode
2026-04-04T18:59:00.000Z Runner image: windows-latest
2026-04-04T18:59:00.000Z Language: java
2026-04-04T18:59:00.000Z ERROR: Module not found: Cannot resolve 'grpcio'
2026-04-04T18:59:00.000Z npm ERR! code E404
2026-04-04T18:59:00.000Z ##[error]Dependency installation failed",2026-04-04t18:59:00.000z group run ci for microsoft/vscode 2026-04-04t18:59:00.000z runner image: windows-latest 2026-04-04t18:59:00.000z language: java 2026-04-04t18:59:00.000z error: module not found: cannot resolve,Dependency Error,build,high,Missing package or unresolved module dependency,
"2026-04-02T09:56:46.000Z ##[group]Run CI for spring-projects/spring-boot
2026-04-02T09:56:46.000Z Runner image: macos-latest
2026-04-02T09:56:46.000Z Language: java
2026-04-02T09:56:46.000Z Starting module scheduler
2026-04-02T09:56:46.000Z Traceback (most recent call last): ValueError: invalid state transition in scheduler
2026-04-02T09:56:46.000Z ##[error]Runtime exception in test process",2026-04-02t09:56:46.000z group run ci for spring-projects/spring-boot 2026-04-02t09:56:46.000z runner image: macos-latest 2026-04-02t09:56:46.000z language: java 2026-04-02t09:56:46.000z starting module scheduler 2026-04-02t09:56:46.000z traceback most,Runtime Error,test,medium,Unhandled exception during job execution,252.0
2026-03-18T20:35:39.8650022Z PASS packages/react-reconciler/src/__tests__/ReactIncrementalErrorLogging-test.js 2026-03-18T20:35:43.3733282Z ##[error]The operation was canceled. 2026-03-18T20:35:30.2426929Z ##[error]The operation was canceled. 2026-03-18T20:35:44.0512843Z ##[error]The operation was canceled. 2026-03-18T20:35:40.8193852Z PASS packages/react-reconciler/src/__tests__/ReactIncrementalErrorLogging-test.js,tz pass packagesreactreconcilersrctestsreactincrementalerrorloggingtestjs tz errorthe,Test Failure,test,medium,Assertion or test case failure,85.0
"2026-04-01T09:33:28.000Z ##[group]Run CI for microsoft/vscode
2026-04-01T09:33:28.000Z Runner image: macos-latest
2026-04-01T09:33:28.000Z Language: rust
2026-04-01T09:33:28.000Z src/billing/handler.py:310: SyntaxError: unexpected token '{'
2026-04-01T09:33:28.000Z pylint: E0001 syntax-error
2026-04-01T09:33:28.000Z ##[error]Build stopped due to syntax error",2026-04-01t09:33:28.000z group run ci for microsoft/vscode 2026-04-01t09:33:28.000z runner image: macos-latest 2026-04-01t09:33:28.000z language: rust 2026-04-01t09:33:28.000z src/billing/handler.py:310: syntaxerror: unexpected token 2026-04-01t09:33:28.000z pylint:,Syntax Error,build,high,Invalid code syntax detected by compiler or linter,266.0
"2026-04-01T15:06:47.000Z ##[group]Run CI for nodejs/node
2026-04-01T15:06:47.000Z Runner image: windows-latest
2026-04-01T15:06:47.000Z Language: go
2026-04-01T15:06:47.000Z src/worker/handler.py:68: SyntaxError: unexpected token '{'
2026-04-01T15:06:47.000Z pylint: E0001 syntax-error
2026-04-01T15:06:47.000Z ##[error]Build stopped due to syntax error",2026-04-01t15:06:47.000z group run ci for nodejs/node 2026-04-01t15:06:47.000z runner image: windows-latest 2026-04-01t15:06:47.000z language: go 2026-04-01t15:06:47.000z src/worker/handler.py:68: syntaxerror: unexpected token 2026-04-01t15:06:47.000z pylint:,Syntax Error,build,high,Invalid code syntax detected by compiler or linter,259.0
"2026-04-04T19:20:24.000Z ##[group]Run CI for django/django
2026-04-04T19:20:24.000Z Runner image: windows-latest
2026-04-04T19:20:24.000Z Language: java
2026-04-04T19:20:24.000Z ERROR: Module not found: Cannot resolve 'spring-core'
2026-04-04T19:20:24.000Z npm ERR! code E404
2026-04-04T19:20:24.000Z ##[error]Dependency installation failed",2026-04-04t19:20:24.000z group run ci for django/django 2026-04-04t19:20:24.000z runner image: windows-latest 2026-04-04t19:20:24.000z language: java 2026-04-04t19:20:24.000z error: module not found: cannot resolve,Dependency Error,build,high,Missing package or unresolved module dependency,
"2026-04-02T11:30:16.000Z ##[group]Run CI for django/django
2026-04-02T11:30:16.000Z Runner image: macos-latest
2026-04-02T11:30:16.000Z Language: python
2026-04-02T11:30:16.000Z validating .github/workflows/ci.yml
2026-04-02T11:30:16.000Z workflow syntax error: Unexpected value 'stepz'
2026-04-02T11:30:16.000Z ##[error]Invalid workflow configuration",2026-04-02t11:30:16.000z group run ci for django/django 2026-04-02t11:30:16.000z runner image: macos-latest 2026-04-02t11:30:16.000z language: python 2026-04-02t11:30:16.000z validating .github/workflows/ci.yml 2026-04-02t11:30:16.000z workflow syntax error:,Configuration Error,build,high,Invalid workflow configuration or environment variable,258.0
"2026-04-01T09:20:17.000Z ##[group]Run CI for microsoft/vscode
2026-04-01T09:20:17.000Z Runner image: macos-latest
2026-04-01T09:20:17.000Z Language: go
2026-04-01T09:20:17.000Z ERROR: Module not found: Cannot resolve 'grpcio'
2026-04-01T09:20:17.000Z npm ERR! code E404
2026-04-01T09:20:17.000Z ##[error]Dependency installation failed",2026-04-01t09:20:17.000z group run ci for microsoft/vscode 2026-04-01t09:20:17.000z runner image: macos-latest 2026-04-01t09:20:17.000z language: go 2026-04-01t09:20:17.000z error: module not found: cannot resolve,Dependency Error,build,high,Missing package or unresolved module dependency,213.0
"2026-04-02T12:21:49.000Z ##[group]Run CI for microsoft/vscode
2026-04-02T12:21:49.000Z Runner image: ubuntu-latest
2026-04-02T12:21:49.000Z Language: go
2026-04-02T12:21:49.000Z validating .github/workflows/ci.yml
2026-04-02T12:21:49.000Z workflow syntax error: Unexpected value 'stepz'
2026-04-02T12:21:49.000Z ##[error]Invalid workflow configuration",2026-04-02t12:21:49.000z group run ci for microsoft/vscode 2026-04-02t12:21:49.000z runner image: ubuntu-latest 2026-04-02t12:21:49.000z language: go 2026-04-02t12:21:49.000z validating .github/workflows/ci.yml 2026-04-02t12:21:49.000z workflow syntax error:,Configuration Error,build,high,Invalid workflow configuration or environment variable,258.0
"2026-04-02T02:48:04.000Z ##[group]Run CI for vercel/next.js
2026-04-02T02:48:04.000Z Runner image: macos-latest
2026-04-02T02:48:04.000Z Language: go
2026-04-02T02:48:04.000Z aws secretsmanager get-secret-value --secret-id docker-token
2026-04-02T02:48:04.000Z AccessDeniedException: User is not authorized to perform secretsmanager:GetSecretValue
2026-04-02T02:48:04.000Z ##[error]permission denied while accessing deployment secret",2026-04-02t02:48:04.000z group run ci for vercel/next.js 2026-04-02t02:48:04.000z runner image: macos-latest 2026-04-02t02:48:04.000z language: go 2026-04-02t02:48:04.000z aws secretsmanager get-secret-value --secret-id docker-token 2026-04-02t02:48:04.000z,Permission Error,deploy,high,"Token, role, or filesystem permission denied",257.0
"2026-04-01T09:34:17.000Z ##[group]Run CI for spring-projects/spring-boot
2026-04-01T09:34:17.000Z Runner image: macos-latest
2026-04-01T09:34:17.000Z Language: node
2026-04-01T09:34:17.000Z ERROR: Module not found: Cannot resolve 'grpcio'
2026-04-01T09:34:17.000Z npm ERR! code E404
2026-04-01T09:34:17.000Z ##[error]Dependency installation failed",2026-04-01t09:34:17.000z group run ci for spring-projects/spring-boot 2026-04-01t09:34:17.000z runner image: macos-latest 2026-04-01t09:34:17.000z language: node 2026-04-01t09:34:17.000z error: module not found: cannot resolve,Dependency Error,build,high,Missing package or unresolved module dependency,226.0
"2026-04-11T22:27:06.000Z ##[group]Run CI for apache/spark
2026-04-11T22:27:06.000Z Runner image: windows-latest
2026-04-11T22:27:06.000Z Language: rust
2026-04-11T22:27:06.000Z pytest -m integration --maxfail=1
2026-04-11T22:27:06.000Z Error: Process timed out after 15 minutes
2026-04-11T22:27:06.000Z ##[error]The operation was canceled",2026-04-11t22:27:06.000z group run ci for apache/spark 2026-04-11t22:27:06.000z runner image: windows-latest 2026-04-11t22:27:06.000z language: rust 2026-04-11t22:27:06.000z pytest -m integration --maxfail 1 2026-04-11t22:27:06.000z,Timeout Error,test,medium,Long-running step exceeded CI timeout threshold,
"2026-04-01T15:55:19.000Z ##[group]Run CI for nodejs/node
2026-04-01T15:55:19.000Z Runner image: macos-latest
2026-04-01T15:55:19.000Z Language: java
2026-04-01T15:55:19.000Z Pulling cache layer from registry
2026-04-01T15:55:19.000Z error: failed to solve: no space left on device
2026-04-01T15:55:19.000Z ##[error]Runner disk pressure caused job failure",2026-04-01t15:55:19.000z group run ci for nodejs/node 2026-04-01t15:55:19.000z runner image: macos-latest 2026-04-01t15:55:19.000z language: java 2026-04-01t15:55:19.000z pulling cache layer from registry 2026-04-01t15:55:19.000z,Infrastructure Error,build,high,Runner or external service instability,229.0
"2026-04-02T07:21:49.000Z ##[group]Run CI for spring-projects/spring-boot
2026-04-02T07:21:49.000Z Runner image: ubuntu-latest
2026-04-02T07:21:49.000Z Language: rust
2026-04-02T07:21:49.000Z Pulling cache layer from registry
2026-04-02T07:21:49.000Z error: failed to solve: no space left on device
2026-04-02T07:21:49.000Z ##[error]Runner disk pressure caused job failure",2026-04-02t07:21:49.000z group run ci for spring-projects/spring-boot 2026-04-02t07:21:49.000z runner image: ubuntu-latest 2026-04-02t07:21:49.000z language: rust 2026-04-02t07:21:49.000z pulling cache layer from registry 2026-04-02t07:21:49.000z,Infrastructure Error,build,high,Runner or external service instability,246.0
"2026-04-01T12:40:56.000Z ##[group]Run CI for spring-projects/spring-boot
2026-04-01T12:40:56.000Z Runner image: windows-latest
2026-04-01T12:40:56.000Z Language: rust
2026-04-01T12:40:56.000Z src/cache/handler.py:345: SyntaxError: unexpected token '['
2026-04-01T12:40:56.000Z pylint: E0001 syntax-error
2026-04-01T12:40:56.000Z ##[error]Build stopped due to syntax error",2026-04-01t12:40:56.000z group run ci for spring-projects/spring-boot 2026-04-01t12:40:56.000z runner image: windows-latest 2026-04-01t12:40:56.000z language: rust 2026-04-01t12:40:56.000z src/cache/handler.py:345: syntaxerror: unexpected token 2026-04-01t12:40:56.000z pylint:,Syntax Error,build,high,Invalid code syntax detected by compiler or linter,277.0
"2026-04-11T19:09:07.000Z ##[group]Run CI for spring-projects/spring-boot
2026-04-11T19:09:07.000Z Runner image: windows-latest
2026-04-11T19:09:07.000Z Language: python
2026-04-11T19:09:07.000Z ERROR: Module not found: Cannot resolve 'react-dom'
2026-04-11T19:09:07.000Z npm ERR! code E404
2026-04-11T19:09:07.000Z ##[error]Dependency installation failed",2026-04-11t19:09:07.000z group run ci for spring-projects/spring-boot 2026-04-11t19:09:07.000z runner image: windows-latest 2026-04-11t19:09:07.000z language: python 2026-04-11t19:09:07.000z error: module not found: cannot resolve,Dependency Error,build,high,Missing package or unresolved module dependency,
"2026-04-01T16:34:27.000Z ##[group]Run CI for spring-projects/spring-boot
2026-04-01T16:34:27.000Z Runner image: macos-latest
2026-04-01T16:34:27.000Z Language: rust
2026-04-01T16:34:27.000Z aws secretsmanager get-secret-value --secret-id docker-token
2026-04-01T16:34:27.000Z AccessDeniedException: User is not authorized to perform secretsmanager:GetSecretValue
2026-04-01T16:34:27.000Z ##[error]permission denied while accessing deployment secret",2026-04-01t16:34:27.000z group run ci for spring-projects/spring-boot 2026-04-01t16:34:27.000z runner image: macos-latest 2026-04-01t16:34:27.000z language: rust 2026-04-01t16:34:27.000z aws secretsmanager get-secret-value --secret-id docker-token 2026-04-01t16:34:27.000z,Permission Error,deploy,high,"Token, role, or filesystem permission denied",272.0
"2026-04-08T06:50:25.000Z ##[group]Run CI for tensorflow/tensorflow
2026-04-08T06:50:25.000Z Runner image: macos-latest
2026-04-08T06:50:25.000Z Language: python
2026-04-08T06:50:25.000Z ERROR: Module not found: Cannot resolve 'react-dom'
2026-04-08T06:50:25.000Z npm ERR! code E404
2026-04-08T06:50:25.000Z ##[error]Dependency installation failed",2026-04-08t06:50:25.000z group run ci for tensorflow/tensorflow 2026-04-08t06:50:25.000z runner image: macos-latest 2026-04-08t06:50:25.000z language: python 2026-04-08t06:50:25.000z error: module not found: cannot resolve,Dependency Error,build,high,Missing package or unresolved module dependency,
"2026-04-01T10:48:42.000Z ##[group]Run CI for microsoft/vscode
2026-04-01T10:48:42.000Z Runner image: macos-latest
2026-04-01T10:48:42.000Z Language: node
2026-04-01T10:48:42.000Z FAIL internal/runtime/retry_test.go
2026-04-01T10:48:42.000Z AssertionError: expected 3 but received 20
2026-04-01T10:48:42.000Z ##[error]Test suite failed with exit code 1",2026-04-01t10:48:42.000z group run ci for microsoft/vscode 2026-04-01t10:48:42.000z runner image: macos-latest 2026-04-01t10:48:42.000z language: node 2026-04-01t10:48:42.000z fail internal/runtime/retry_test.go 2026-04-01t10:48:42.000z assertionerror: expected 3,Test Failure,test,medium,Assertion mismatch in CI test suite,263.0
"2026-04-08T07:28:50.000Z ##[group]Run CI for django/django
2026-04-08T07:28:50.000Z Runner image: macos-latest
2026-04-08T07:28:50.000Z Language: node
2026-04-08T07:28:50.000Z ERROR: Module not found: Cannot resolve 'webpack'
2026-04-08T07:28:50.000Z npm ERR! code E404
2026-04-08T07:28:50.000Z ##[error]Dependency installation failed",2026-04-08t07:28:50.000z group run ci for django/django 2026-04-08t07:28:50.000z runner image: macos-latest 2026-04-08t07:28:50.000z language: node 2026-04-08t07:28:50.000z error: module not found: cannot resolve,Dependency Error,build,high,Missing package or unresolved module dependency,
"2026-04-01T16:43:24.000Z ##[group]Run CI for spring-projects/spring-boot
2026-04-01T16:43:24.000Z Runner image: ubuntu-latest
2026-04-01T16:43:24.000Z Language: rust
2026-04-01T16:43:24.000Z validating .github/workflows/ci.yml
2026-04-01T16:43:24.000Z workflow syntax error: Unexpected value 'stepz'
2026-04-01T16:43:24.000Z ##[error]Invalid workflow configuration",2026-04-01t16:43:24.000z group run ci for spring-projects/spring-boot 2026-04-01t16:43:24.000z runner image: ubuntu-latest 2026-04-01t16:43:24.000z language: rust 2026-04-01t16:43:24.000z validating .github/workflows/ci.yml 2026-04-01t16:43:24.000z workflow syntax error:,Configuration Error,build,high,Invalid workflow configuration or environment variable,271.0
Test suite failed: expected true but received false,test assertion failed,Test Failure,test,medium,Assertion mismatch in test case,21.0
"2026-04-01T14:36:21.000Z ##[group]Run CI for facebook/react
2026-04-01T14:36:21.000Z Runner image: windows-latest
2026-04-01T14:36:21.000Z Language: java
2026-04-01T14:36:21.000Z pytest -m integration --maxfail=1
2026-04-01T14:36:21.000Z Error: Process timed out after 30 minutes
2026-04-01T14:36:21.000Z ##[error]The operation was canceled",2026-04-01t14:36:21.000z group run ci for facebook/react 2026-04-01t14:36:21.000z runner image: windows-latest 2026-04-01t14:36:21.000z language: java 2026-04-01t14:36:21.000z pytest -m integration --maxfail 1 2026-04-01t14:36:21.000z,Timeout Error,test,medium,Long-running step exceeded CI timeout threshold,234.0
"2026-04-11T18:54:25.000Z ##[group]Run CI for vercel/next.js
2026-04-11T18:54:25.000Z Runner image: macos-latest
2026-04-11T18:54:25.000Z Language: java
2026-04-11T18:54:25.000Z ERROR: Module not found: Cannot resolve 'numpy'
2026-04-11T18:54:25.000Z npm ERR! code E404
2026-04-11T18:54:25.000Z ##[error]Dependency installation failed",2026-04-11t18:54:25.000z group run ci for vercel/next.js 2026-04-11t18:54:25.000z runner image: macos-latest 2026-04-11t18:54:25.000z language: java 2026-04-11t18:54:25.000z error: module not found: cannot resolve,Dependency Error,build,high,Missing package or unresolved module dependency,
"2026-04-02T09:12:49.000Z ##[group]Run CI for microsoft/vscode
2026-04-02T09:12:49.000Z Runner image: macos-latest
2026-04-02T09:12:49.000Z Language: python
2026-04-02T09:12:49.000Z Pulling cache layer from registry
2026-04-02T09:12:49.000Z error: failed to solve: no space left on device
2026-04-02T09:12:49.000Z ##[error]Runner disk pressure caused job failure",2026-04-02t09:12:49.000z group run ci for microsoft/vscode 2026-04-02t09:12:49.000z runner image: macos-latest 2026-04-02t09:12:49.000z language: python 2026-04-02t09:12:49.000z pulling cache layer from registry 2026-04-02t09:12:49.000z,Infrastructure Error,build,high,Runner or external service instability,236.0
"2026-04-12T03:12:29.000Z ##[group]Run CI for angular/angular
2026-04-12T03:12:29.000Z Runner image: macos-latest
2026-04-12T03:12:29.000Z Language: java
2026-04-12T03:12:29.000Z Starting module compiler
2026-04-12T03:12:29.000Z Traceback (most recent call last): ValueError: invalid state transition in compiler
2026-04-12T03:12:29.000Z ##[error]Runtime exception in test process",2026-04-12t03:12:29.000z group run ci for angular/angular 2026-04-12t03:12:29.000z runner image: macos-latest 2026-04-12t03:12:29.000z language: java 2026-04-12t03:12:29.000z starting module compiler 2026-04-12t03:12:29.000z traceback most,Runtime Error,test,medium,Unhandled exception during job execution,
"2026-04-01T09:00:39.000Z ##[group]Run CI for pytorch/pytorch
2026-04-01T09:00:39.000Z Runner image: windows-latest
2026-04-01T09:00:39.000Z Language: node
2026-04-01T09:00:39.000Z FAIL compiler/src/tests/error_reporting.rs
2026-04-01T09:00:39.000Z AssertionError: expected 1 but received 19
2026-04-01T09:00:39.000Z ##[error]Test suite failed with exit code 1",2026-04-01t09:00:39.000z group run ci for pytorch/pytorch 2026-04-01t09:00:39.000z runner image: windows-latest 2026-04-01t09:00:39.000z language: node 2026-04-01t09:00:39.000z fail compiler/src/tests/error_reporting.rs 2026-04-01t09:00:39.000z assertionerror: expected 1,Test Failure,test,medium,Assertion mismatch in CI test suite,271.0
"2026-04-02T21:56:22.000Z ##[group]Run CI for pytorch/pytorch
2026-04-02T21:56:22.000Z Runner image: windows-latest
2026-04-02T21:56:22.000Z Language: rust
2026-04-02T21:56:22.000Z validating .github/workflows/ci.yml
2026-04-02T21:56:22.000Z workflow syntax error: Unexpected value 'stepz'
2026-04-02T21:56:22.000Z ##[error]Invalid workflow configuration",2026-04-02t21:56:22.000z group run ci for pytorch/pytorch 2026-04-02t21:56:22.000z runner image: windows-latest 2026-04-02t21:56:22.000z language: rust 2026-04-02t21:56:22.000z validating .github/workflows/ci.yml 2026-04-02t21:56:22.000z workflow syntax error:,Configuration Error,build,high,Invalid workflow configuration or environment variable,260.0
"2026-04-11T11:02:26.3977390Z   digest-mismatch: error 2026-04-11T11:02:29.0822395Z Failed to open the device 'kvm': Invalid argument 2026-04-11T11:02:53.9686719Z                  'error_on_warn': 'false', 2026-04-11T11:02:53.9701712Z                                           'test/cctest/test_quic_error.cc', 2026-04-11T11:02:53.9718347Z                                          'lib/internal/assert/assertion_error.js',",tz digestmismatch error tz failed to,Test Failure,test,medium,auto-detected,36.0
"2026-04-02T06:09:30.000Z ##[group]Run CI for apache/spark
2026-04-02T06:09:30.000Z Runner image: ubuntu-latest
2026-04-02T06:09:30.000Z Language: rust
2026-04-02T06:09:30.000Z helm upgrade --install api ./charts/api
2026-04-02T06:09:30.000Z Error: UPGRADE FAILED: timed out waiting for the condition
2026-04-02T06:09:30.000Z ##[error]Deployment failed in production stage",2026-04-02t06:09:30.000z group run ci for apache/spark 2026-04-02t06:09:30.000z runner image: ubuntu-latest 2026-04-02t06:09:30.000z language: rust 2026-04-02t06:09:30.000z helm upgrade --install api ./charts/api 2026-04-02t06:09:30.000z,Deployment Error,deploy,high,Release or deployment command failed,237.0
"2026-04-01T10:49:18.000Z ##[group]Run CI for vercel/next.js
2026-04-01T10:49:18.000Z Runner image: ubuntu-latest
2026-04-01T10:49:18.000Z Language: node
2026-04-01T10:49:18.000Z pytest -m integration --maxfail=1
2026-04-01T10:49:18.000Z Error: Process timed out after 10 minutes
2026-04-01T10:49:18.000Z ##[error]The operation was canceled",2026-04-01t10:49:18.000z group run ci for vercel/next.js 2026-04-01t10:49:18.000z runner image: ubuntu-latest 2026-04-01t10:49:18.000z language: node 2026-04-01t10:49:18.000z pytest -m integration --maxfail 1 2026-04-01t10:49:18.000z,Timeout Error,test,medium,Long-running step exceeded CI timeout threshold,233.0
"2026-04-01T08:49:35.000Z ##[group]Run CI for spring-projects/spring-boot
2026-04-01T08:49:35.000Z Runner image: ubuntu-latest
2026-04-01T08:49:35.000Z Language: java
2026-04-01T08:49:35.000Z ERROR: Module not found: Cannot resolve 'torch'
2026-04-01T08:49:35.000Z npm ERR! code E404
2026-04-01T08:49:35.000Z ##[error]Dependency installation failed",2026-04-01t08:49:35.000z group run ci for spring-projects/spring-boot 2026-04-01t08:49:35.000z runner image: ubuntu-latest 2026-04-01t08:49:35.000z language: java 2026-04-01t08:49:35.000z error: module not found: cannot resolve,Dependency Error,build,high,Missing package or unresolved module dependency,227.0
"2026-04-01T14:16:05.000Z ##[group]Run CI for spring-projects/spring-boot
2026-04-01T14:16:05.000Z Runner image: macos-latest
2026-04-01T14:16:05.000Z Language: go
2026-04-01T14:16:05.000Z helm upgrade --install api ./charts/api
2026-04-01T14:16:05.000Z Error: UPGRADE FAILED: timed out waiting for the condition
2026-04-01T14:16:05.000Z ##[error]Deployment failed in production stage",2026-04-01t14:16:05.000z group run ci for spring-projects/spring-boot 2026-04-01t14:16:05.000z runner image: macos-latest 2026-04-01t14:16:05.000z language: go 2026-04-01t14:16:05.000z helm upgrade --install api ./charts/api 2026-04-01t14:16:05.000z,Deployment Error,deploy,high,Release or deployment command failed,249.0
"2026-04-01T14:52:44.000Z ##[group]Run CI for tensorflow/tensorflow
2026-04-01T14:52:44.000Z Runner image: ubuntu-latest
2026-04-01T14:52:44.000Z Language: python
2026-04-01T14:52:44.000Z ERROR: Module not found: Cannot resolve 'spring-core'
2026-04-01T14:52:44.000Z npm ERR! code E404
2026-04-01T14:52:44.000Z ##[error]Dependency installation failed",2026-04-01t14:52:44.000z group run ci for tensorflow/tensorflow 2026-04-01t14:52:44.000z runner image: ubuntu-latest 2026-04-01t14:52:44.000z language: python 2026-04-01t14:52:44.000z error: module not found: cannot resolve,Dependency Error,build,high,Missing package or unresolved module dependency,223.0
"2026-04-04T22:15:20.000Z ##[group]Run CI for django/django
2026-04-04T22:15:20.000Z Runner image: windows-latest
2026-04-04T22:15:20.000Z Language: python
2026-04-04T22:15:20.000Z helm upgrade --install api ./charts/api
2026-04-04T22:15:20.000Z Error: UPGRADE FAILED: timed out waiting for the condition
2026-04-04T22:15:20.000Z ##[error]Deployment failed in production stage",2026-04-04t22:15:20.000z group run ci for django/django 2026-04-04t22:15:20.000z runner image: windows-latest 2026-04-04t22:15:20.000z language: python 2026-04-04t22:15:20.000z helm upgrade --install api ./charts/api 2026-04-04t22:15:20.000z,Deployment Error,deploy,high,Release or deployment command failed,
"2026-04-01T11:57:56.000Z ##[group]Run CI for vercel/next.js
2026-04-01T11:57:56.000Z Runner image: windows-latest
2026-04-01T11:57:56.000Z Language: java
2026-04-01T11:57:56.000Z ERROR: Module not found: Cannot resolve 'spring-core'
2026-04-01T11:57:56.000Z npm ERR! code E404
2026-04-01T11:57:56.000Z ##[error]Dependency installation failed",2026-04-01t11:57:56.000z group run ci for vercel/next.js 2026-04-01t11:57:56.000z runner image: windows-latest 2026-04-01t11:57:56.000z language: java 2026-04-01t11:57:56.000z error: module not found: cannot resolve,Dependency Error,build,high,Missing package or unresolved module dependency,215.0
"2026-04-08T14:42:53.000Z ##[group]Run CI for tensorflow/tensorflow
2026-04-08T14:42:53.000Z Runner image: ubuntu-latest
2026-04-08T14:42:53.000Z Language: java
2026-04-08T14:42:53.000Z Pulling cache layer from registry
2026-04-08T14:42:53.000Z error: failed to solve: no space left on device
2026-04-08T14:42:53.000Z ##[error]Runner disk pressure caused job failure",2026-04-08t14:42:53.000z group run ci for tensorflow/tensorflow 2026-04-08t14:42:53.000z runner image: ubuntu-latest 2026-04-08t14:42:53.000z language: java 2026-04-08t14:42:53.000z pulling cache layer from registry 2026-04-08t14:42:53.000z,Infrastructure Error,build,high,Runner or external service instability,
"2026-04-01T12:57:45.000Z ##[group]Run CI for apache/spark
2026-04-01T12:57:45.000Z Runner image: windows-latest
2026-04-01T12:57:45.000Z Language: python
2026-04-01T12:57:45.000Z ERROR: Module not found: Cannot resolve 'torch'
2026-04-01T12:57:45.000Z npm ERR! code E404
2026-04-01T12:57:45.000Z ##[error]Dependency installation failed",2026-04-01t12:57:45.000z group run ci for apache/spark 2026-04-01t12:57:45.000z runner image: windows-latest 2026-04-01t12:57:45.000z language: python 2026-04-01t12:57:45.000z error: module not found: cannot resolve,Dependency Error,build,high,Missing package or unresolved module dependency,215.0
"2026-04-01T11:54:11.000Z ##[group]Run CI for django/django
2026-04-01T11:54:11.000Z Runner image: windows-latest
2026-04-01T11:54:11.000Z Language: python
2026-04-01T11:54:11.000Z ERROR: Module not found: Cannot resolve 'grpcio'
2026-04-01T11:54:11.000Z npm ERR! code E404
2026-04-01T11:54:11.000Z ##[error]Dependency installation failed",2026-04-01t11:54:11.000z group run ci for django/django 2026-04-01t11:54:11.000z runner image: windows-latest 2026-04-01t11:54:11.000z language: python 2026-04-01t11:54:11.000z error: module not found: cannot resolve,Dependency Error,build,high,Missing package or unresolved module dependency,216.0
"2026-04-12T04:21:02.000Z ##[group]Run CI for microsoft/vscode
2026-04-12T04:21:02.000Z Runner image: macos-latest
2026-04-12T04:21:02.000Z Language: rust
2026-04-12T04:21:02.000Z Starting module compiler
2026-04-12T04:21:02.000Z Traceback (most recent call last): ValueError: invalid state transition in compiler
2026-04-12T04:21:02.000Z ##[error]Runtime exception in test process",2026-04-12t04:21:02.000z group run ci for microsoft/vscode 2026-04-12t04:21:02.000z runner image: macos-latest 2026-04-12t04:21:02.000z language: rust 2026-04-12t04:21:02.000z starting module compiler 2026-04-12t04:21:02.000z traceback most,Runtime Error,test,medium,Unhandled exception during job execution,
"2026-04-01T20:58:05.000Z ##[group]Run CI for apache/spark
2026-04-01T20:58:05.000Z Runner image: ubuntu-latest
2026-04-01T20:58:05.000Z Language: python
2026-04-01T20:58:05.000Z Starting module cache
2026-04-01T20:58:05.000Z Traceback (most recent call last): ValueError: invalid state transition in cache
2026-04-01T20:58:05.000Z ##[error]Runtime exception in test process",2026-04-01t20:58:05.000z group run ci for apache/spark 2026-04-01t20:58:05.000z runner image: ubuntu-latest 2026-04-01t20:58:05.000z language: python 2026-04-01t20:58:05.000z starting module cache 2026-04-01t20:58:05.000z traceback most,Runtime Error,test,medium,Unhandled exception during job execution,236.0
"2026-04-01T18:46:28.000Z ##[group]Run CI for vercel/next.js
2026-04-01T18:46:28.000Z Runner image: ubuntu-latest
2026-04-01T18:46:28.000Z Language: java
2026-04-01T18:46:28.000Z make build-ci -j4
2026-04-01T18:46:28.000Z gcc: fatal error: cannot execute 'cc1plus': No such file or directory
2026-04-01T18:46:28.000Z ##[error]Build failed with exit code 2",2026-04-01t18:46:28.000z group run ci for vercel/next.js 2026-04-01t18:46:28.000z runner image: ubuntu-latest 2026-04-01t18:46:28.000z language: java 2026-04-01t18:46:28.000z make build-ci -j4 2026-04-01t18:46:28.000z gcc: fatal,Build Failure,build,high,Compilation or packaging process failed,228.0
"2026-04-06T19:03:28.9031308Z [2m  (kind: exception) Fixture not implemented[22m 2026-04-06T19:03:28.9031913Z 1719 Tests, 1718 Passed, 1 Failed 2026-04-06T19:03:29.0792128Z error Command failed with exit code 1. 2026-04-06T19:03:29.0944309Z error Command failed. 2026-04-06T19:03:29.1098966Z error Command failed with exit code 1.",tz m kind exception fixture,Test Failure,test,medium,Assertion or test case failure,27.0
"2026-04-01T13:51:34.000Z ##[group]Run CI for angular/angular
2026-04-01T13:51:34.000Z Runner image: windows-latest
2026-04-01T13:51:34.000Z Language: go
2026-04-01T13:51:34.000Z Starting module auth
2026-04-01T13:51:34.000Z Traceback (most recent call last): ValueError: invalid state transition in auth
2026-04-01T13:51:34.000Z ##[error]Runtime exception in test process",2026-04-01t13:51:34.000z group run ci for angular/angular 2026-04-01t13:51:34.000z runner image: windows-latest 2026-04-01t13:51:34.000z language: go 2026-04-01t13:51:34.000z starting module auth 2026-04-01t13:51:34.000z traceback most,Runtime Error,test,medium,Unhandled exception during job execution,235.0
"2026-04-01T13:38:10.000Z ##[group]Run CI for angular/angular
2026-04-01T13:38:10.000Z Runner image: macos-latest
2026-04-01T13:38:10.000Z Language: python
2026-04-01T13:38:10.000Z pytest -m integration --maxfail=1
2026-04-01T13:38:10.000Z Error: Process timed out after 10 minutes
2026-04-01T13:38:10.000Z ##[error]The operation was canceled",2026-04-01t13:38:10.000z group run ci for angular/angular 2026-04-01t13:38:10.000z runner image: macos-latest 2026-04-01t13:38:10.000z language: python 2026-04-01t13:38:10.000z pytest -m integration --maxfail 1 2026-04-01t13:38:10.000z,Timeout Error,test,medium,Long-running step exceeded CI timeout threshold,235.0
"2026-04-02T01:24:12.000Z ##[group]Run CI for apache/spark
2026-04-02T01:24:12.000Z Runner image: ubuntu-latest
2026-04-02T01:24:12.000Z Language: rust
2026-04-02T01:24:12.000Z aws secretsmanager get-secret-value --secret-id docker-token
2026-04-02T01:24:12.000Z AccessDeniedException: User is not authorized to perform secretsmanager:GetSecretValue
2026-04-02T01:24:12.000Z ##[error]permission denied while accessing deployment secret",2026-04-02t01:24:12.000z group run ci for apache/spark 2026-04-02t01:24:12.000z runner image: ubuntu-latest 2026-04-02t01:24:12.000z language: rust 2026-04-02t01:24:12.000z aws secretsmanager get-secret-value --secret-id docker-token 2026-04-02t01:24:12.000z,Permission Error,deploy,high,"Token, role, or filesystem permission denied",258.0
"2026-04-02T00:24:57.000Z ##[group]Run CI for pytorch/pytorch
2026-04-02T00:24:57.000Z Runner image: windows-latest
2026-04-02T00:24:57.000Z Language: go
2026-04-02T00:24:57.000Z aws secretsmanager get-secret-value --secret-id docker-token
2026-04-02T00:24:57.000Z AccessDeniedException: User is not authorized to perform secretsmanager:GetSecretValue
2026-04-02T00:24:57.000Z ##[error]permission denied while accessing deployment secret",2026-04-02t00:24:57.000z group run ci for pytorch/pytorch 2026-04-02t00:24:57.000z runner image: windows-latest 2026-04-02t00:24:57.000z language: go 2026-04-02t00:24:57.000z aws secretsmanager get-secret-value --secret-id docker-token 2026-04-02t00:24:57.000z,Permission Error,deploy,high,"Token, role, or filesystem permission denied",260.0
"2026-04-01T23:03:50.000Z ##[group]Run CI for pytorch/pytorch
2026-04-01T23:03:50.000Z Runner image: macos-latest
2026-04-01T23:03:50.000Z Language: python
2026-04-01T23:03:50.000Z make build-ci -j4
2026-04-01T23:03:50.000Z gcc: fatal error: cannot execute 'cc1plus': No such file or directory
2026-04-01T23:03:50.000Z ##[error]Build failed with exit code 2",2026-04-01t23:03:50.000z group run ci for pytorch/pytorch 2026-04-01t23:03:50.000z runner image: macos-latest 2026-04-01t23:03:50.000z language: python 2026-04-01t23:03:50.000z make build-ci -j4 2026-04-01t23:03:50.000z gcc: fatal,Build Failure,build,high,Compilation or packaging process failed,230.0
"2026-04-01T16:09:11.000Z ##[group]Run CI for pytorch/pytorch
2026-04-01T16:09:11.000Z Runner image: ubuntu-latest
2026-04-01T16:09:11.000Z Language: rust
2026-04-01T16:09:11.000Z validating .github/workflows/ci.yml
2026-04-01T16:09:11.000Z workflow syntax error: Unexpected value 'stepz'
2026-04-01T16:09:11.000Z ##[error]Invalid workflow configuration",2026-04-01t16:09:11.000z group run ci for pytorch/pytorch 2026-04-01t16:09:11.000z runner image: ubuntu-latest 2026-04-01t16:09:11.000z language: rust 2026-04-01t16:09:11.000z validating .github/workflows/ci.yml 2026-04-01t16:09:11.000z workflow syntax error:,Configuration Error,build,high,Invalid workflow configuration or environment variable,259.0
"2026-04-01T22:54:37.000Z ##[group]Run CI for angular/angular
2026-04-01T22:54:37.000Z Runner image: windows-latest
2026-04-01T22:54:37.000Z Language: node
2026-04-01T22:54:37.000Z make build-ci -j4
2026-04-01T22:54:37.000Z gcc: fatal error: cannot execute 'cc1plus': No such file or directory
2026-04-01T22:54:37.000Z ##[error]Build failed with exit code 2",2026-04-01t22:54:37.000z group run ci for angular/angular 2026-04-01t22:54:37.000z runner image: windows-latest 2026-04-01t22:54:37.000z language: node 2026-04-01t22:54:37.000z make build-ci -j4 2026-04-01t22:54:37.000z gcc: fatal,Build Failure,build,high,Compilation or packaging process failed,230.0
"2026-04-02T01:00:36.000Z ##[group]Run CI for vercel/next.js
2026-04-02T01:00:36.000Z Runner image: macos-latest
2026-04-02T01:00:36.000Z Language: java
2026-04-02T01:00:36.000Z aws secretsmanager get-secret-value --secret-id docker-token
2026-04-02T01:00:36.000Z AccessDeniedException: User is not authorized to perform secretsmanager:GetSecretValue
2026-04-02T01:00:36.000Z ##[error]permission denied while accessing deployment secret",2026-04-02t01:00:36.000z group run ci for vercel/next.js 2026-04-02t01:00:36.000z runner image: macos-latest 2026-04-02t01:00:36.000z language: java 2026-04-02t01:00:36.000z aws secretsmanager get-secret-value --secret-id docker-token 2026-04-02t01:00:36.000z,Permission Error,deploy,high,"Token, role, or filesystem permission denied",259.0
"2026-04-02T06:45:58.000Z ##[group]Run CI for pytorch/pytorch
2026-04-02T06:45:58.000Z Runner image: windows-latest
2026-04-02T06:45:58.000Z Language: rust
2026-04-02T06:45:58.000Z helm upgrade --install api ./charts/api
2026-04-02T06:45:58.000Z Error: UPGRADE FAILED: timed out waiting for the condition
2026-04-02T06:45:58.000Z ##[error]Deployment failed in production stage",2026-04-02t06:45:58.000z group run ci for pytorch/pytorch 2026-04-02t06:45:58.000z runner image: windows-latest 2026-04-02t06:45:58.000z language: rust 2026-04-02t06:45:58.000z helm upgrade --install api ./charts/api 2026-04-02t06:45:58.000z,Deployment Error,deploy,high,Release or deployment command failed,241.0
"2026-04-01T13:32:55.000Z ##[group]Run CI for microsoft/vscode
2026-04-01T13:32:55.000Z Runner image: windows-latest
2026-04-01T13:32:55.000Z Language: rust
2026-04-01T13:32:55.000Z Starting module router
2026-04-01T13:32:55.000Z Traceback (most recent call last): ValueError: invalid state transition in router
2026-04-01T13:32:55.000Z ##[error]Runtime exception in test process",2026-04-01t13:32:55.000z group run ci for microsoft/vscode 2026-04-01t13:32:55.000z runner image: windows-latest 2026-04-01t13:32:55.000z language: rust 2026-04-01t13:32:55.000z starting module router 2026-04-01t13:32:55.000z traceback most,Runtime Error,test,medium,Unhandled exception during job execution,240.0
"2026-04-11T22:15:30.000Z ##[group]Run CI for vercel/next.js
2026-04-11T22:15:30.000Z Runner image: windows-latest
2026-04-11T22:15:30.000Z Language: node
2026-04-11T22:15:30.000Z pytest -m integration --maxfail=1
2026-04-11T22:15:30.000Z Error: Process timed out after 20 minutes
2026-04-11T22:15:30.000Z ##[error]The operation was canceled",2026-04-11t22:15:30.000z group run ci for vercel/next.js 2026-04-11t22:15:30.000z runner image: windows-latest 2026-04-11t22:15:30.000z language: node 2026-04-11t22:15:30.000z pytest -m integration --maxfail 1 2026-04-11t22:15:30.000z,Timeout Error,test,medium,Long-running step exceeded CI timeout threshold,
"2026-04-01T16:45:58.000Z ##[group]Run CI for facebook/react
2026-04-01T16:45:58.000Z Runner image: ubuntu-latest
2026-04-01T16:45:58.000Z Language: java
2026-04-01T16:45:58.000Z pytest -m integration --maxfail=1
2026-04-01T16:45:58.000Z Error: Process timed out after 20 minutes
2026-04-01T16:45:58.000Z ##[error]The operation was canceled",2026-04-01t16:45:58.000z group run ci for facebook/react 2026-04-01t16:45:58.000z runner image: ubuntu-latest 2026-04-01t16:45:58.000z language: java 2026-04-01t16:45:58.000z pytest -m integration --maxfail 1 2026-04-01t16:45:58.000z,Timeout Error,test,medium,Long-running step exceeded CI timeout threshold,233.0
"2026-04-01T09:18:23.000Z ##[group]Run CI for nodejs/node
2026-04-01T09:18:23.000Z Runner image: windows-latest
2026-04-01T09:18:23.000Z Language: node
2026-04-01T09:18:23.000Z FAIL tests/integration/test_auth_flow.py
2026-04-01T09:18:23.000Z AssertionError: expected 6 but received 14
2026-04-01T09:18:23.000Z ##[error]Test suite failed with exit code 1",2026-04-01t09:18:23.000z group run ci for nodejs/node 2026-04-01t09:18:23.000z runner image: windows-latest 2026-04-01t09:18:23.000z language: node 2026-04-01t09:18:23.000z fail tests/integration/test_auth_flow.py 2026-04-01t09:18:23.000z assertionerror: expected 6,Test Failure,test,medium,Assertion mismatch in CI test suite,265.0
"2026-04-12T02:12:42.000Z ##[group]Run CI for spring-projects/spring-boot
2026-04-12T02:12:42.000Z Runner image: ubuntu-latest
2026-04-12T02:12:42.000Z Language: go
2026-04-12T02:12:42.000Z make build-ci -j4
2026-04-12T02:12:42.000Z gcc: fatal error: cannot execute 'cc1plus': No such file or directory
2026-04-12T02:12:42.000Z ##[error]Build failed with exit code 2",2026-04-12t02:12:42.000z group run ci for spring-projects/spring-boot 2026-04-12t02:12:42.000z runner image: ubuntu-latest 2026-04-12t02:12:42.000z language: go 2026-04-12t02:12:42.000z make build-ci -j4 2026-04-12t02:12:42.000z gcc: fatal,Build Failure,build,high,Compilation or packaging process failed,
"2026-04-01T10:20:05.000Z ##[group]Run CI for microsoft/vscode
2026-04-01T10:20:05.000Z Runner image: macos-latest
2026-04-01T10:20:05.000Z Language: python
2026-04-01T10:20:05.000Z ERROR: Module not found: Cannot resolve 'numpy'
2026-04-01T10:20:05.000Z npm ERR! code E404
2026-04-01T10:20:05.000Z ##[error]Dependency installation failed",2026-04-01t10:20:05.000z group run ci for microsoft/vscode 2026-04-01t10:20:05.000z runner image: macos-latest 2026-04-01t10:20:05.000z language: python 2026-04-01t10:20:05.000z error: module not found: cannot resolve,Dependency Error,build,high,Missing package or unresolved module dependency,217.0
"2026-04-11T18:51:59.000Z ##[group]Run CI for django/django
2026-04-11T18:51:59.000Z Runner image: macos-latest
2026-04-11T18:51:59.000Z Language: rust
2026-04-11T18:51:59.000Z ERROR: Module not found: Cannot resolve 'torch'
2026-04-11T18:51:59.000Z npm ERR! code E404
2026-04-11T18:51:59.000Z ##[error]Dependency installation failed",2026-04-11t18:51:59.000z group run ci for django/django 2026-04-11t18:51:59.000z runner image: macos-latest 2026-04-11t18:51:59.000z language: rust 2026-04-11t18:51:59.000z error: module not found: cannot resolve,Dependency Error,build,high,Missing package or unresolved module dependency,
"2026-04-02T02:48:01.000Z ##[group]Run CI for facebook/react
2026-04-02T02:48:01.000Z Runner image: ubuntu-latest
2026-04-02T02:48:01.000Z Language: python
2026-04-02T02:48:01.000Z validating .github/workflows/ci.yml
2026-04-02T02:48:01.000Z workflow syntax error: Unexpected value 'stepz'
2026-04-02T02:48:01.000Z ##[error]Invalid workflow configuration",2026-04-02t02:48:01.000z group run ci for facebook/react 2026-04-02t02:48:01.000z runner image: ubuntu-latest 2026-04-02t02:48:01.000z language: python 2026-04-02t02:48:01.000z validating .github/workflows/ci.yml 2026-04-02t02:48:01.000z workflow syntax error:,Configuration Error,build,high,Invalid workflow configuration or environment variable,260.0
"2026-04-01T10:48:49.000Z ##[group]Run CI for tensorflow/tensorflow
2026-04-01T10:48:49.000Z Runner image: macos-latest
2026-04-01T10:48:49.000Z Language: go
2026-04-01T10:48:49.000Z ERROR: Module not found: Cannot resolve 'spring-core'
2026-04-01T10:48:49.000Z npm ERR! code E404
2026-04-01T10:48:49.000Z ##[error]Dependency installation failed",2026-04-01t10:48:49.000z group run ci for tensorflow/tensorflow 2026-04-01t10:48:49.000z runner image: macos-latest 2026-04-01t10:48:49.000z language: go 2026-04-01t10:48:49.000z error: module not found: cannot resolve,Dependency Error,build,high,Missing package or unresolved module dependency,218.0
"2026-04-02T00:54:26.000Z ##[group]Run CI for nodejs/node
2026-04-02T00:54:26.000Z Runner image: windows-latest
2026-04-02T00:54:26.000Z Language: node
2026-04-02T00:54:26.000Z make build-ci -j4
2026-04-02T00:54:26.000Z gcc: fatal error: cannot execute 'cc1plus': No such file or directory
2026-04-02T00:54:26.000Z ##[error]Build failed with exit code 2",2026-04-02t00:54:26.000z group run ci for nodejs/node 2026-04-02t00:54:26.000z runner image: windows-latest 2026-04-02t00:54:26.000z language: node 2026-04-02t00:54:26.000z make build-ci -j4 2026-04-02t00:54:26.000z gcc: fatal,Build Failure,build,high,Compilation or packaging process failed,226.0
"2026-04-15T09:28:40.000Z ##[group]Run CI for microsoft/vscode
2026-04-15T09:28:40.000Z Runner image: ubuntu-latest
2026-04-15T09:28:40.000Z Language: java
2026-04-15T09:28:40.000Z src/worker/handler.py:150: SyntaxError: unexpected token '=>'
2026-04-15T09:28:40.000Z pylint: E0001 syntax-error
2026-04-15T09:28:40.000Z ##[error]Build stopped due to syntax error",2026-04-15t09:28:40.000z group run ci for microsoft/vscode 2026-04-15t09:28:40.000z runner image: ubuntu-latest 2026-04-15t09:28:40.000z language: java 2026-04-15t09:28:40.000z src/worker/handler.py:150: syntaxerror: unexpected token 2026-04-15t09:28:40.000z pylint:,Syntax Error,build,high,Invalid code syntax detected by compiler or linter,
"2026-04-01T14:44:19.000Z ##[group]Run CI for tensorflow/tensorflow
2026-04-01T14:44:19.000Z Runner image: windows-latest
2026-04-01T14:44:19.000Z Language: go
2026-04-01T14:44:19.000Z helm upgrade --install api ./charts/api
2026-04-01T14:44:19.000Z Error: UPGRADE FAILED: timed out waiting for the condition
2026-04-01T14:44:19.000Z ##[error]Deployment failed in production stage",2026-04-01t14:44:19.000z group run ci for tensorflow/tensorflow 2026-04-01t14:44:19.000z runner image: windows-latest 2026-04-01t14:44:19.000z language: go 2026-04-01t14:44:19.000z helm upgrade --install api ./charts/api 2026-04-01t14:44:19.000z,Deployment Error,deploy,high,Release or deployment command failed,245.0
"2026-04-01T13:01:03.000Z ##[group]Run CI for apache/spark
2026-04-01T13:01:03.000Z Runner image: macos-latest
2026-04-01T13:01:03.000Z Language: java
2026-04-01T13:01:03.000Z Starting module auth
2026-04-01T13:01:03.000Z Traceback (most recent call last): ValueError: invalid state transition in auth
2026-04-01T13:01:03.000Z ##[error]Runtime exception in test process",2026-04-01t13:01:03.000z group run ci for apache/spark 2026-04-01t13:01:03.000z runner image: macos-latest 2026-04-01t13:01:03.000z language: java 2026-04-01t13:01:03.000z starting module auth 2026-04-01t13:01:03.000z traceback most,Runtime Error,test,medium,Unhandled exception during job execution,232.0
"2026-04-15T20:28:29.000Z ##[group]Run CI for nodejs/node
2026-04-15T20:28:29.000Z Runner image: macos-latest
2026-04-15T20:28:29.000Z Language: python
2026-04-15T20:28:29.000Z helm upgrade --install api ./charts/api
2026-04-15T20:28:29.000Z Error: UPGRADE FAILED: timed out waiting for the condition
2026-04-15T20:28:29.000Z ##[error]Deployment failed in production stage",2026-04-15t20:28:29.000z group run ci for nodejs/node 2026-04-15t20:28:29.000z runner image: macos-latest 2026-04-15t20:28:29.000z language: python 2026-04-15t20:28:29.000z helm upgrade --install api ./charts/api 2026-04-15t20:28:29.000z,Deployment Error,deploy,high,Release or deployment command failed,
"2026-04-12T00:15:55.000Z ##[group]Run CI for spring-projects/spring-boot
2026-04-12T00:15:55.000Z Runner image: macos-latest
2026-04-12T00:15:55.000Z Language: go
2026-04-12T00:15:55.000Z aws secretsmanager get-secret-value --secret-id docker-token
2026-04-12T00:15:55.000Z AccessDeniedException: User is not authorized to perform secretsmanager:GetSecretValue
2026-04-12T00:15:55.000Z ##[error]permission denied while accessing deployment secret",2026-04-12t00:15:55.000z group run ci for spring-projects/spring-boot 2026-04-12t00:15:55.000z runner image: macos-latest 2026-04-12t00:15:55.000z language: go 2026-04-12t00:15:55.000z aws secretsmanager get-secret-value --secret-id docker-token 2026-04-12t00:15:55.000z,Permission Error,deploy,high,"Token, role, or filesystem permission denied",
"2026-03-19T16:41:27.4842394Z PASS packages/react-dom/src/__tests__/ReactDOMConsoleErrorReporting-test.js 2026-03-19T16:41:53.3187018Z A worker process has failed to exit gracefully and has been force exited. This is likely caused by tests leaking due to improper teardown. Try running with --detectOpenHandles to find leaks. Active timers can also cause this, ensure that .unref() was called on them. 2026-03-19T16:41:34.9670134Z PASS packages/react-reconciler/src/__tests__/ReactErrorStacks-test.js 2026-03-19T16:41:34.6760445Z PASS packages/react-reconciler/src/__tests__/ReactIncrementalErrorLogging-test.js 2026-03-19T16:41:35.1248358Z PASS packages/react-reconciler/src/__tests__/ReactConfigurableErrorLogging-test.js",tz pass packagesreactdomsrctestsreactdomconsoleerrorreportingtestjs tz a,Test Failure,test,medium,Assertion or test case failure,72.0
"2026-04-02T08:30:16.000Z ##[group]Run CI for microsoft/vscode
2026-04-02T08:30:16.000Z Runner image: ubuntu-latest
2026-04-02T08:30:16.000Z Language: java
2026-04-02T08:30:16.000Z Pulling cache layer from registry
2026-04-02T08:30:16.000Z error: failed to solve: no space left on device
2026-04-02T08:30:16.000Z ##[error]Runner disk pressure caused job failure",2026-04-02t08:30:16.000z group run ci for microsoft/vscode 2026-04-02t08:30:16.000z runner image: ubuntu-latest 2026-04-02t08:30:16.000z language: java 2026-04-02t08:30:16.000z pulling cache layer from registry 2026-04-02t08:30:16.000z,Infrastructure Error,build,high,Runner or external service instability,235.0
"2026-04-11T23:12:28.000Z ##[group]Run CI for nodejs/node
2026-04-11T23:12:28.000Z Runner image: windows-latest
2026-04-11T23:12:28.000Z Language: rust
2026-04-11T23:12:28.000Z pytest -m integration --maxfail=1
2026-04-11T23:12:28.000Z Error: Process timed out after 10 minutes
2026-04-11T23:12:28.000Z ##[error]The operation was canceled",2026-04-11t23:12:28.000z group run ci for nodejs/node 2026-04-11t23:12:28.000z runner image: windows-latest 2026-04-11t23:12:28.000z language: rust 2026-04-11t23:12:28.000z pytest -m integration --maxfail 1 2026-04-11t23:12:28.000z,Timeout Error,test,medium,Long-running step exceeded CI timeout threshold,
"2026-04-02T10:54:05.000Z ##[group]Run CI for apache/spark
2026-04-02T10:54:05.000Z Runner image: ubuntu-latest
2026-04-02T10:54:05.000Z Language: node
2026-04-02T10:54:05.000Z validating .github/workflows/ci.yml
2026-04-02T10:54:05.000Z workflow syntax error: Unexpected value 'stepz'
2026-04-02T10:54:05.000Z ##[error]Invalid workflow configuration",2026-04-02t10:54:05.000z group run ci for apache/spark 2026-04-02t10:54:05.000z runner image: ubuntu-latest 2026-04-02t10:54:05.000z language: node 2026-04-02t10:54:05.000z validating .github/workflows/ci.yml 2026-04-02t10:54:05.000z workflow syntax error:,Configuration Error,build,high,Invalid workflow configuration or environment variable,256.0
"2026-04-02T15:12:26.000Z ##[group]Run CI for spring-projects/spring-boot
2026-04-02T15:12:26.000Z Runner image: macos-latest
2026-04-02T15:12:26.000Z Language: go
2026-04-02T15:12:26.000Z Pulling cache layer from registry
2026-04-02T15:12:26.000Z error: failed to solve: no space left on device
2026-04-02T15:12:26.000Z ##[error]Runner disk pressure caused job failure",2026-04-02t15:12:26.000z group run ci for spring-projects/spring-boot 2026-04-02t15:12:26.000z runner image: macos-latest 2026-04-02t15:12:26.000z language: go 2026-04-02t15:12:26.000z pulling cache layer from registry 2026-04-02t15:12:26.000z,Infrastructure Error,build,high,Runner or external service instability,243.0
"2026-04-12T05:45:46.000Z ##[group]Run CI for spring-projects/spring-boot
2026-04-12T05:45:46.000Z Runner image: macos-latest
2026-04-12T05:45:46.000Z Language: go
2026-04-12T05:45:46.000Z helm upgrade --install api ./charts/api
2026-04-12T05:45:46.000Z Error: UPGRADE FAILED: timed out waiting for the condition
2026-04-12T05:45:46.000Z ##[error]Deployment failed in production stage",2026-04-12t05:45:46.000z group run ci for spring-projects/spring-boot 2026-04-12t05:45:46.000z runner image: macos-latest 2026-04-12t05:45:46.000z language: go 2026-04-12t05:45:46.000z helm upgrade --install api ./charts/api 2026-04-12t05:45:46.000z,Deployment Error,deploy,high,Release or deployment command failed,
"2026-04-02T09:20:58.000Z ##[group]Run CI for vercel/next.js
2026-04-02T09:20:58.000Z Runner image: macos-latest
2026-04-02T09:20:58.000Z Language: python
2026-04-02T09:20:58.000Z Starting module cache
2026-04-02T09:20:58.000Z Traceback (most recent call last): ValueError: invalid state transition in cache
2026-04-02T09:20:58.000Z ##[error]Runtime exception in test process",2026-04-02t09:20:58.000z group run ci for vercel/next.js 2026-04-02t09:20:58.000z runner image: macos-latest 2026-04-02t09:20:58.000z language: python 2026-04-02t09:20:58.000z starting module cache 2026-04-02t09:20:58.000z traceback most,Runtime Error,test,medium,Unhandled exception during job execution,237.0
"2026-04-01T20:24:12.000Z ##[group]Run CI for angular/angular
2026-04-01T20:24:12.000Z Runner image: macos-latest
2026-04-01T20:24:12.000Z Language: go
2026-04-01T20:24:12.000Z Starting module scheduler
2026-04-01T20:24:12.000Z Traceback (most recent call last): ValueError: invalid state transition in scheduler
2026-04-01T20:24:12.000Z ##[error]Runtime exception in test process",2026-04-01t20:24:12.000z group run ci for angular/angular 2026-04-01t20:24:12.000z runner image: macos-latest 2026-04-01t20:24:12.000z language: go 2026-04-01t20:24:12.000z starting module scheduler 2026-04-01t20:24:12.000z traceback most,Runtime Error,test,medium,Unhandled exception during job execution,238.0
"2026-04-08T16:24:19.000Z ##[group]Run CI for spring-projects/spring-boot
2026-04-08T16:24:19.000Z Runner image: ubuntu-latest
2026-04-08T16:24:19.000Z Language: python
2026-04-08T16:24:19.000Z validating .github/workflows/ci.yml
2026-04-08T16:24:19.000Z workflow syntax error: Unexpected value 'stepz'
2026-04-08T16:24:19.000Z ##[error]Invalid workflow configuration",2026-04-08t16:24:19.000z group run ci for spring-projects/spring-boot 2026-04-08t16:24:19.000z runner image: ubuntu-latest 2026-04-08t16:24:19.000z language: python 2026-04-08t16:24:19.000z validating .github/workflows/ci.yml 2026-04-08t16:24:19.000z workflow syntax error:,Configuration Error,build,high,Invalid workflow configuration or environment variable,
"2026-04-11T22:18:44.000Z ##[group]Run CI for django/django
2026-04-11T22:18:44.000Z Runner image: macos-latest
2026-04-11T22:18:44.000Z Language: rust
2026-04-11T22:18:44.000Z pytest -m integration --maxfail=1
2026-04-11T22:18:44.000Z Error: Process timed out after 30 minutes
2026-04-11T22:18:44.000Z ##[error]The operation was canceled",2026-04-11t22:18:44.000z group run ci for django/django 2026-04-11t22:18:44.000z runner image: macos-latest 2026-04-11t22:18:44.000z language: rust 2026-04-11t22:18:44.000z pytest -m integration --maxfail 1 2026-04-11t22:18:44.000z,Timeout Error,test,medium,Long-running step exceeded CI timeout threshold,
"2026-04-01T09:52:53.000Z ##[group]Run CI for microsoft/vscode
2026-04-01T09:52:53.000Z Runner image: ubuntu-latest
2026-04-01T09:52:53.000Z Language: python
2026-04-01T09:52:53.000Z FAIL src/test/java/com/example/ServiceTest.java
2026-04-01T09:52:53.000Z AssertionError: expected 1 but received 11
2026-04-01T09:52:53.000Z ##[error]Test suite failed with exit code 1",2026-04-01t09:52:53.000z group run ci for microsoft/vscode 2026-04-01t09:52:53.000z runner image: ubuntu-latest 2026-04-01t09:52:53.000z language: python 2026-04-01t09:52:53.000z fail src/test/java/com/example/servicetest.java 2026-04-01t09:52:53.000z assertionerror: expected 1,Test Failure,test,medium,Assertion mismatch in CI test suite,278.0
"2026-04-02T09:36:48.000Z ##[group]Run CI for spring-projects/spring-boot
2026-04-02T09:36:48.000Z Runner image: windows-latest
2026-04-02T09:36:48.000Z Language: go
2026-04-02T09:36:48.000Z Starting module auth
2026-04-02T09:36:48.000Z Traceback (most recent call last): ValueError: invalid state transition in auth
2026-04-02T09:36:48.000Z ##[error]Runtime exception in test process",2026-04-02t09:36:48.000z group run ci for spring-projects/spring-boot 2026-04-02t09:36:48.000z runner image: windows-latest 2026-04-02t09:36:48.000z language: go 2026-04-02t09:36:48.000z starting module auth 2026-04-02t09:36:48.000z traceback most,Runtime Error,test,medium,Unhandled exception during job execution,247.0
"2026-04-04T18:48:15.000Z ##[group]Run CI for facebook/react
2026-04-04T18:48:15.000Z Runner image: windows-latest
2026-04-04T18:48:15.000Z Language: java
2026-04-04T18:48:15.000Z FAIL packages/react-dom/src/__tests__/hydration.test.js
2026-04-04T18:48:15.000Z AssertionError: expected 4 but received 19
2026-04-04T18:48:15.000Z ##[error]Test suite failed with exit code 1",2026-04-04t18:48:15.000z group run ci for facebook/react 2026-04-04t18:48:15.000z runner image: windows-latest 2026-04-04t18:48:15.000z language: java 2026-04-04t18:48:15.000z fail packages/react-dom/src/__tests__/hydration.test.js 2026-04-04t18:48:15.000z assertionerror: expected 4,Test Failure,test,medium,Assertion mismatch in CI test suite,
"2026-04-01T09:33:22.000Z ##[group]Run CI for pytorch/pytorch
2026-04-01T09:33:22.000Z Runner image: windows-latest
2026-04-01T09:33:22.000Z Language: python
2026-04-01T09:33:22.000Z FAIL compiler/src/tests/error_reporting.rs
2026-04-01T09:33:22.000Z AssertionError: expected 7 but received 19
2026-04-01T09:33:22.000Z ##[error]Test suite failed with exit code 1",2026-04-01t09:33:22.000z group run ci for pytorch/pytorch 2026-04-01t09:33:22.000z runner image: windows-latest 2026-04-01t09:33:22.000z language: python 2026-04-01t09:33:22.000z fail compiler/src/tests/error_reporting.rs 2026-04-01t09:33:22.000z assertionerror: expected 7,Test Failure,test,medium,Assertion mismatch in CI test suite,273.0
"2026-04-02T05:00:17.000Z ##[group]Run CI for django/django
2026-04-02T05:00:17.000Z Runner image: ubuntu-latest
2026-04-02T05:00:17.000Z Language: node
2026-04-02T05:00:17.000Z helm upgrade --install api ./charts/api
2026-04-02T05:00:17.000Z Error: UPGRADE FAILED: timed out waiting for the condition
2026-04-02T05:00:17.000Z ##[error]Deployment failed in production stage",2026-04-02t05:00:17.000z group run ci for django/django 2026-04-02t05:00:17.000z runner image: ubuntu-latest 2026-04-02t05:00:17.000z language: node 2026-04-02t05:00:17.000z helm upgrade --install api ./charts/api 2026-04-02t05:00:17.000z,Deployment Error,deploy,high,Release or deployment command failed,238.0
"2026-04-01T09:06:13.000Z ##[group]Run CI for microsoft/vscode
2026-04-01T09:06:13.000Z Runner image: windows-latest
2026-04-01T09:06:13.000Z Language: rust
2026-04-01T09:06:13.000Z FAIL src/test/java/com/example/ServiceTest.java
2026-04-01T09:06:13.000Z AssertionError: expected 9 but received 18
2026-04-01T09:06:13.000Z ##[error]Test suite failed with exit code 1",2026-04-01t09:06:13.000z group run ci for microsoft/vscode 2026-04-01t09:06:13.000z runner image: windows-latest 2026-04-01t09:06:13.000z language: rust 2026-04-01t09:06:13.000z fail src/test/java/com/example/servicetest.java 2026-04-01t09:06:13.000z assertionerror: expected 9,Test Failure,test,medium,Assertion mismatch in CI test suite,277.0
"2026-04-01T22:12:12.000Z ##[group]Run CI for nodejs/node
2026-04-01T22:12:12.000Z Runner image: windows-latest
2026-04-01T22:12:12.000Z Language: rust
2026-04-01T22:12:12.000Z make build-ci -j4
2026-04-01T22:12:12.000Z gcc: fatal error: cannot execute 'cc1plus': No such file or directory
2026-04-01T22:12:12.000Z ##[error]Build failed with exit code 2",2026-04-01t22:12:12.000z group run ci for nodejs/node 2026-04-01t22:12:12.000z runner image: windows-latest 2026-04-01t22:12:12.000z language: rust 2026-04-01t22:12:12.000z make build-ci -j4 2026-04-01t22:12:12.000z gcc: fatal,Build Failure,build,high,Compilation or packaging process failed,226.0
"2026-04-01T16:20:29.000Z ##[group]Run CI for pytorch/pytorch
2026-04-01T16:20:29.000Z Runner image: windows-latest
2026-04-01T16:20:29.000Z Language: rust
2026-04-01T16:20:29.000Z src/worker/handler.py:106: SyntaxError: unexpected token '{'
2026-04-01T16:20:29.000Z pylint: E0001 syntax-error
2026-04-01T16:20:29.000Z ##[error]Build stopped due to syntax error",2026-04-01t16:20:29.000z group run ci for pytorch/pytorch 2026-04-01t16:20:29.000z runner image: windows-latest 2026-04-01t16:20:29.000z language: rust 2026-04-01t16:20:29.000z src/worker/handler.py:106: syntaxerror: unexpected token 2026-04-01t16:20:29.000z pylint:,Syntax Error,build,high,Invalid code syntax detected by compiler or linter,266.0
"2026-04-04T19:49:48.000Z ##[group]Run CI for pytorch/pytorch
2026-04-04T19:49:48.000Z Runner image: ubuntu-latest
2026-04-04T19:49:48.000Z Language: python
2026-04-04T19:49:48.000Z src/worker/handler.py:136: SyntaxError: unexpected token '@'
2026-04-04T19:49:48.000Z pylint: E0001 syntax-error
2026-04-04T19:49:48.000Z ##[error]Build stopped due to syntax error",2026-04-04t19:49:48.000z group run ci for pytorch/pytorch 2026-04-04t19:49:48.000z runner image: ubuntu-latest 2026-04-04t19:49:48.000z language: python 2026-04-04t19:49:48.000z src/worker/handler.py:136: syntaxerror: unexpected token 2026-04-04t19:49:48.000z pylint:,Syntax Error,build,high,Invalid code syntax detected by compiler or linter,
"2026-04-16T02:16:39.000Z ##[group]Run CI for angular/angular
2026-04-16T02:16:39.000Z Runner image: windows-latest
2026-04-16T02:16:39.000Z Language: node
2026-04-16T02:16:39.000Z validating .github/workflows/ci.yml
2026-04-16T02:16:39.000Z workflow syntax error: Unexpected value 'stepz'
2026-04-16T02:16:39.000Z ##[error]Invalid workflow configuration",2026-04-16t02:16:39.000z group run ci for angular/angular 2026-04-16t02:16:39.000z runner image: windows-latest 2026-04-16t02:16:39.000z language: node 2026-04-16t02:16:39.000z validating .github/workflows/ci.yml 2026-04-16t02:16:39.000z workflow syntax error:,Configuration Error,build,high,Invalid workflow configuration or environment variable,
"2026-04-01T15:36:14.000Z ##[group]Run CI for django/django
2026-04-01T15:36:14.000Z Runner image: macos-latest
2026-04-01T15:36:14.000Z Language: node
2026-04-01T15:36:14.000Z Pulling cache layer from registry
2026-04-01T15:36:14.000Z error: failed to solve: no space left on device
2026-04-01T15:36:14.000Z ##[error]Runner disk pressure caused job failure",2026-04-01t15:36:14.000z group run ci for django/django 2026-04-01t15:36:14.000z runner image: macos-latest 2026-04-01t15:36:14.000z language: node 2026-04-01t15:36:14.000z pulling cache layer from registry 2026-04-01t15:36:14.000z,Infrastructure Error,build,high,Runner or external service instability,231.0
"2026-04-01T16:10:56.000Z ##[group]Run CI for vercel/next.js
2026-04-01T16:10:56.000Z Runner image: macos-latest
2026-04-01T16:10:56.000Z Language: python
2026-04-01T16:10:56.000Z validating .github/workflows/ci.yml
2026-04-01T16:10:56.000Z workflow syntax error: Unexpected value 'stepz'
2026-04-01T16:10:56.000Z ##[error]Invalid workflow configuration",2026-04-01t16:10:56.000z group run ci for vercel/next.js 2026-04-01t16:10:56.000z runner image: macos-latest 2026-04-01t16:10:56.000z language: python 2026-04-01t16:10:56.000z validating .github/workflows/ci.yml 2026-04-01t16:10:56.000z workflow syntax error:,Configuration Error,build,high,Invalid workflow configuration or environment variable,259.0
"2026-04-01T07:02:08.000Z ##[group]Run CI for tensorflow/tensorflow
2026-04-01T07:02:08.000Z Runner image: ubuntu-latest
2026-04-01T07:02:08.000Z Language: java
2026-04-01T07:02:08.000Z FAIL tests/integration/test_auth_flow.py
2026-04-01T07:02:08.000Z AssertionError: expected 9 but received 12
2026-04-01T07:02:08.000Z ##[error]Test suite failed with exit code 1",2026-04-01t07:02:08.000z group run ci for tensorflow/tensorflow 2026-04-01t07:02:08.000z runner image: ubuntu-latest 2026-04-01t07:02:08.000z language: java 2026-04-01t07:02:08.000z fail tests/integration/test_auth_flow.py 2026-04-01t07:02:08.000z assertionerror: expected 9,Test Failure,test,medium,Assertion mismatch in CI test suite,274.0
"2026-04-10T19:25:58.4225741Z [0m[[0m[33mwarn[0m] [0m[0mApplicable -Wconf / @nowarn filters for this warning: msg=<part of the message>, cat=deprecation, site=org.apache.spark.scheduler.TaskSetExcludelist.updateExcludedForFailedTask, origin=org.apache.spark.scheduler.SparkListenerExecutorBlacklistedForStage, version=3.1.0[0m 2026-04-10T19:25:58.4405733Z [0m[[0m[33mwarn[0m] [0m[0mApplicable -Wconf / @nowarn filters for this warning: msg=<part of the message>, cat=deprecation, site=org.apache.spark.scheduler.TaskSetExcludelist.updateExcludedForFailedTask, origin=org.apache.spark.scheduler.SparkListenerNodeBlacklistedForStage, version=3.1.0[0m 2026-04-10T19:28:44.3704245Z [0m[[0m[33mwarn[0m] [0m[0m    intercept[IllegalArgumentException](new StreamingContext(""nosuchdirectory""))[0m 2026-04-10T19:29:16.9445118Z [0m[[0m[33mwarn[0m] [0m[0m/home/runner/work/spark/spark/sql/core/src/main/scala/org/apache/spark/sql/jdbc/JdbcDialects.scala:814:5: method classifyException in class JdbcDialect is deprecated (since 4.0.0): Please override the classifyException method with an error condition[0m 2026-04-10T19:29:16.9475141Z [0m[[0m[33mwarn[0m] [0m[0mApplicable -Wconf / @nowarn filters for this warning: msg=<part of the message>, cat=deprecation, site=org.apache.spark.sql.jdbc.JdbcDialect.classifyException, origin=org.apache.spark.sql.jdbc.JdbcDialect.classifyException, version=4.0.0[0m",tz mmmwarnm mmapplicable wconf nowarn filters,Runtime Error,build,medium,auto-detected,45.0
"2026-04-01T15:16:45.000Z ##[group]Run CI for spring-projects/spring-boot
2026-04-01T15:16:45.000Z Runner image: ubuntu-latest
2026-04-01T15:16:45.000Z Language: rust
2026-04-01T15:16:45.000Z aws secretsmanager get-secret-value --secret-id docker-token
2026-04-01T15:16:45.000Z AccessDeniedException: User is not authorized to perform secretsmanager:GetSecretValue
2026-04-01T15:16:45.000Z ##[error]permission denied while accessing deployment secret",2026-04-01t15:16:45.000z group run ci for spring-projects/spring-boot 2026-04-01t15:16:45.000z runner image: ubuntu-latest 2026-04-01t15:16:45.000z language: rust 2026-04-01t15:16:45.000z aws secretsmanager get-secret-value --secret-id docker-token 2026-04-01t15:16:45.000z,Permission Error,deploy,high,"Token, role, or filesystem permission denied",273.0
"2026-04-15T06:04:15.000Z ##[group]Run CI for nodejs/node
2026-04-15T06:04:15.000Z Runner image: macos-latest
2026-04-15T06:04:15.000Z Language: rust
2026-04-15T06:04:15.000Z FAIL internal/runtime/retry_test.go
2026-04-15T06:04:15.000Z AssertionError: expected 7 but received 14
2026-04-15T06:04:15.000Z ##[error]Test suite failed with exit code 1",2026-04-15t06:04:15.000z group run ci for nodejs/node 2026-04-15t06:04:15.000z runner image: macos-latest 2026-04-15t06:04:15.000z language: rust 2026-04-15t06:04:15.000z fail internal/runtime/retry_test.go 2026-04-15t06:04:15.000z assertionerror: expected 7,Test Failure,test,medium,Assertion mismatch in CI test suite,
"2026-04-08T14:16:42.000Z ##[group]Run CI for spring-projects/spring-boot
2026-04-08T14:16:42.000Z Runner image: windows-latest
2026-04-08T14:16:42.000Z Language: java
2026-04-08T14:16:42.000Z helm upgrade --install api ./charts/api
2026-04-08T14:16:42.000Z Error: UPGRADE FAILED: timed out waiting for the condition
2026-04-08T14:16:42.000Z ##[error]Deployment failed in production stage",2026-04-08t14:16:42.000z group run ci for spring-projects/spring-boot 2026-04-08t14:16:42.000z runner image: windows-latest 2026-04-08t14:16:42.000z language: java 2026-04-08t14:16:42.000z helm upgrade --install api ./charts/api 2026-04-08t14:16:42.000z,Deployment Error,deploy,high,Release or deployment command failed,
"""display_title"": ""KAFKA-19863: Add documentation on how to implement a custom exception(with ref to DLQ)"", ""head_branch"": ""docs/dlq-custom-exception"", ""message"": ""docs: update DLQ custom exception handler example"", 2026-04-10T21:52:11.2207735Z       ""display_title"": ""KAFKA-19863: Add documentation on how to implement a custom exception(with ref to DLQ)"", 2026-04-10T21:52:11.2209221Z       ""head_branch"": ""docs/dlq-custom-exception"",",displaytitle kafka add documentation on how,Runtime Error,build,medium,auto-detected,43.0
"2026-04-02T13:16:37.000Z ##[group]Run CI for django/django
2026-04-02T13:16:37.000Z Runner image: ubuntu-latest
2026-04-02T13:16:37.000Z Language: go
2026-04-02T13:16:37.000Z helm upgrade --install api ./charts/api
2026-04-02T13:16:37.000Z Error: UPGRADE FAILED: timed out waiting for the condition
2026-04-02T13:16:37.000Z ##[error]Deployment failed in production stage",2026-04-02t13:16:37.000z group run ci for django/django 2026-04-02t13:16:37.000z runner image: ubuntu-latest 2026-04-02t13:16:37.000z language: go 2026-04-02t13:16:37.000z helm upgrade --install api ./charts/api 2026-04-02t13:16:37.000z,Deployment Error,deploy,high,Release or deployment command failed,236.0
"2026-04-01T15:27:40.000Z ##[group]Run CI for pytorch/pytorch
2026-04-01T15:27:40.000Z Runner image: macos-latest
2026-04-01T15:27:40.000Z Language: python
2026-04-01T15:27:40.000Z Pulling cache layer from registry
2026-04-01T15:27:40.000Z error: failed to solve: no space left on device
2026-04-01T15:27:40.000Z ##[error]Runner disk pressure caused job failure",2026-04-01t15:27:40.000z group run ci for pytorch/pytorch 2026-04-01t15:27:40.000z runner image: macos-latest 2026-04-01t15:27:40.000z language: python 2026-04-01t15:27:40.000z pulling cache layer from registry 2026-04-01t15:27:40.000z,Infrastructure Error,build,high,Runner or external service instability,235.0
"2026-04-01T10:36:19.000Z ##[group]Run CI for vercel/next.js
2026-04-01T10:36:19.000Z Runner image: windows-latest
2026-04-01T10:36:19.000Z Language: node
2026-04-01T10:36:19.000Z ERROR: Module not found: Cannot resolve 'react-dom'
2026-04-01T10:36:19.000Z npm ERR! code E404
2026-04-01T10:36:19.000Z ##[error]Dependency installation failed",2026-04-01t10:36:19.000z group run ci for vercel/next.js 2026-04-01t10:36:19.000z runner image: windows-latest 2026-04-01t10:36:19.000z language: node 2026-04-01t10:36:19.000z error: module not found: cannot resolve,Dependency Error,build,high,Missing package or unresolved module dependency,215.0
"2026-04-08T14:04:23.000Z ##[group]Run CI for apache/spark
2026-04-08T14:04:23.000Z Runner image: windows-latest
2026-04-08T14:04:23.000Z Language: rust
2026-04-08T14:04:23.000Z helm upgrade --install api ./charts/api
2026-04-08T14:04:23.000Z Error: UPGRADE FAILED: timed out waiting for the condition
2026-04-08T14:04:23.000Z ##[error]Deployment failed in production stage",2026-04-08t14:04:23.000z group run ci for apache/spark 2026-04-08t14:04:23.000z runner image: windows-latest 2026-04-08t14:04:23.000z language: rust 2026-04-08t14:04:23.000z helm upgrade --install api ./charts/api 2026-04-08t14:04:23.000z,Deployment Error,deploy,high,Release or deployment command failed,
"2026-04-11T22:39:55.000Z ##[group]Run CI for apache/spark
2026-04-11T22:39:55.000Z Runner image: windows-latest
2026-04-11T22:39:55.000Z Language: node
2026-04-11T22:39:55.000Z pytest -m integration --maxfail=1
2026-04-11T22:39:55.000Z Error: Process timed out after 30 minutes
2026-04-11T22:39:55.000Z ##[error]The operation was canceled",2026-04-11t22:39:55.000z group run ci for apache/spark 2026-04-11t22:39:55.000z runner image: windows-latest 2026-04-11t22:39:55.000z language: node 2026-04-11t22:39:55.000z pytest -m integration --maxfail 1 2026-04-11t22:39:55.000z,Timeout Error,test,medium,Long-running step exceeded CI timeout threshold,
"2026-04-08T18:53:07.5038175Z PASS packages/react-reconciler/src/__tests__/ReactIncrementalErrorLogging-test.js 2026-04-08T18:53:09.6692215Z     console.error 2026-04-08T18:53:09.6701775Z      [90m 167 |[39m     consoleErrorMock([33m...[39margs)[33m;[39m 2026-04-08T18:53:09.6703535Z     [31m[1m>[22m[39m[90m 168 |[39m     originalConsoleError[33m.[39mapply(console[33m,[39m args)[33m;[39m 2026-04-08T18:53:09.6709295Z      [90m 171 |[39m     [36mif[39m (shouldIgnoreConsoleErrorOrWarn(args)) {[0m",tz pass packagesreactreconcilersrctestsreactincrementalerrorloggingtestjs tz consoleerror,Test Failure,test,medium,Assertion or test case failure,89.0
"2026-04-04T20:49:55.000Z ##[group]Run CI for spring-projects/spring-boot
2026-04-04T20:49:55.000Z Runner image: macos-latest
2026-04-04T20:49:55.000Z Language: java
2026-04-04T20:49:55.000Z aws secretsmanager get-secret-value --secret-id docker-token
2026-04-04T20:49:55.000Z AccessDeniedException: User is not authorized to perform secretsmanager:GetSecretValue
2026-04-04T20:49:55.000Z ##[error]permission denied while accessing deployment secret",2026-04-04t20:49:55.000z group run ci for spring-projects/spring-boot 2026-04-04t20:49:55.000z runner image: macos-latest 2026-04-04t20:49:55.000z language: java 2026-04-04t20:49:55.000z aws secretsmanager get-secret-value --secret-id docker-token 2026-04-04t20:49:55.000z,Permission Error,deploy,high,"Token, role, or filesystem permission denied",
"2026-04-04T19:02:42.000Z ##[group]Run CI for apache/spark
2026-04-04T19:02:42.000Z Runner image: macos-latest
2026-04-04T19:02:42.000Z Language: java
2026-04-04T19:02:42.000Z ERROR: Module not found: Cannot resolve 'pytest'
2026-04-04T19:02:42.000Z npm ERR! code E404
2026-04-04T19:02:42.000Z ##[error]Dependency installation failed",2026-04-04t19:02:42.000z group run ci for apache/spark 2026-04-04t19:02:42.000z runner image: macos-latest 2026-04-04t19:02:42.000z language: java 2026-04-04t19:02:42.000z error: module not found: cannot resolve,Dependency Error,build,high,Missing package or unresolved module dependency,
"2026-04-04T18:34:09.000Z ##[group]Run CI for apache/spark
2026-04-04T18:34:09.000Z Runner image: ubuntu-latest
2026-04-04T18:34:09.000Z Language: python
2026-04-04T18:34:09.000Z FAIL packages/react-dom/src/__tests__/hydration.test.js
2026-04-04T18:34:09.000Z AssertionError: expected 7 but received 20
2026-04-04T18:34:09.000Z ##[error]Test suite failed with exit code 1",2026-04-04t18:34:09.000z group run ci for apache/spark 2026-04-04t18:34:09.000z runner image: ubuntu-latest 2026-04-04t18:34:09.000z language: python 2026-04-04t18:34:09.000z fail packages/react-dom/src/__tests__/hydration.test.js 2026-04-04t18:34:09.000z assertionerror: expected 7,Test Failure,test,medium,Assertion mismatch in CI test suite,
"2026-04-15T15:16:44.000Z ##[group]Run CI for pytorch/pytorch
2026-04-15T15:16:44.000Z Runner image: macos-latest
2026-04-15T15:16:44.000Z Language: java
2026-04-15T15:16:44.000Z aws secretsmanager get-secret-value --secret-id docker-token
2026-04-15T15:16:44.000Z AccessDeniedException: User is not authorized to perform secretsmanager:GetSecretValue
2026-04-15T15:16:44.000Z ##[error]permission denied while accessing deployment secret",2026-04-15t15:16:44.000z group run ci for pytorch/pytorch 2026-04-15t15:16:44.000z runner image: macos-latest 2026-04-15t15:16:44.000z language: java 2026-04-15t15:16:44.000z aws secretsmanager get-secret-value --secret-id docker-token 2026-04-15t15:16:44.000z,Permission Error,deploy,high,"Token, role, or filesystem permission denied",
"2026-04-01T14:07:21.000Z ##[group]Run CI for tensorflow/tensorflow
2026-04-01T14:07:21.000Z Runner image: windows-latest
2026-04-01T14:07:21.000Z Language: node
2026-04-01T14:07:21.000Z helm upgrade --install api ./charts/api
2026-04-01T14:07:21.000Z Error: UPGRADE FAILED: timed out waiting for the condition
2026-04-01T14:07:21.000Z ##[error]Deployment failed in production stage",2026-04-01t14:07:21.000z group run ci for tensorflow/tensorflow 2026-04-01t14:07:21.000z runner image: windows-latest 2026-04-01t14:07:21.000z language: node 2026-04-01t14:07:21.000z helm upgrade --install api ./charts/api 2026-04-01t14:07:21.000z,Deployment Error,deploy,high,Release or deployment command failed,247.0
"2026-04-01T14:54:43.000Z ##[group]Run CI for pytorch/pytorch
2026-04-01T14:54:43.000Z Runner image: ubuntu-latest
2026-04-01T14:54:43.000Z Language: node
2026-04-01T14:54:43.000Z src/router/handler.py:347: SyntaxError: unexpected token '='
2026-04-01T14:54:43.000Z pylint: E0001 syntax-error
2026-04-01T14:54:43.000Z ##[error]Build stopped due to syntax error",2026-04-01t14:54:43.000z group run ci for pytorch/pytorch 2026-04-01t14:54:43.000z runner image: ubuntu-latest 2026-04-01t14:54:43.000z language: node 2026-04-01t14:54:43.000z src/router/handler.py:347: syntaxerror: unexpected token 2026-04-01t14:54:43.000z pylint:,Syntax Error,build,high,Invalid code syntax detected by compiler or linter,265.0
"2026-04-02T08:09:54.000Z ##[group]Run CI for tensorflow/tensorflow
2026-04-02T08:09:54.000Z Runner image: macos-latest
2026-04-02T08:09:54.000Z Language: go
2026-04-02T08:09:54.000Z Pulling cache layer from registry
2026-04-02T08:09:54.000Z error: failed to solve: no space left on device
2026-04-02T08:09:54.000Z ##[error]Runner disk pressure caused job failure",2026-04-02t08:09:54.000z group run ci for tensorflow/tensorflow 2026-04-02t08:09:54.000z runner image: macos-latest 2026-04-02t08:09:54.000z language: go 2026-04-02t08:09:54.000z pulling cache layer from registry 2026-04-02t08:09:54.000z,Infrastructure Error,build,high,Runner or external service instability,237.0
"2026-04-15T07:28:35.000Z ##[group]Run CI for pytorch/pytorch
2026-04-15T07:28:35.000Z Runner image: ubuntu-latest
2026-04-15T07:28:35.000Z Language: java
2026-04-15T07:28:35.000Z ERROR: Module not found: Cannot resolve 'webpack'
2026-04-15T07:28:35.000Z npm ERR! code E404
2026-04-15T07:28:35.000Z ##[error]Dependency installation failed",2026-04-15t07:28:35.000z group run ci for pytorch/pytorch 2026-04-15t07:28:35.000z runner image: ubuntu-latest 2026-04-15t07:28:35.000z language: java 2026-04-15t07:28:35.000z error: module not found: cannot resolve,Dependency Error,build,high,Missing package or unresolved module dependency,
"2026-04-01T15:16:08.000Z ##[group]Run CI for angular/angular
2026-04-01T15:16:08.000Z Runner image: windows-latest
2026-04-01T15:16:08.000Z Language: rust
2026-04-01T15:16:08.000Z Pulling cache layer from registry
2026-04-01T15:16:08.000Z error: failed to solve: no space left on device
2026-04-01T15:16:08.000Z ##[error]Runner disk pressure caused job failure",2026-04-01t15:16:08.000z group run ci for angular/angular 2026-04-01t15:16:08.000z runner image: windows-latest 2026-04-01t15:16:08.000z language: rust 2026-04-01t15:16:08.000z pulling cache layer from registry 2026-04-01t15:16:08.000z,Infrastructure Error,build,high,Runner or external service instability,235.0
"2026-04-01T08:50:36.000Z ##[group]Run CI for nodejs/node
2026-04-01T08:50:36.000Z Runner image: macos-latest
2026-04-01T08:50:36.000Z Language: go
2026-04-01T08:50:36.000Z ERROR: Module not found: Cannot resolve 'torch'
2026-04-01T08:50:36.000Z npm ERR! code E404
2026-04-01T08:50:36.000Z ##[error]Dependency installation failed",2026-04-01t08:50:36.000z group run ci for nodejs/node 2026-04-01t08:50:36.000z runner image: macos-latest 2026-04-01t08:50:36.000z language: go 2026-04-01t08:50:36.000z error: module not found: cannot resolve,Dependency Error,build,high,Missing package or unresolved module dependency,208.0
"2026-04-01T14:13:00.000Z ##[group]Run CI for django/django
2026-04-01T14:13:00.000Z Runner image: windows-latest
2026-04-01T14:13:00.000Z Language: java
2026-04-01T14:13:00.000Z helm upgrade --install api ./charts/api
2026-04-01T14:13:00.000Z Error: UPGRADE FAILED: timed out waiting for the condition
2026-04-01T14:13:00.000Z ##[error]Deployment failed in production stage",2026-04-01t14:13:00.000z group run ci for django/django 2026-04-01t14:13:00.000z runner image: windows-latest 2026-04-01t14:13:00.000z language: java 2026-04-01t14:13:00.000z helm upgrade --install api ./charts/api 2026-04-01t14:13:00.000z,Deployment Error,deploy,high,Release or deployment command failed,239.0
"2026-04-01T17:51:04.000Z ##[group]Run CI for apache/spark
2026-04-01T17:51:04.000Z Runner image: ubuntu-latest
2026-04-01T17:51:04.000Z Language: python
2026-04-01T17:51:04.000Z pytest -m integration --maxfail=1
2026-04-01T17:51:04.000Z Error: Process timed out after 10 minutes
2026-04-01T17:51:04.000Z ##[error]The operation was canceled",2026-04-01t17:51:04.000z group run ci for apache/spark 2026-04-01t17:51:04.000z runner image: ubuntu-latest 2026-04-01t17:51:04.000z language: python 2026-04-01t17:51:04.000z pytest -m integration --maxfail 1 2026-04-01t17:51:04.000z,Timeout Error,test,medium,Long-running step exceeded CI timeout threshold,233.0
"2026-04-02T07:30:22.000Z ##[group]Run CI for vercel/next.js
2026-04-02T07:30:22.000Z Runner image: windows-latest
2026-04-02T07:30:22.000Z Language: python
2026-04-02T07:30:22.000Z Pulling cache layer from registry
2026-04-02T07:30:22.000Z error: failed to solve: no space left on device
2026-04-02T07:30:22.000Z ##[error]Runner disk pressure caused job failure",2026-04-02t07:30:22.000z group run ci for vercel/next.js 2026-04-02t07:30:22.000z runner image: windows-latest 2026-04-02t07:30:22.000z language: python 2026-04-02t07:30:22.000z pulling cache layer from registry 2026-04-02t07:30:22.000z,Infrastructure Error,build,high,Runner or external service instability,236.0
"2026-04-01T17:44:46.000Z ##[group]Run CI for facebook/react
2026-04-01T17:44:46.000Z Runner image: macos-latest
2026-04-01T17:44:46.000Z Language: go
2026-04-01T17:44:46.000Z make build-ci -j4
2026-04-01T17:44:46.000Z gcc: fatal error: cannot execute 'cc1plus': No such file or directory
2026-04-01T17:44:46.000Z ##[error]Build failed with exit code 2",2026-04-01t17:44:46.000z group run ci for facebook/react 2026-04-01t17:44:46.000z runner image: macos-latest 2026-04-01t17:44:46.000z language: go 2026-04-01t17:44:46.000z make build-ci -j4 2026-04-01t17:44:46.000z gcc: fatal,Build Failure,build,high,Compilation or packaging process failed,225.0
"2026-04-01T09:54:03.000Z ##[group]Run CI for apache/spark
2026-04-01T09:54:03.000Z Runner image: ubuntu-latest
2026-04-01T09:54:03.000Z Language: node
2026-04-01T09:54:03.000Z src/cache/handler.py:134: SyntaxError: unexpected token '{'
2026-04-01T09:54:03.000Z pylint: E0001 syntax-error
2026-04-01T09:54:03.000Z ##[error]Build stopped due to syntax error",2026-04-01t09:54:03.000z group run ci for apache/spark 2026-04-01t09:54:03.000z runner image: ubuntu-latest 2026-04-01t09:54:03.000z language: node 2026-04-01t09:54:03.000z src/cache/handler.py:134: syntaxerror: unexpected token 2026-04-01t09:54:03.000z pylint:,Syntax Error,build,high,Invalid code syntax detected by compiler or linter,261.0
"2026-04-01T14:21:14.000Z ##[group]Run CI for angular/angular
2026-04-01T14:21:14.000Z Runner image: ubuntu-latest
2026-04-01T14:21:14.000Z Language: node
2026-04-01T14:21:14.000Z src/cache/handler.py:56: SyntaxError: unexpected token '='
2026-04-01T14:21:14.000Z pylint: E0001 syntax-error
2026-04-01T14:21:14.000Z ##[error]Build stopped due to syntax error",2026-04-01t14:21:14.000z group run ci for angular/angular 2026-04-01t14:21:14.000z runner image: ubuntu-latest 2026-04-01t14:21:14.000z language: node 2026-04-01t14:21:14.000z src/cache/handler.py:56: syntaxerror: unexpected token 2026-04-01t14:21:14.000z pylint:,Syntax Error,build,high,Invalid code syntax detected by compiler or linter,263.0
"2026-04-01T08:06:25.000Z ##[group]Run CI for vercel/next.js
2026-04-01T08:06:25.000Z Runner image: macos-latest
2026-04-01T08:06:25.000Z Language: node
2026-04-01T08:06:25.000Z FAIL src/test/java/com/example/ServiceTest.java
2026-04-01T08:06:25.000Z AssertionError: expected 8 but received 19
2026-04-01T08:06:25.000Z ##[error]Test suite failed with exit code 1",2026-04-01t08:06:25.000z group run ci for vercel/next.js 2026-04-01t08:06:25.000z runner image: macos-latest 2026-04-01t08:06:25.000z language: node 2026-04-01t08:06:25.000z fail src/test/java/com/example/servicetest.java 2026-04-01t08:06:25.000z assertionerror: expected 8,Test Failure,test,medium,Assertion mismatch in CI test suite,273.0
"2026-04-01T07:20:05.000Z ##[group]Run CI for vercel/next.js
2026-04-01T07:20:05.000Z Runner image: ubuntu-latest
2026-04-01T07:20:05.000Z Language: node
2026-04-01T07:20:05.000Z FAIL internal/runtime/retry_test.go
2026-04-01T07:20:05.000Z AssertionError: expected 2 but received 19
2026-04-01T07:20:05.000Z ##[error]Test suite failed with exit code 1",2026-04-01t07:20:05.000z group run ci for vercel/next.js 2026-04-01t07:20:05.000z runner image: ubuntu-latest 2026-04-01t07:20:05.000z language: node 2026-04-01t07:20:05.000z fail internal/runtime/retry_test.go 2026-04-01t07:20:05.000z assertionerror: expected 2,Test Failure,test,medium,Assertion mismatch in CI test suite,262.0
"2026-04-02T02:52:29.000Z ##[group]Run CI for facebook/react
2026-04-02T02:52:29.000Z Runner image: ubuntu-latest
2026-04-02T02:52:29.000Z Language: go
2026-04-02T02:52:29.000Z aws secretsmanager get-secret-value --secret-id docker-token
2026-04-02T02:52:29.000Z AccessDeniedException: User is not authorized to perform secretsmanager:GetSecretValue
2026-04-02T02:52:29.000Z ##[error]permission denied while accessing deployment secret",2026-04-02t02:52:29.000z group run ci for facebook/react 2026-04-02t02:52:29.000z runner image: ubuntu-latest 2026-04-02t02:52:29.000z language: go 2026-04-02t02:52:29.000z aws secretsmanager get-secret-value --secret-id docker-token 2026-04-02t02:52:29.000z,Permission Error,deploy,high,"Token, role, or filesystem permission denied",258.0
"2026-04-01T12:55:29.000Z ##[group]Run CI for pytorch/pytorch
2026-04-01T12:55:29.000Z Runner image: macos-latest
2026-04-01T12:55:29.000Z Language: node
2026-04-01T12:55:29.000Z make build-ci -j4
2026-04-01T12:55:29.000Z gcc: fatal error: cannot execute 'cc1plus': No such file or directory
2026-04-01T12:55:29.000Z ##[error]Build failed with exit code 2",2026-04-01t12:55:29.000z group run ci for pytorch/pytorch 2026-04-01t12:55:29.000z runner image: macos-latest 2026-04-01t12:55:29.000z language: node 2026-04-01t12:55:29.000z make build-ci -j4 2026-04-01t12:55:29.000z gcc: fatal,Build Failure,build,high,Compilation or packaging process failed,228.0
"2026-04-01T23:34:44.000Z ##[group]Run CI for django/django
2026-04-01T23:34:44.000Z Runner image: ubuntu-latest
2026-04-01T23:34:44.000Z Language: java
2026-04-01T23:34:44.000Z Pulling cache layer from registry
2026-04-01T23:34:44.000Z error: failed to solve: no space left on device
2026-04-01T23:34:44.000Z ##[error]Runner disk pressure caused job failure",2026-04-01t23:34:44.000z group run ci for django/django 2026-04-01t23:34:44.000z runner image: ubuntu-latest 2026-04-01t23:34:44.000z language: java 2026-04-01t23:34:44.000z pulling cache layer from registry 2026-04-01t23:34:44.000z,Infrastructure Error,build,high,Runner or external service instability,232.0
"2026-04-01T19:06:45.000Z ##[group]Run CI for pytorch/pytorch
2026-04-01T19:06:45.000Z Runner image: macos-latest
2026-04-01T19:06:45.000Z Language: go
2026-04-01T19:06:45.000Z Starting module auth
2026-04-01T19:06:45.000Z Traceback (most recent call last): ValueError: invalid state transition in auth
2026-04-01T19:06:45.000Z ##[error]Runtime exception in test process",2026-04-01t19:06:45.000z group run ci for pytorch/pytorch 2026-04-01t19:06:45.000z runner image: macos-latest 2026-04-01t19:06:45.000z language: go 2026-04-01t19:06:45.000z starting module auth 2026-04-01t19:06:45.000z traceback most,Runtime Error,test,medium,Unhandled exception during job execution,233.0
"2026-04-01T17:18:56.000Z ##[group]Run CI for spring-projects/spring-boot
2026-04-01T17:18:56.000Z Runner image: ubuntu-latest
2026-04-01T17:18:56.000Z Language: python
2026-04-01T17:18:56.000Z make build-ci -j4
2026-04-01T17:18:56.000Z gcc: fatal error: cannot execute 'cc1plus': No such file or directory
2026-04-01T17:18:56.000Z ##[error]Build failed with exit code 2",2026-04-01t17:18:56.000z group run ci for spring-projects/spring-boot 2026-04-01t17:18:56.000z runner image: ubuntu-latest 2026-04-01t17:18:56.000z language: python 2026-04-01t17:18:56.000z make build-ci -j4 2026-04-01t17:18:56.000z gcc: fatal,Build Failure,build,high,Compilation or packaging process failed,243.0
"2026-04-02T01:58:22.000Z ##[group]Run CI for pytorch/pytorch
2026-04-02T01:58:22.000Z Runner image: ubuntu-latest
2026-04-02T01:58:22.000Z Language: python
2026-04-02T01:58:22.000Z validating .github/workflows/ci.yml
2026-04-02T01:58:22.000Z workflow syntax error: Unexpected value 'stepz'
2026-04-02T01:58:22.000Z ##[error]Invalid workflow configuration",2026-04-02t01:58:22.000z group run ci for pytorch/pytorch 2026-04-02t01:58:22.000z runner image: ubuntu-latest 2026-04-02t01:58:22.000z language: python 2026-04-02t01:58:22.000z validating .github/workflows/ci.yml 2026-04-02t01:58:22.000z workflow syntax error:,Configuration Error,build,high,Invalid workflow configuration or environment variable,261.0
"2026-04-12T03:39:06.000Z ##[group]Run CI for facebook/react
2026-04-12T03:39:06.000Z Runner image: windows-latest
2026-04-12T03:39:06.000Z Language: rust
2026-04-12T03:39:06.000Z Starting module scheduler
2026-04-12T03:39:06.000Z Traceback (most recent call last): ValueError: invalid state transition in scheduler
2026-04-12T03:39:06.000Z ##[error]Runtime exception in test process",2026-04-12t03:39:06.000z group run ci for facebook/react 2026-04-12t03:39:06.000z runner image: windows-latest 2026-04-12t03:39:06.000z language: rust 2026-04-12t03:39:06.000z starting module scheduler 2026-04-12t03:39:06.000z traceback most,Runtime Error,test,medium,Unhandled exception during job execution,
"2026-04-01T15:48:54.000Z ##[group]Run CI for pytorch/pytorch
2026-04-01T15:48:54.000Z Runner image: ubuntu-latest
2026-04-01T15:48:54.000Z Language: rust
2026-04-01T15:48:54.000Z src/auth/handler.py:76: SyntaxError: unexpected token '=>'
2026-04-01T15:48:54.000Z pylint: E0001 syntax-error
2026-04-01T15:48:54.000Z ##[error]Build stopped due to syntax error",2026-04-01t15:48:54.000z group run ci for pytorch/pytorch 2026-04-01t15:48:54.000z runner image: ubuntu-latest 2026-04-01t15:48:54.000z language: rust 2026-04-01t15:48:54.000z src/auth/handler.py:76: syntaxerror: unexpected token 2026-04-01t15:48:54.000z pylint:,Syntax Error,build,high,Invalid code syntax detected by compiler or linter,262.0
"2026-04-01T08:24:49.000Z ##[group]Run CI for facebook/react
2026-04-01T08:24:49.000Z Runner image: windows-latest
2026-04-01T08:24:49.000Z Language: node
2026-04-01T08:24:49.000Z ERROR: Module not found: Cannot resolve 'webpack'
2026-04-01T08:24:49.000Z npm ERR! code E404
2026-04-01T08:24:49.000Z ##[error]Dependency installation failed",2026-04-01t08:24:49.000z group run ci for facebook/react 2026-04-01t08:24:49.000z runner image: windows-latest 2026-04-01t08:24:49.000z language: node 2026-04-01t08:24:49.000z error: module not found: cannot resolve,Dependency Error,build,high,Missing package or unresolved module dependency,215.0
"2026-04-02T02:15:41.000Z ##[group]Run CI for django/django
2026-04-02T02:15:41.000Z Runner image: macos-latest
2026-04-02T02:15:41.000Z Language: go
2026-04-02T02:15:41.000Z Starting module auth
2026-04-02T02:15:41.000Z Traceback (most recent call last): ValueError: invalid state transition in auth
2026-04-02T02:15:41.000Z ##[error]Runtime exception in test process",2026-04-02t02:15:41.000z group run ci for django/django 2026-04-02t02:15:41.000z runner image: macos-latest 2026-04-02t02:15:41.000z language: go 2026-04-02t02:15:41.000z starting module auth 2026-04-02t02:15:41.000z traceback most,Runtime Error,test,medium,Unhandled exception during job execution,231.0
"2026-04-08T15:44:01.000Z ##[group]Run CI for facebook/react
2026-04-08T15:44:01.000Z Runner image: ubuntu-latest
2026-04-08T15:44:01.000Z Language: go
2026-04-08T15:44:01.000Z validating .github/workflows/ci.yml
2026-04-08T15:44:01.000Z workflow syntax error: Unexpected value 'stepz'
2026-04-08T15:44:01.000Z ##[error]Invalid workflow configuration",2026-04-08t15:44:01.000z group run ci for facebook/react 2026-04-08t15:44:01.000z runner image: ubuntu-latest 2026-04-08t15:44:01.000z language: go 2026-04-08t15:44:01.000z validating .github/workflows/ci.yml 2026-04-08t15:44:01.000z workflow syntax error:,Configuration Error,build,high,Invalid workflow configuration or environment variable,
"2026-04-01T23:38:36.000Z ##[group]Run CI for vercel/next.js
2026-04-01T23:38:36.000Z Runner image: macos-latest
2026-04-01T23:38:36.000Z Language: go
2026-04-01T23:38:36.000Z Pulling cache layer from registry
2026-04-01T23:38:36.000Z error: failed to solve: no space left on device
2026-04-01T23:38:36.000Z ##[error]Runner disk pressure caused job failure",2026-04-01t23:38:36.000z group run ci for vercel/next.js 2026-04-01t23:38:36.000z runner image: macos-latest 2026-04-01t23:38:36.000z language: go 2026-04-01t23:38:36.000z pulling cache layer from registry 2026-04-01t23:38:36.000z,Infrastructure Error,build,high,Runner or external service instability,230.0
"2026-04-01T18:32:17.000Z ##[group]Run CI for spring-projects/spring-boot
2026-04-01T18:32:17.000Z Runner image: macos-latest
2026-04-01T18:32:17.000Z Language: java
2026-04-01T18:32:17.000Z src/auth/handler.py:72: SyntaxError: unexpected token '=>'
2026-04-01T18:32:17.000Z pylint: E0001 syntax-error
2026-04-01T18:32:17.000Z ##[error]Build stopped due to syntax error",2026-04-01t18:32:17.000z group run ci for spring-projects/spring-boot 2026-04-01t18:32:17.000z runner image: macos-latest 2026-04-01t18:32:17.000z language: java 2026-04-01t18:32:17.000z src/auth/handler.py:72: syntaxerror: unexpected token 2026-04-01t18:32:17.000z pylint:,Syntax Error,build,high,Invalid code syntax detected by compiler or linter,273.0
"2026-04-01T08:19:58.000Z ##[group]Run CI for apache/spark
2026-04-01T08:19:58.000Z Runner image: ubuntu-latest
2026-04-01T08:19:58.000Z Language: rust
2026-04-01T08:19:58.000Z ERROR: Module not found: Cannot resolve 'grpcio'
2026-04-01T08:19:58.000Z npm ERR! code E404
2026-04-01T08:19:58.000Z ##[error]Dependency installation failed",2026-04-01t08:19:58.000z group run ci for apache/spark 2026-04-01t08:19:58.000z runner image: ubuntu-latest 2026-04-01t08:19:58.000z language: rust 2026-04-01t08:19:58.000z error: module not found: cannot resolve,Dependency Error,build,high,Missing package or unresolved module dependency,212.0
"2026-04-02T13:44:58.000Z ##[group]Run CI for facebook/react
2026-04-02T13:44:58.000Z Runner image: windows-latest
2026-04-02T13:44:58.000Z Language: python
2026-04-02T13:44:58.000Z helm upgrade --install api ./charts/api
2026-04-02T13:44:58.000Z Error: UPGRADE FAILED: timed out waiting for the condition
2026-04-02T13:44:58.000Z ##[error]Deployment failed in production stage",2026-04-02t13:44:58.000z group run ci for facebook/react 2026-04-02t13:44:58.000z runner image: windows-latest 2026-04-02t13:44:58.000z language: python 2026-04-02t13:44:58.000z helm upgrade --install api ./charts/api 2026-04-02t13:44:58.000z,Deployment Error,deploy,high,Release or deployment command failed,242.0
"2026-04-02T01:52:28.000Z ##[group]Run CI for tensorflow/tensorflow
2026-04-02T01:52:28.000Z Runner image: macos-latest
2026-04-02T01:52:28.000Z Language: java
2026-04-02T01:52:28.000Z validating .github/workflows/ci.yml
2026-04-02T01:52:28.000Z workflow syntax error: Unexpected value 'stepz'
2026-04-02T01:52:28.000Z ##[error]Invalid workflow configuration",2026-04-02t01:52:28.000z group run ci for tensorflow/tensorflow 2026-04-02t01:52:28.000z runner image: macos-latest 2026-04-02t01:52:28.000z language: java 2026-04-02t01:52:28.000z validating .github/workflows/ci.yml 2026-04-02t01:52:28.000z workflow syntax error:,Configuration Error,build,high,Invalid workflow configuration or environment variable,264.0
2026-04-10T00:49:09.9200885Z #7 ERROR: failed to configure registry cache importer: ghcr.io/apache/spark/apache-spark-github-action-image-cache:v4.2.0-preview4: not found 2026-04-10T00:49:16.1366209Z #8 5.176   libencode-locale-perl libepoxy0 liberror-perl libexpat1 libexpat1-dev 2026-04-10T00:49:16.1405110Z #8 5.177   node-jsdom node-json-buffer node-json-parse-better-errors node-jsonparse 2026-04-10T00:49:16.1411625Z #8 5.177   node-spdx-exceptions node-spdx-expression-parse node-spdx-license-ids 2026-04-10T00:49:17.6845550Z #8 6.724   libencode-locale-perl libepoxy0 liberror-perl libexpat1 libexpat1-dev,tz error failed to configure registry,Runtime Error,build,medium,auto-detected,37.0
"2026-04-11T17:15:38.000Z ##[group]Run CI for tensorflow/tensorflow
2026-04-11T17:15:38.000Z Runner image: windows-latest
2026-04-11T17:15:38.000Z Language: python
2026-04-11T17:15:38.000Z FAIL src/test/java/com/example/ServiceTest.java
2026-04-11T17:15:38.000Z AssertionError: expected 1 but received 18
2026-04-11T17:15:38.000Z ##[error]Test suite failed with exit code 1",2026-04-11t17:15:38.000z group run ci for tensorflow/tensorflow 2026-04-11t17:15:38.000z runner image: windows-latest 2026-04-11t17:15:38.000z language: python 2026-04-11t17:15:38.000z fail src/test/java/com/example/servicetest.java 2026-04-11t17:15:38.000z assertionerror: expected 1,Test Failure,test,medium,Assertion mismatch in CI test suite,
"2026-04-01T14:40:19.000Z ##[group]Run CI for django/django
2026-04-01T14:40:19.000Z Runner image: windows-latest
2026-04-01T14:40:19.000Z Language: go
2026-04-01T14:40:19.000Z ERROR: Module not found: Cannot resolve 'spring-core'
2026-04-01T14:40:19.000Z npm ERR! code E404
2026-04-01T14:40:19.000Z ##[error]Dependency installation failed",2026-04-01t14:40:19.000z group run ci for django/django 2026-04-01t14:40:19.000z runner image: windows-latest 2026-04-01t14:40:19.000z language: go 2026-04-01t14:40:19.000z error: module not found: cannot resolve,Dependency Error,build,high,Missing package or unresolved module dependency,212.0
"2026-04-04T21:45:54.000Z ##[group]Run CI for spring-projects/spring-boot
2026-04-04T21:45:54.000Z Runner image: macos-latest
2026-04-04T21:45:54.000Z Language: go
2026-04-04T21:45:54.000Z Starting module auth
2026-04-04T21:45:54.000Z Traceback (most recent call last): ValueError: invalid state transition in auth
2026-04-04T21:45:54.000Z ##[error]Runtime exception in test process",2026-04-04t21:45:54.000z group run ci for spring-projects/spring-boot 2026-04-04t21:45:54.000z runner image: macos-latest 2026-04-04t21:45:54.000z language: go 2026-04-04t21:45:54.000z starting module auth 2026-04-04t21:45:54.000z traceback most,Runtime Error,test,medium,Unhandled exception during job execution,
"2026-04-01T13:46:19.000Z ##[group]Run CI for django/django
2026-04-01T13:46:19.000Z Runner image: macos-latest
2026-04-01T13:46:19.000Z Language: python
2026-04-01T13:46:19.000Z pytest -m integration --maxfail=1
2026-04-01T13:46:19.000Z Error: Process timed out after 15 minutes
2026-04-01T13:46:19.000Z ##[error]The operation was canceled",2026-04-01t13:46:19.000z group run ci for django/django 2026-04-01t13:46:19.000z runner image: macos-latest 2026-04-01t13:46:19.000z language: python 2026-04-01t13:46:19.000z pytest -m integration --maxfail 1 2026-04-01t13:46:19.000z,Timeout Error,test,medium,Long-running step exceeded CI timeout threshold,233.0
"2026-04-02T02:20:41.000Z ##[group]Run CI for nodejs/node
2026-04-02T02:20:41.000Z Runner image: ubuntu-latest
2026-04-02T02:20:41.000Z Language: rust
2026-04-02T02:20:41.000Z validating .github/workflows/ci.yml
2026-04-02T02:20:41.000Z workflow syntax error: Unexpected value 'stepz'
2026-04-02T02:20:41.000Z ##[error]Invalid workflow configuration",2026-04-02t02:20:41.000z group run ci for nodejs/node 2026-04-02t02:20:41.000z runner image: ubuntu-latest 2026-04-02t02:20:41.000z language: rust 2026-04-02t02:20:41.000z validating .github/workflows/ci.yml 2026-04-02t02:20:41.000z workflow syntax error:,Configuration Error,build,high,Invalid workflow configuration or environment variable,255.0
"2026-04-01T15:40:55.000Z ##[group]Run CI for microsoft/vscode
2026-04-01T15:40:55.000Z Runner image: windows-latest
2026-04-01T15:40:55.000Z Language: python
2026-04-01T15:40:55.000Z src/worker/handler.py:10: SyntaxError: unexpected token ')'
2026-04-01T15:40:55.000Z pylint: E0001 syntax-error
2026-04-01T15:40:55.000Z ##[error]Build stopped due to syntax error",2026-04-01t15:40:55.000z group run ci for microsoft/vscode 2026-04-01t15:40:55.000z runner image: windows-latest 2026-04-01t15:40:55.000z language: python 2026-04-01t15:40:55.000z src/worker/handler.py:10: syntaxerror: unexpected token 2026-04-01t15:40:55.000z pylint:,Syntax Error,build,high,Invalid code syntax detected by compiler or linter,268.0
"2026-04-01T11:24:42.000Z ##[group]Run CI for tensorflow/tensorflow
2026-04-01T11:24:42.000Z Runner image: windows-latest
2026-04-01T11:24:42.000Z Language: node
2026-04-01T11:24:42.000Z ERROR: Module not found: Cannot resolve 'spring-core'
2026-04-01T11:24:42.000Z npm ERR! code E404
2026-04-01T11:24:42.000Z ##[error]Dependency installation failed",2026-04-01t11:24:42.000z group run ci for tensorflow/tensorflow 2026-04-01t11:24:42.000z runner image: windows-latest 2026-04-01t11:24:42.000z language: node 2026-04-01t11:24:42.000z error: module not found: cannot resolve,Dependency Error,build,high,Missing package or unresolved module dependency,222.0
"2026-04-04T21:57:38.000Z ##[group]Run CI for spring-projects/spring-boot
2026-04-04T21:57:38.000Z Runner image: macos-latest
2026-04-04T21:57:38.000Z Language: rust
2026-04-04T21:57:38.000Z Starting module cache
2026-04-04T21:57:38.000Z Traceback (most recent call last): ValueError: invalid state transition in cache
2026-04-04T21:57:38.000Z ##[error]Runtime exception in test process",2026-04-04t21:57:38.000z group run ci for spring-projects/spring-boot 2026-04-04t21:57:38.000z runner image: macos-latest 2026-04-04t21:57:38.000z language: rust 2026-04-04t21:57:38.000z starting module cache 2026-04-04t21:57:38.000z traceback most,Runtime Error,test,medium,Unhandled exception during job execution,
"2026-04-08T05:42:08.000Z ##[group]Run CI for tensorflow/tensorflow
2026-04-08T05:42:08.000Z Runner image: ubuntu-latest
2026-04-08T05:42:08.000Z Language: java
2026-04-08T05:42:08.000Z FAIL tests/integration/test_auth_flow.py
2026-04-08T05:42:08.000Z AssertionError: expected 9 but received 12
2026-04-08T05:42:08.000Z ##[error]Test suite failed with exit code 1",2026-04-08t05:42:08.000z group run ci for tensorflow/tensorflow 2026-04-08t05:42:08.000z runner image: ubuntu-latest 2026-04-08t05:42:08.000z language: java 2026-04-08t05:42:08.000z fail tests/integration/test_auth_flow.py 2026-04-08t05:42:08.000z assertionerror: expected 9,Test Failure,test,medium,Assertion mismatch in CI test suite,
"2026-04-02T01:40:40.000Z ##[group]Run CI for tensorflow/tensorflow
2026-04-02T01:40:40.000Z Runner image: macos-latest
2026-04-02T01:40:40.000Z Language: python
2026-04-02T01:40:40.000Z validating .github/workflows/ci.yml
2026-04-02T01:40:40.000Z workflow syntax error: Unexpected value 'stepz'
2026-04-02T01:40:40.000Z ##[error]Invalid workflow configuration",2026-04-02t01:40:40.000z group run ci for tensorflow/tensorflow 2026-04-02t01:40:40.000z runner image: macos-latest 2026-04-02t01:40:40.000z language: python 2026-04-02t01:40:40.000z validating .github/workflows/ci.yml 2026-04-02t01:40:40.000z workflow syntax error:,Configuration Error,build,high,Invalid workflow configuration or environment variable,266.0
"2026-04-01T22:56:36.000Z ##[group]Run CI for nodejs/node
2026-04-01T22:56:36.000Z Runner image: macos-latest
2026-04-01T22:56:36.000Z Language: go
2026-04-01T22:56:36.000Z helm upgrade --install api ./charts/api
2026-04-01T22:56:36.000Z Error: UPGRADE FAILED: timed out waiting for the condition
2026-04-01T22:56:36.000Z ##[error]Deployment failed in production stage",2026-04-01t22:56:36.000z group run ci for nodejs/node 2026-04-01t22:56:36.000z runner image: macos-latest 2026-04-01t22:56:36.000z language: go 2026-04-01t22:56:36.000z helm upgrade --install api ./charts/api 2026-04-01t22:56:36.000z,Deployment Error,deploy,high,Release or deployment command failed,233.0
"2026-04-01T17:24:10.000Z ##[group]Run CI for microsoft/vscode
2026-04-01T17:24:10.000Z Runner image: ubuntu-latest
2026-04-01T17:24:10.000Z Language: go
2026-04-01T17:24:10.000Z pytest -m integration --maxfail=1
2026-04-01T17:24:10.000Z Error: Process timed out after 30 minutes
2026-04-01T17:24:10.000Z ##[error]The operation was canceled",2026-04-01t17:24:10.000z group run ci for microsoft/vscode 2026-04-01t17:24:10.000z runner image: ubuntu-latest 2026-04-01t17:24:10.000z language: go 2026-04-01t17:24:10.000z pytest -m integration --maxfail 1 2026-04-01t17:24:10.000z,Timeout Error,test,medium,Long-running step exceeded CI timeout threshold,233.0
"2026-04-01T13:50:39.000Z ##[group]Run CI for vercel/next.js
2026-04-01T13:50:39.000Z Runner image: macos-latest
2026-04-01T13:50:39.000Z Language: go
2026-04-01T13:50:39.000Z Starting module scheduler
2026-04-01T13:50:39.000Z Traceback (most recent call last): ValueError: invalid state transition in scheduler
2026-04-01T13:50:39.000Z ##[error]Runtime exception in test process",2026-04-01t13:50:39.000z group run ci for vercel/next.js 2026-04-01t13:50:39.000z runner image: macos-latest 2026-04-01t13:50:39.000z language: go 2026-04-01t13:50:39.000z starting module scheduler 2026-04-01t13:50:39.000z traceback most,Runtime Error,test,medium,Unhandled exception during job execution,237.0
"2026-04-01T13:20:29.000Z ##[group]Run CI for spring-projects/spring-boot
2026-04-01T13:20:29.000Z Runner image: macos-latest
2026-04-01T13:20:29.000Z Language: java
2026-04-01T13:20:29.000Z ERROR: Module not found: Cannot resolve 'grpcio'
2026-04-01T13:20:29.000Z npm ERR! code E404
2026-04-01T13:20:29.000Z ##[error]Dependency installation failed",2026-04-01t13:20:29.000z group run ci for spring-projects/spring-boot 2026-04-01t13:20:29.000z runner image: macos-latest 2026-04-01t13:20:29.000z language: java 2026-04-01t13:20:29.000z error: module not found: cannot resolve,Dependency Error,build,high,Missing package or unresolved module dependency,226.0
"2026-04-08T15:26:18.000Z ##[group]Run CI for spring-projects/spring-boot
2026-04-08T15:26:18.000Z Runner image: windows-latest
2026-04-08T15:26:18.000Z Language: java
2026-04-08T15:26:18.000Z Pulling cache layer from registry
2026-04-08T15:26:18.000Z error: failed to solve: no space left on device
2026-04-08T15:26:18.000Z ##[error]Runner disk pressure caused job failure",2026-04-08t15:26:18.000z group run ci for spring-projects/spring-boot 2026-04-08t15:26:18.000z runner image: windows-latest 2026-04-08t15:26:18.000z language: java 2026-04-08t15:26:18.000z pulling cache layer from registry 2026-04-08t15:26:18.000z,Infrastructure Error,build,high,Runner or external service instability,
2026-04-10T11:35:00.8271759Z Parsing testcases for test report: unzipped-test-reports-test-default-2-3-macos-m1-stable_70759812103/test/test-reports/python-pytest/dynamo.test_error_messages/dynamo.test_error_messages-b95ad042b221ede4.xml 2026-04-10T11:35:00.8274586Z Parsing testcases for test report: unzipped-test-reports-test-default-2-3-macos-m1-stable_70759812103/test/test-reports/python-pytest/dynamo.test_error_messages/dynamo.test_error_messages-ecac384a00b150d1.xml 2026-04-10T11:35:00.8277845Z Parsing testcases for test report: unzipped-test-reports-test-default-2-3-macos-m1-stable_70759812103/test/test-reports/python-pytest/dynamo.test_exceptions/dynamo.test_exceptions-4a7a8f4077c62a04.xml 2026-04-10T11:35:00.8280974Z Parsing testcases for test report: unzipped-test-reports-test-default-2-3-macos-m1-stable_70759812103/test/test-reports/python-pytest/dynamo.test_exceptions/dynamo.test_exceptions-4a321b75ab84e628.xml 2026-04-10T11:35:12.0759371Z Writing 20 documents to S3 ossci-raw-job-status/failed_test_runs/24235846185/1,tz parsing testcases for test,Test Failure,test,medium,Assertion or test case failure,29.0
"2026-04-01T12:42:58.000Z ##[group]Run CI for vercel/next.js
2026-04-01T12:42:58.000Z Runner image: windows-latest
2026-04-01T12:42:58.000Z Language: java
2026-04-01T12:42:58.000Z make build-ci -j4
2026-04-01T12:42:58.000Z gcc: fatal error: cannot execute 'cc1plus': No such file or directory
2026-04-01T12:42:58.000Z ##[error]Build failed with exit code 2",2026-04-01t12:42:58.000z group run ci for vercel/next.js 2026-04-01t12:42:58.000z runner image: windows-latest 2026-04-01t12:42:58.000z language: java 2026-04-01t12:42:58.000z make build-ci -j4 2026-04-01t12:42:58.000z gcc: fatal,Build Failure,build,high,Compilation or packaging process failed,229.0
"2026-04-01T20:15:19.000Z ##[group]Run CI for tensorflow/tensorflow
2026-04-01T20:15:19.000Z Runner image: ubuntu-latest
2026-04-01T20:15:19.000Z Language: java
2026-04-01T20:15:19.000Z aws secretsmanager get-secret-value --secret-id docker-token
2026-04-01T20:15:19.000Z AccessDeniedException: User is not authorized to perform secretsmanager:GetSecretValue
2026-04-01T20:15:19.000Z ##[error]permission denied while accessing deployment secret",2026-04-01t20:15:19.000z group run ci for tensorflow/tensorflow 2026-04-01t20:15:19.000z runner image: ubuntu-latest 2026-04-01t20:15:19.000z language: java 2026-04-01t20:15:19.000z aws secretsmanager get-secret-value --secret-id docker-token 2026-04-01t20:15:19.000z,Permission Error,deploy,high,"Token, role, or filesystem permission denied",267.0
"2026-04-01T17:22:23.000Z ##[group]Run CI for facebook/react
2026-04-01T17:22:23.000Z Runner image: windows-latest
2026-04-01T17:22:23.000Z Language: python
2026-04-01T17:22:23.000Z make build-ci -j4
2026-04-01T17:22:23.000Z gcc: fatal error: cannot execute 'cc1plus': No such file or directory
2026-04-01T17:22:23.000Z ##[error]Build failed with exit code 2",2026-04-01t17:22:23.000z group run ci for facebook/react 2026-04-01t17:22:23.000z runner image: windows-latest 2026-04-01t17:22:23.000z language: python 2026-04-01t17:22:23.000z make build-ci -j4 2026-04-01t17:22:23.000z gcc: fatal,Build Failure,build,high,Compilation or packaging process failed,231.0
"2026-04-02T07:16:51.000Z ##[group]Run CI for angular/angular
2026-04-02T07:16:51.000Z Runner image: windows-latest
2026-04-02T07:16:51.000Z Language: python
2026-04-02T07:16:51.000Z Starting module router
2026-04-02T07:16:51.000Z Traceback (most recent call last): ValueError: invalid state transition in router
2026-04-02T07:16:51.000Z ##[error]Runtime exception in test process",2026-04-02t07:16:51.000z group run ci for angular/angular 2026-04-02t07:16:51.000z runner image: windows-latest 2026-04-02t07:16:51.000z language: python 2026-04-02t07:16:51.000z starting module router 2026-04-02t07:16:51.000z traceback most,Runtime Error,test,medium,Unhandled exception during job execution,241.0
"2026-04-01T14:36:06.000Z ##[group]Run CI for facebook/react
2026-04-01T14:36:06.000Z Runner image: windows-latest
2026-04-01T14:36:06.000Z Language: rust
2026-04-01T14:36:06.000Z helm upgrade --install api ./charts/api
2026-04-01T14:36:06.000Z Error: UPGRADE FAILED: timed out waiting for the condition
2026-04-01T14:36:06.000Z ##[error]Deployment failed in production stage",2026-04-01t14:36:06.000z group run ci for facebook/react 2026-04-01t14:36:06.000z runner image: windows-latest 2026-04-01t14:36:06.000z language: rust 2026-04-01t14:36:06.000z helm upgrade --install api ./charts/api 2026-04-01t14:36:06.000z,Deployment Error,deploy,high,Release or deployment command failed,240.0
"2026-04-01T08:31:50.000Z ##[group]Run CI for microsoft/vscode
2026-04-01T08:31:50.000Z Runner image: macos-latest
2026-04-01T08:31:50.000Z Language: rust
2026-04-01T08:31:50.000Z ERROR: Module not found: Cannot resolve 'spring-core'
2026-04-01T08:31:50.000Z npm ERR! code E404
2026-04-01T08:31:50.000Z ##[error]Dependency installation failed",2026-04-01t08:31:50.000z group run ci for microsoft/vscode 2026-04-01t08:31:50.000z runner image: macos-latest 2026-04-01t08:31:50.000z language: rust 2026-04-01t08:31:50.000z error: module not found: cannot resolve,Dependency Error,build,high,Missing package or unresolved module dependency,215.0
"2026-04-01T16:21:27.000Z ##[group]Run CI for django/django
2026-04-01T16:21:27.000Z Runner image: ubuntu-latest
2026-04-01T16:21:27.000Z Language: rust
2026-04-01T16:21:27.000Z validating .github/workflows/ci.yml
2026-04-01T16:21:27.000Z workflow syntax error: Unexpected value 'stepz'
2026-04-01T16:21:27.000Z ##[error]Invalid workflow configuration",2026-04-01t16:21:27.000z group run ci for django/django 2026-04-01t16:21:27.000z runner image: ubuntu-latest 2026-04-01t16:21:27.000z language: rust 2026-04-01t16:21:27.000z validating .github/workflows/ci.yml 2026-04-01t16:21:27.000z workflow syntax error:,Configuration Error,build,high,Invalid workflow configuration or environment variable,257.0
"2026-04-04T22:42:42.000Z ##[group]Run CI for microsoft/vscode
2026-04-04T22:42:42.000Z Runner image: ubuntu-latest
2026-04-04T22:42:42.000Z Language: rust
2026-04-04T22:42:42.000Z helm upgrade --install api ./charts/api
2026-04-04T22:42:42.000Z Error: UPGRADE FAILED: timed out waiting for the condition
2026-04-04T22:42:42.000Z ##[error]Deployment failed in production stage",2026-04-04t22:42:42.000z group run ci for microsoft/vscode 2026-04-04t22:42:42.000z runner image: ubuntu-latest 2026-04-04t22:42:42.000z language: rust 2026-04-04t22:42:42.000z helm upgrade --install api ./charts/api 2026-04-04t22:42:42.000z,Deployment Error,deploy,high,Release or deployment command failed,
"2026-04-01T07:30:53.000Z ##[group]Run CI for django/django
2026-04-01T07:30:53.000Z Runner image: windows-latest
2026-04-01T07:30:53.000Z Language: rust
2026-04-01T07:30:53.000Z FAIL tests/integration/test_auth_flow.py
2026-04-01T07:30:53.000Z AssertionError: expected 4 but received 11
2026-04-01T07:30:53.000Z ##[error]Test suite failed with exit code 1",2026-04-01t07:30:53.000z group run ci for django/django 2026-04-01t07:30:53.000z runner image: windows-latest 2026-04-01t07:30:53.000z language: rust 2026-04-01t07:30:53.000z fail tests/integration/test_auth_flow.py 2026-04-01t07:30:53.000z assertionerror: expected 4,Test Failure,test,medium,Assertion mismatch in CI test suite,267.0
"2026-04-02T00:20:40.000Z ##[group]Run CI for nodejs/node
2026-04-02T00:20:40.000Z Runner image: windows-latest
2026-04-02T00:20:40.000Z Language: java
2026-04-02T00:20:40.000Z Pulling cache layer from registry
2026-04-02T00:20:40.000Z error: failed to solve: no space left on device
2026-04-02T00:20:40.000Z ##[error]Runner disk pressure caused job failure",2026-04-02t00:20:40.000z group run ci for nodejs/node 2026-04-02t00:20:40.000z runner image: windows-latest 2026-04-02t00:20:40.000z language: java 2026-04-02t00:20:40.000z pulling cache layer from registry 2026-04-02t00:20:40.000z,Infrastructure Error,build,high,Runner or external service instability,231.0
"2026-04-12T09:00:08.000Z ##[group]Run CI for tensorflow/tensorflow
2026-04-12T09:00:08.000Z Runner image: windows-latest
2026-04-12T09:00:08.000Z Language: go
2026-04-12T09:00:08.000Z validating .github/workflows/ci.yml
2026-04-12T09:00:08.000Z workflow syntax error: Unexpected value 'stepz'
2026-04-12T09:00:08.000Z ##[error]Invalid workflow configuration",2026-04-12t09:00:08.000z group run ci for tensorflow/tensorflow 2026-04-12t09:00:08.000z runner image: windows-latest 2026-04-12t09:00:08.000z language: go 2026-04-12t09:00:08.000z validating .github/workflows/ci.yml 2026-04-12t09:00:08.000z workflow syntax error:,Configuration Error,build,high,Invalid workflow configuration or environment variable,
"2026-04-12T05:39:43.000Z ##[group]Run CI for pytorch/pytorch
2026-04-12T05:39:43.000Z Runner image: windows-latest
2026-04-12T05:39:43.000Z Language: go
2026-04-12T05:39:43.000Z helm upgrade --install api ./charts/api
2026-04-12T05:39:43.000Z Error: UPGRADE FAILED: timed out waiting for the condition
2026-04-12T05:39:43.000Z ##[error]Deployment failed in production stage",2026-04-12t05:39:43.000z group run ci for pytorch/pytorch 2026-04-12t05:39:43.000z runner image: windows-latest 2026-04-12t05:39:43.000z language: go 2026-04-12t05:39:43.000z helm upgrade --install api ./charts/api 2026-04-12t05:39:43.000z,Deployment Error,deploy,high,Release or deployment command failed,
"2026-04-08T14:30:28.000Z ##[group]Run CI for apache/spark
2026-04-08T14:30:28.000Z Runner image: ubuntu-latest
2026-04-08T14:30:28.000Z Language: go
2026-04-08T14:30:28.000Z helm upgrade --install api ./charts/api
2026-04-08T14:30:28.000Z Error: UPGRADE FAILED: timed out waiting for the condition
2026-04-08T14:30:28.000Z ##[error]Deployment failed in production stage",2026-04-08t14:30:28.000z group run ci for apache/spark 2026-04-08t14:30:28.000z runner image: ubuntu-latest 2026-04-08t14:30:28.000z language: go 2026-04-08t14:30:28.000z helm upgrade --install api ./charts/api 2026-04-08t14:30:28.000z,Deployment Error,deploy,high,Release or deployment command failed,
"2026-04-01T20:48:45.000Z ##[group]Run CI for pytorch/pytorch
2026-04-01T20:48:45.000Z Runner image: macos-latest
2026-04-01T20:48:45.000Z Language: go
2026-04-01T20:48:45.000Z pytest -m integration --maxfail=1
2026-04-01T20:48:45.000Z Error: Process timed out after 30 minutes
2026-04-01T20:48:45.000Z ##[error]The operation was canceled",2026-04-01t20:48:45.000z group run ci for pytorch/pytorch 2026-04-01t20:48:45.000z runner image: macos-latest 2026-04-01t20:48:45.000z language: go 2026-04-01t20:48:45.000z pytest -m integration --maxfail 1 2026-04-01t20:48:45.000z,Timeout Error,test,medium,Long-running step exceeded CI timeout threshold,231.0
"2026-04-01T13:12:01.000Z ##[group]Run CI for facebook/react
2026-04-01T13:12:01.000Z Runner image: windows-latest
2026-04-01T13:12:01.000Z Language: java
2026-04-01T13:12:01.000Z src/router/handler.py:127: SyntaxError: unexpected token '@'
2026-04-01T13:12:01.000Z pylint: E0001 syntax-error
2026-04-01T13:12:01.000Z ##[error]Build stopped due to syntax error",2026-04-01t13:12:01.000z group run ci for facebook/react 2026-04-01t13:12:01.000z runner image: windows-latest 2026-04-01t13:12:01.000z language: java 2026-04-01t13:12:01.000z src/router/handler.py:127: syntaxerror: unexpected token 2026-04-01t13:12:01.000z pylint:,Syntax Error,build,high,Invalid code syntax detected by compiler or linter,265.0
"2026-04-01T21:52:30.000Z ##[group]Run CI for angular/angular
2026-04-01T21:52:30.000Z Runner image: ubuntu-latest
2026-04-01T21:52:30.000Z Language: java
2026-04-01T21:52:30.000Z helm upgrade --install api ./charts/api
2026-04-01T21:52:30.000Z Error: UPGRADE FAILED: timed out waiting for the condition
2026-04-01T21:52:30.000Z ##[error]Deployment failed in production stage",2026-04-01t21:52:30.000z group run ci for angular/angular 2026-04-01t21:52:30.000z runner image: ubuntu-latest 2026-04-01t21:52:30.000z language: java 2026-04-01t21:52:30.000z helm upgrade --install api ./charts/api 2026-04-01t21:52:30.000z,Deployment Error,deploy,high,Release or deployment command failed,240.0
"2026-04-01T07:02:13.000Z ##[group]Run CI for angular/angular
2026-04-01T07:02:13.000Z Runner image: windows-latest
2026-04-01T07:02:13.000Z Language: python
2026-04-01T07:02:13.000Z FAIL packages/react-dom/src/__tests__/hydration.test.js
2026-04-01T07:02:13.000Z AssertionError: expected 9 but received 20
2026-04-01T07:02:13.000Z ##[error]Test suite failed with exit code 1",2026-04-01t07:02:13.000z group run ci for angular/angular 2026-04-01t07:02:13.000z runner image: windows-latest 2026-04-01t07:02:13.000z language: python 2026-04-01t07:02:13.000z fail packages/react-dom/src/__tests__/hydration.test.js 2026-04-01t07:02:13.000z assertionerror: expected 9,Test Failure,test,medium,Assertion mismatch in CI test suite,286.0
"2026-04-01T21:57:55.000Z ##[group]Run CI for vercel/next.js
2026-04-01T21:57:55.000Z Runner image: windows-latest
2026-04-01T21:57:55.000Z Language: rust
2026-04-01T21:57:55.000Z aws secretsmanager get-secret-value --secret-id docker-token
2026-04-01T21:57:55.000Z AccessDeniedException: User is not authorized to perform secretsmanager:GetSecretValue
2026-04-01T21:57:55.000Z ##[error]permission denied while accessing deployment secret",2026-04-01t21:57:55.000z group run ci for vercel/next.js 2026-04-01t21:57:55.000z runner image: windows-latest 2026-04-01t21:57:55.000z language: rust 2026-04-01t21:57:55.000z aws secretsmanager get-secret-value --secret-id docker-token 2026-04-01t21:57:55.000z,Permission Error,deploy,high,"Token, role, or filesystem permission denied",261.0
2026-04-02T18:00:54.6250232Z PASS packages/react-reconciler/src/__tests__/ReactIncrementalErrorLogging-test.js 2026-04-02T18:00:52.8220455Z PASS packages/react-reconciler/src/__tests__/ReactConfigurableErrorLogging-test.js 2026-04-02T18:00:53.8075226Z PASS packages/react-reconciler/src/__tests__/ActivityErrorHandling-test.js 2026-04-02T18:00:52.2645159Z PASS packages/react-dom/src/__tests__/ReactDOMConsoleErrorReportingLegacy-test.js 2026-04-02T18:00:53.5548860Z PASS packages/react-reconciler/src/__tests__/ReactFlushSyncNoAggregateError-test.js,tz pass packagesreactreconcilersrctestsreactincrementalerrorloggingtestjs tz pass,Test Failure,test,medium,Assertion or test case failure,81.0
"2026-04-02T07:32:22.000Z ##[group]Run CI for vercel/next.js
2026-04-02T07:32:22.000Z Runner image: macos-latest
2026-04-02T07:32:22.000Z Language: python
2026-04-02T07:32:22.000Z Starting module auth
2026-04-02T07:32:22.000Z Traceback (most recent call last): ValueError: invalid state transition in auth
2026-04-02T07:32:22.000Z ##[error]Runtime exception in test process",2026-04-02t07:32:22.000z group run ci for vercel/next.js 2026-04-02t07:32:22.000z runner image: macos-latest 2026-04-02t07:32:22.000z language: python 2026-04-02t07:32:22.000z starting module auth 2026-04-02t07:32:22.000z traceback most,Runtime Error,test,medium,Unhandled exception during job execution,236.0
"2026-04-01T07:24:45.000Z ##[group]Run CI for vercel/next.js
2026-04-01T07:24:45.000Z Runner image: macos-latest
2026-04-01T07:24:45.000Z Language: node
2026-04-01T07:24:45.000Z FAIL tests/integration/test_auth_flow.py
2026-04-01T07:24:45.000Z AssertionError: expected 4 but received 12
2026-04-01T07:24:45.000Z ##[error]Test suite failed with exit code 1",2026-04-01t07:24:45.000z group run ci for vercel/next.js 2026-04-01t07:24:45.000z runner image: macos-latest 2026-04-01t07:24:45.000z language: node 2026-04-01t07:24:45.000z fail tests/integration/test_auth_flow.py 2026-04-01t07:24:45.000z assertionerror: expected 4,Test Failure,test,medium,Assertion mismatch in CI test suite,266.0
"2026-04-01T14:51:51.000Z ##[group]Run CI for microsoft/vscode
2026-04-01T14:51:51.000Z Runner image: macos-latest
2026-04-01T14:51:51.000Z Language: python
2026-04-01T14:51:51.000Z helm upgrade --install api ./charts/api
2026-04-01T14:51:51.000Z Error: UPGRADE FAILED: timed out waiting for the condition
2026-04-01T14:51:51.000Z ##[error]Deployment failed in production stage",2026-04-01t14:51:51.000z group run ci for microsoft/vscode 2026-04-01t14:51:51.000z runner image: macos-latest 2026-04-01t14:51:51.000z language: python 2026-04-01t14:51:51.000z helm upgrade --install api ./charts/api 2026-04-01t14:51:51.000z,Deployment Error,deploy,high,Release or deployment command failed,242.0
"2026-04-02T05:24:13.000Z ##[group]Run CI for apache/spark
2026-04-02T05:24:13.000Z Runner image: macos-latest
2026-04-02T05:24:13.000Z Language: java
2026-04-02T05:24:13.000Z make build-ci -j4
2026-04-02T05:24:13.000Z gcc: fatal error: cannot execute 'cc1plus': No such file or directory
2026-04-02T05:24:13.000Z ##[error]Build failed with exit code 2",2026-04-02t05:24:13.000z group run ci for apache/spark 2026-04-02t05:24:13.000z runner image: macos-latest 2026-04-02t05:24:13.000z language: java 2026-04-02t05:24:13.000z make build-ci -j4 2026-04-02t05:24:13.000z gcc: fatal,Build Failure,build,high,Compilation or packaging process failed,225.0
"2026-04-01T19:48:14.000Z ##[group]Run CI for angular/angular
2026-04-01T19:48:14.000Z Runner image: macos-latest
2026-04-01T19:48:14.000Z Language: node
2026-04-01T19:48:14.000Z pytest -m integration --maxfail=1
2026-04-01T19:48:14.000Z Error: Process timed out after 10 minutes
2026-04-01T19:48:14.000Z ##[error]The operation was canceled",2026-04-01t19:48:14.000z group run ci for angular/angular 2026-04-01t19:48:14.000z runner image: macos-latest 2026-04-01t19:48:14.000z language: node 2026-04-01t19:48:14.000z pytest -m integration --maxfail 1 2026-04-01t19:48:14.000z,Timeout Error,test,medium,Long-running step exceeded CI timeout threshold,233.0
"2026-04-01T07:36:26.000Z ##[group]Run CI for angular/angular
2026-04-01T07:36:26.000Z Runner image: macos-latest
2026-04-01T07:36:26.000Z Language: python
2026-04-01T07:36:26.000Z FAIL compiler/src/tests/error_reporting.rs
2026-04-01T07:36:26.000Z AssertionError: expected 10 but received 19
2026-04-01T07:36:26.000Z ##[error]Test suite failed with exit code 1",2026-04-01t07:36:26.000z group run ci for angular/angular 2026-04-01t07:36:26.000z runner image: macos-latest 2026-04-01t07:36:26.000z language: python 2026-04-01t07:36:26.000z fail compiler/src/tests/error_reporting.rs 2026-04-01t07:36:26.000z assertionerror: expected 10,Test Failure,test,medium,Assertion mismatch in CI test suite,272.0
"2026-04-15T18:12:20.000Z ##[group]Run CI for django/django
2026-04-15T18:12:20.000Z Runner image: macos-latest
2026-04-15T18:12:20.000Z Language: python
2026-04-15T18:12:20.000Z Starting module scheduler
2026-04-15T18:12:20.000Z Traceback (most recent call last): ValueError: invalid state transition in scheduler
2026-04-15T18:12:20.000Z ##[error]Runtime exception in test process",2026-04-15t18:12:20.000z group run ci for django/django 2026-04-15t18:12:20.000z runner image: macos-latest 2026-04-15t18:12:20.000z language: python 2026-04-15t18:12:20.000z starting module scheduler 2026-04-15t18:12:20.000z traceback most,Runtime Error,test,medium,Unhandled exception during job execution,
"2026-04-01T19:16:32.000Z ##[group]Run CI for django/django
2026-04-01T19:16:32.000Z Runner image: macos-latest
2026-04-01T19:16:32.000Z Language: rust
2026-04-01T19:16:32.000Z pytest -m integration --maxfail=1
2026-04-01T19:16:32.000Z Error: Process timed out after 30 minutes
2026-04-01T19:16:32.000Z ##[error]The operation was canceled",2026-04-01t19:16:32.000z group run ci for django/django 2026-04-01t19:16:32.000z runner image: macos-latest 2026-04-01t19:16:32.000z language: rust 2026-04-01t19:16:32.000z pytest -m integration --maxfail 1 2026-04-01t19:16:32.000z,Timeout Error,test,medium,Long-running step exceeded CI timeout threshold,231.0
"2026-04-04T19:48:47.000Z ##[group]Run CI for django/django
2026-04-04T19:48:47.000Z Runner image: windows-latest
2026-04-04T19:48:47.000Z Language: python
2026-04-04T19:48:47.000Z src/compiler/handler.py:36: SyntaxError: unexpected token ')'
2026-04-04T19:48:47.000Z pylint: E0001 syntax-error
2026-04-04T19:48:47.000Z ##[error]Build stopped due to syntax error",2026-04-04t19:48:47.000z group run ci for django/django 2026-04-04t19:48:47.000z runner image: windows-latest 2026-04-04t19:48:47.000z language: python 2026-04-04t19:48:47.000z src/compiler/handler.py:36: syntaxerror: unexpected token 2026-04-04t19:48:47.000z pylint:,Syntax Error,build,high,Invalid code syntax detected by compiler or linter,
"2026-04-01T15:58:04.000Z ##[group]Run CI for nodejs/node
2026-04-01T15:58:04.000Z Runner image: macos-latest
2026-04-01T15:58:04.000Z Language: go
2026-04-01T15:58:04.000Z aws secretsmanager get-secret-value --secret-id docker-token
2026-04-01T15:58:04.000Z AccessDeniedException: User is not authorized to perform secretsmanager:GetSecretValue
2026-04-01T15:58:04.000Z ##[error]permission denied while accessing deployment secret",2026-04-01t15:58:04.000z group run ci for nodejs/node 2026-04-01t15:58:04.000z runner image: macos-latest 2026-04-01t15:58:04.000z language: go 2026-04-01t15:58:04.000z aws secretsmanager get-secret-value --secret-id docker-token 2026-04-01t15:58:04.000z,Permission Error,deploy,high,"Token, role, or filesystem permission denied",254.0
"2026-04-01T18:00:17.000Z ##[group]Run CI for microsoft/vscode
2026-04-01T18:00:17.000Z Runner image: macos-latest
2026-04-01T18:00:17.000Z Language: go
2026-04-01T18:00:17.000Z make build-ci -j4
2026-04-01T18:00:17.000Z gcc: fatal error: cannot execute 'cc1plus': No such file or directory
2026-04-01T18:00:17.000Z ##[error]Build failed with exit code 2",2026-04-01t18:00:17.000z group run ci for microsoft/vscode 2026-04-01t18:00:17.000z runner image: macos-latest 2026-04-01t18:00:17.000z language: go 2026-04-01t18:00:17.000z make build-ci -j4 2026-04-01t18:00:17.000z gcc: fatal,Build Failure,build,high,Compilation or packaging process failed,227.0
"2026-03-03T18:30:17.5873236Z updater | 2026/03/03 18:30:17 INFO <job_1267077564> Job definition: {""job"":{""command"":""security"",""allowed-updates"":[{""dependency-type"":""direct"",""update-type"":""all""}],""commit-message-options"":{""prefix"":null,""prefix-development"":null,""include-scope"":null},""credentials-metadata"":[{""type"":""git_source"",""host"":""github.com""}],""debug"":null,""dependencies"":[""underscore""],""dependency-groups"":[],""dependency-group-to-refresh"":null,""existing-pull-requests"":[],""existing-group-pull-requests"":[],""experiments"":{""record-ecosystem-versions"":true,""record-update-job-unknown-error"":true,""proxy-cached"":true,""enable-record-ecosystem-meta"":true,""enable-corepack-for-npm-and-yarn"":true,""enable-private-registry-for-corepack"":true,""enable-shared-helpers-command-timeout"":true,""avoid-duplicate-updates-package-json"":true,""allow-refresh-for-existing-pr-dependencies"":true,""allow-refresh-group-with-all-dependencies"":true,""enable-enhanced-error-details-for-updater"":true,""gradle-lockfile-updater"":true,""enable-exclude-paths-subdirectory-manifest-files"":true,""group-membership-enforcement"":true},""ignore-conditions"":[{""dependency-name"":""*"",""version-requirement"":"">= 0"",""update-types"":null,""source"":"".github/dependabot.yml"",""updated-at"":""2024-09-26T14:34:40.000Z""}],""lockfile-only"":false,""max-updater-run-time"":2700,""package-manager"":""npm_and_yarn"",""requirements-update-strategy"":null,""reject-external-code"":false,""security-advisories"":[{""dependency-name"":""underscore"",""patched-versions"":[],""unaffected-versions"":[],""affected-versions"":[""<= 1.13.7""]},{""dependency-name"":""underscore"",""patched-versions"":[],""unaffected-versions"":[],""affected-versions"":["">= 1.3.2 < 1.12.1""]}],""security-updates-only"":true,""source"":{""provider"":""github"",""repo"":""facebook/react"",""branch"":null,""api-endpoint"":""https://api.github.com/"",""hostname"":""github.com"",""directories"":[""/fixtures/owner-stacks""]},""updating-a-pull-request"":false,""update-subdependencies"":false,""vendor-dependencies"":false,""enable-beta-ecosystems"":false,""repo-private"":false,""multi-ecosystem-update"":false,""exclude-paths"":null}} 2026-03-03T18:30:25.1259278Z   proxy | 2026/03/03 18:30:25 [028] POST /update_jobs/1267077564/record_update_job_error 2026-03-03T18:30:25.2272859Z   proxy | 2026/03/03 18:30:25 [028] 204 /update_jobs/1267077564/record_update_job_error 2026-03-03T18:30:25.5360848Z Dependabot encountered '1' error(s) during execution, please check the logs for more details. 2026-03-03T18:30:25.5361985Z |             Errors             |",tz updater info job job,Timeout Error,build,medium,Execution exceeded time limit,23.0
"2026-04-11T12:51:26.5149818Z [36;1m  echo ""ERROR: parse_ref.py not found"" >&2[0m 2026-04-11T12:51:53.6851579Z   inflating: build/bin/c10_error_test 2026-04-11T12:51:53.6899144Z   inflating: build/bin/c10_exception_test 2026-04-11T12:54:26.5071660Z ##[error][OSDC] Step script exited with code 1. This is a script/workflow error, not an infrastructure issue. Check the step logs above for the actual failure. 2026-04-11T12:54:26.5095838Z ##[error]Process completed with exit code 1.",tz m echo error parserefpy not,Runtime Error,test,medium,auto-detected,30.0
"2026-04-02T15:08:35.000Z ##[group]Run CI for apache/spark
2026-04-02T15:08:35.000Z Runner image: ubuntu-latest
2026-04-02T15:08:35.000Z Language: node
2026-04-02T15:08:35.000Z Pulling cache layer from registry
2026-04-02T15:08:35.000Z error: failed to solve: no space left on device
2026-04-02T15:08:35.000Z ##[error]Runner disk pressure caused job failure",2026-04-02t15:08:35.000z group run ci for apache/spark 2026-04-02t15:08:35.000z runner image: ubuntu-latest 2026-04-02t15:08:35.000z language: node 2026-04-02t15:08:35.000z pulling cache layer from registry 2026-04-02t15:08:35.000z,Infrastructure Error,build,high,Runner or external service instability,231.0
"2026-04-04T21:42:20.000Z ##[group]Run CI for tensorflow/tensorflow
2026-04-04T21:42:20.000Z Runner image: windows-latest
2026-04-04T21:42:20.000Z Language: go
2026-04-04T21:42:20.000Z Starting module auth
2026-04-04T21:42:20.000Z Traceback (most recent call last): ValueError: invalid state transition in auth
2026-04-04T21:42:20.000Z ##[error]Runtime exception in test process",2026-04-04t21:42:20.000z group run ci for tensorflow/tensorflow 2026-04-04t21:42:20.000z runner image: windows-latest 2026-04-04t21:42:20.000z language: go 2026-04-04t21:42:20.000z starting module auth 2026-04-04t21:42:20.000z traceback most,Runtime Error,test,medium,Unhandled exception during job execution,
"2026-04-15T18:36:14.000Z ##[group]Run CI for angular/angular
2026-04-15T18:36:14.000Z Runner image: macos-latest
2026-04-15T18:36:14.000Z Language: node
2026-04-15T18:36:14.000Z Starting module billing
2026-04-15T18:36:14.000Z Traceback (most recent call last): ValueError: invalid state transition in billing
2026-04-15T18:36:14.000Z ##[error]Runtime exception in test process",2026-04-15t18:36:14.000z group run ci for angular/angular 2026-04-15t18:36:14.000z runner image: macos-latest 2026-04-15t18:36:14.000z language: node 2026-04-15t18:36:14.000z starting module billing 2026-04-15t18:36:14.000z traceback most,Runtime Error,test,medium,Unhandled exception during job execution,
"2026-04-11T17:36:08.000Z ##[group]Run CI for apache/spark
2026-04-11T17:36:08.000Z Runner image: windows-latest
2026-04-11T17:36:08.000Z Language: go
2026-04-11T17:36:08.000Z FAIL packages/react-dom/src/__tests__/hydration.test.js
2026-04-11T17:36:08.000Z AssertionError: expected 9 but received 19
2026-04-11T17:36:08.000Z ##[error]Test suite failed with exit code 1",2026-04-11t17:36:08.000z group run ci for apache/spark 2026-04-11t17:36:08.000z runner image: windows-latest 2026-04-11t17:36:08.000z language: go 2026-04-11t17:36:08.000z fail packages/react-dom/src/__tests__/hydration.test.js 2026-04-11t17:36:08.000z assertionerror: expected 9,Test Failure,test,medium,Assertion mismatch in CI test suite,
"2026-04-02T21:48:12.000Z ##[group]Run CI for tensorflow/tensorflow
2026-04-02T21:48:12.000Z Runner image: windows-latest
2026-04-02T21:48:12.000Z Language: go
2026-04-02T21:48:12.000Z validating .github/workflows/ci.yml
2026-04-02T21:48:12.000Z workflow syntax error: Unexpected value 'stepz'
2026-04-02T21:48:12.000Z ##[error]Invalid workflow configuration",2026-04-02t21:48:12.000z group run ci for tensorflow/tensorflow 2026-04-02t21:48:12.000z runner image: windows-latest 2026-04-02t21:48:12.000z language: go 2026-04-02t21:48:12.000z validating .github/workflows/ci.yml 2026-04-02t21:48:12.000z workflow syntax error:,Configuration Error,build,high,Invalid workflow configuration or environment variable,264.0
"2026-04-01T17:56:00.000Z ##[group]Run CI for django/django
2026-04-01T17:56:00.000Z Runner image: macos-latest
2026-04-01T17:56:00.000Z Language: java
2026-04-01T17:56:00.000Z src/auth/handler.py:284: SyntaxError: unexpected token '{'
2026-04-01T17:56:00.000Z pylint: E0001 syntax-error
2026-04-01T17:56:00.000Z ##[error]Build stopped due to syntax error",2026-04-01t17:56:00.000z group run ci for django/django 2026-04-01t17:56:00.000z runner image: macos-latest 2026-04-01t17:56:00.000z language: java 2026-04-01t17:56:00.000z src/auth/handler.py:284: syntaxerror: unexpected token 2026-04-01t17:56:00.000z pylint:,Syntax Error,build,high,Invalid code syntax detected by compiler or linter,260.0
"2026-04-12T05:09:55.000Z ##[group]Run CI for angular/angular
2026-04-12T05:09:55.000Z Runner image: macos-latest
2026-04-12T05:09:55.000Z Language: go
2026-04-12T05:09:55.000Z helm upgrade --install api ./charts/api
2026-04-12T05:09:55.000Z Error: UPGRADE FAILED: timed out waiting for the condition
2026-04-12T05:09:55.000Z ##[error]Deployment failed in production stage",2026-04-12t05:09:55.000z group run ci for angular/angular 2026-04-12t05:09:55.000z runner image: macos-latest 2026-04-12t05:09:55.000z language: go 2026-04-12t05:09:55.000z helm upgrade --install api ./charts/api 2026-04-12t05:09:55.000z,Deployment Error,deploy,high,Release or deployment command failed,
"2026-04-15T12:40:17.000Z ##[group]Run CI for apache/spark
2026-04-15T12:40:17.000Z Runner image: macos-latest
2026-04-15T12:40:17.000Z Language: java
2026-04-15T12:40:17.000Z pytest -m integration --maxfail=1
2026-04-15T12:40:17.000Z Error: Process timed out after 30 minutes
2026-04-15T12:40:17.000Z ##[error]The operation was canceled",2026-04-15t12:40:17.000z group run ci for apache/spark 2026-04-15t12:40:17.000z runner image: macos-latest 2026-04-15t12:40:17.000z language: java 2026-04-15t12:40:17.000z pytest -m integration --maxfail 1 2026-04-15t12:40:17.000z,Timeout Error,test,medium,Long-running step exceeded CI timeout threshold,
"2026-04-15T23:48:52.000Z ##[group]Run CI for vercel/next.js
2026-04-15T23:48:52.000Z Runner image: ubuntu-latest
2026-04-15T23:48:52.000Z Language: java
2026-04-15T23:48:52.000Z Pulling cache layer from registry
2026-04-15T23:48:52.000Z error: failed to solve: no space left on device
2026-04-15T23:48:52.000Z ##[error]Runner disk pressure caused job failure",2026-04-15t23:48:52.000z group run ci for vercel/next.js 2026-04-15t23:48:52.000z runner image: ubuntu-latest 2026-04-15t23:48:52.000z language: java 2026-04-15t23:48:52.000z pulling cache layer from registry 2026-04-15t23:48:52.000z,Infrastructure Error,build,high,Runner or external service instability,
"2026-04-11T17:48:49.000Z ##[group]Run CI for tensorflow/tensorflow
2026-04-11T17:48:49.000Z Runner image: macos-latest
2026-04-11T17:48:49.000Z Language: rust
2026-04-11T17:48:49.000Z FAIL src/test/java/com/example/ServiceTest.java
2026-04-11T17:48:49.000Z AssertionError: expected 2 but received 15
2026-04-11T17:48:49.000Z ##[error]Test suite failed with exit code 1",2026-04-11t17:48:49.000z group run ci for tensorflow/tensorflow 2026-04-11t17:48:49.000z runner image: macos-latest 2026-04-11t17:48:49.000z language: rust 2026-04-11t17:48:49.000z fail src/test/java/com/example/servicetest.java 2026-04-11t17:48:49.000z assertionerror: expected 2,Test Failure,test,medium,Assertion mismatch in CI test suite,
"2026-04-01T14:27:23.000Z ##[group]Run CI for facebook/react
2026-04-01T14:27:23.000Z Runner image: windows-latest
2026-04-01T14:27:23.000Z Language: python
2026-04-01T14:27:23.000Z src/scheduler/handler.py:84: SyntaxError: unexpected token '['
2026-04-01T14:27:23.000Z pylint: E0001 syntax-error
2026-04-01T14:27:23.000Z ##[error]Build stopped due to syntax error",2026-04-01t14:27:23.000z group run ci for facebook/react 2026-04-01t14:27:23.000z runner image: windows-latest 2026-04-01t14:27:23.000z language: python 2026-04-01t14:27:23.000z src/scheduler/handler.py:84: syntaxerror: unexpected token 2026-04-01t14:27:23.000z pylint:,Syntax Error,build,high,Invalid code syntax detected by compiler or linter,269.0
"2026-04-04T23:08:22.000Z ##[group]Run CI for tensorflow/tensorflow
2026-04-04T23:08:22.000Z Runner image: macos-latest
2026-04-04T23:08:22.000Z Language: java
2026-04-04T23:08:22.000Z Pulling cache layer from registry
2026-04-04T23:08:22.000Z error: failed to solve: no space left on device
2026-04-04T23:08:22.000Z ##[error]Runner disk pressure caused job failure",2026-04-04t23:08:22.000z group run ci for tensorflow/tensorflow 2026-04-04t23:08:22.000z runner image: macos-latest 2026-04-04t23:08:22.000z language: java 2026-04-04t23:08:22.000z pulling cache layer from registry 2026-04-04t23:08:22.000z,Infrastructure Error,build,high,Runner or external service instability,
"2026-04-08T08:26:17.000Z ##[group]Run CI for spring-projects/spring-boot
2026-04-08T08:26:17.000Z Runner image: macos-latest
2026-04-08T08:26:17.000Z Language: node
2026-04-08T08:26:17.000Z src/compiler/handler.py:258: SyntaxError: unexpected token '['
2026-04-08T08:26:17.000Z pylint: E0001 syntax-error
2026-04-08T08:26:17.000Z ##[error]Build stopped due to syntax error",2026-04-08t08:26:17.000z group run ci for spring-projects/spring-boot 2026-04-08t08:26:17.000z runner image: macos-latest 2026-04-08t08:26:17.000z language: node 2026-04-08t08:26:17.000z src/compiler/handler.py:258: syntaxerror: unexpected token 2026-04-08t08:26:17.000z pylint:,Syntax Error,build,high,Invalid code syntax detected by compiler or linter,
"2026-04-01T23:33:45.000Z ##[group]Run CI for spring-projects/spring-boot
2026-04-01T23:33:45.000Z Runner image: windows-latest
2026-04-01T23:33:45.000Z Language: node
2026-04-01T23:33:45.000Z make build-ci -j4
2026-04-01T23:33:45.000Z gcc: fatal error: cannot execute 'cc1plus': No such file or directory
2026-04-01T23:33:45.000Z ##[error]Build failed with exit code 2",2026-04-01t23:33:45.000z group run ci for spring-projects/spring-boot 2026-04-01t23:33:45.000z runner image: windows-latest 2026-04-01t23:33:45.000z language: node 2026-04-01t23:33:45.000z make build-ci -j4 2026-04-01t23:33:45.000z gcc: fatal,Build Failure,build,high,Compilation or packaging process failed,242.0
"2026-04-01T15:22:55.000Z ##[group]Run CI for pytorch/pytorch
2026-04-01T15:22:55.000Z Runner image: windows-latest
2026-04-01T15:22:55.000Z Language: go
2026-04-01T15:22:55.000Z Pulling cache layer from registry
2026-04-01T15:22:55.000Z error: failed to solve: no space left on device
2026-04-01T15:22:55.000Z ##[error]Runner disk pressure caused job failure",2026-04-01t15:22:55.000z group run ci for pytorch/pytorch 2026-04-01t15:22:55.000z runner image: windows-latest 2026-04-01t15:22:55.000z language: go 2026-04-01t15:22:55.000z pulling cache layer from registry 2026-04-01t15:22:55.000z,Infrastructure Error,build,high,Runner or external service instability,233.0
"2026-04-01T14:38:06.000Z ##[group]Run CI for django/django
2026-04-01T14:38:06.000Z Runner image: windows-latest
2026-04-01T14:38:06.000Z Language: go
2026-04-01T14:38:06.000Z helm upgrade --install api ./charts/api
2026-04-01T14:38:06.000Z Error: UPGRADE FAILED: timed out waiting for the condition
2026-04-01T14:38:06.000Z ##[error]Deployment failed in production stage",2026-04-01t14:38:06.000z group run ci for django/django 2026-04-01t14:38:06.000z runner image: windows-latest 2026-04-01t14:38:06.000z language: go 2026-04-01t14:38:06.000z helm upgrade --install api ./charts/api 2026-04-01t14:38:06.000z,Deployment Error,deploy,high,Release or deployment command failed,237.0
"2026-04-02T02:54:23.000Z ##[group]Run CI for apache/spark
2026-04-02T02:54:23.000Z Runner image: macos-latest
2026-04-02T02:54:23.000Z Language: java
2026-04-02T02:54:23.000Z Starting module scheduler
2026-04-02T02:54:23.000Z Traceback (most recent call last): ValueError: invalid state transition in scheduler
2026-04-02T02:54:23.000Z ##[error]Runtime exception in test process",2026-04-02t02:54:23.000z group run ci for apache/spark 2026-04-02t02:54:23.000z runner image: macos-latest 2026-04-02t02:54:23.000z language: java 2026-04-02t02:54:23.000z starting module scheduler 2026-04-02t02:54:23.000z traceback most,Runtime Error,test,medium,Unhandled exception during job execution,237.0
"2026-04-02T01:28:09.000Z ##[group]Run CI for angular/angular
2026-04-02T01:28:09.000Z Runner image: windows-latest
2026-04-02T01:28:09.000Z Language: node
2026-04-02T01:28:09.000Z validating .github/workflows/ci.yml
2026-04-02T01:28:09.000Z workflow syntax error: Unexpected value 'stepz'
2026-04-02T01:28:09.000Z ##[error]Invalid workflow configuration",2026-04-02t01:28:09.000z group run ci for angular/angular 2026-04-02t01:28:09.000z runner image: windows-latest 2026-04-02t01:28:09.000z language: node 2026-04-02t01:28:09.000z validating .github/workflows/ci.yml 2026-04-02t01:28:09.000z workflow syntax error:,Configuration Error,build,high,Invalid workflow configuration or environment variable,260.0
"2026-04-08T08:40:08.000Z ##[group]Run CI for vercel/next.js
2026-04-08T08:40:08.000Z Runner image: ubuntu-latest
2026-04-08T08:40:08.000Z Language: rust
2026-04-08T08:40:08.000Z src/billing/handler.py:352: SyntaxError: unexpected token '['
2026-04-08T08:40:08.000Z pylint: E0001 syntax-error
2026-04-08T08:40:08.000Z ##[error]Build stopped due to syntax error",2026-04-08t08:40:08.000z group run ci for vercel/next.js 2026-04-08t08:40:08.000z runner image: ubuntu-latest 2026-04-08t08:40:08.000z language: rust 2026-04-08t08:40:08.000z src/billing/handler.py:352: syntaxerror: unexpected token 2026-04-08t08:40:08.000z pylint:,Syntax Error,build,high,Invalid code syntax detected by compiler or linter,
"2026-04-01T19:15:15.000Z ##[group]Run CI for angular/angular
2026-04-01T19:15:15.000Z Runner image: macos-latest
2026-04-01T19:15:15.000Z Language: go
2026-04-01T19:15:15.000Z aws secretsmanager get-secret-value --secret-id docker-token
2026-04-01T19:15:15.000Z AccessDeniedException: User is not authorized to perform secretsmanager:GetSecretValue
2026-04-01T19:15:15.000Z ##[error]permission denied while accessing deployment secret",2026-04-01t19:15:15.000z group run ci for angular/angular 2026-04-01t19:15:15.000z runner image: macos-latest 2026-04-01t19:15:15.000z language: go 2026-04-01t19:15:15.000z aws secretsmanager get-secret-value --secret-id docker-token 2026-04-01t19:15:15.000z,Permission Error,deploy,high,"Token, role, or filesystem permission denied",258.0
"2026-04-01T23:08:44.000Z ##[group]Run CI for nodejs/node
2026-04-01T23:08:44.000Z Runner image: ubuntu-latest
2026-04-01T23:08:44.000Z Language: python
2026-04-01T23:08:44.000Z aws secretsmanager get-secret-value --secret-id docker-token
2026-04-01T23:08:44.000Z AccessDeniedException: User is not authorized to perform secretsmanager:GetSecretValue
2026-04-01T23:08:44.000Z ##[error]permission denied while accessing deployment secret",2026-04-01t23:08:44.000z group run ci for nodejs/node 2026-04-01t23:08:44.000z runner image: ubuntu-latest 2026-04-01t23:08:44.000z language: python 2026-04-01t23:08:44.000z aws secretsmanager get-secret-value --secret-id docker-token 2026-04-01t23:08:44.000z,Permission Error,deploy,high,"Token, role, or filesystem permission denied",259.0
"2026-04-08T16:10:15.000Z ##[group]Run CI for vercel/next.js
2026-04-08T16:10:15.000Z Runner image: ubuntu-latest
2026-04-08T16:10:15.000Z Language: node
2026-04-08T16:10:15.000Z validating .github/workflows/ci.yml
2026-04-08T16:10:15.000Z workflow syntax error: Unexpected value 'stepz'
2026-04-08T16:10:15.000Z ##[error]Invalid workflow configuration",2026-04-08t16:10:15.000z group run ci for vercel/next.js 2026-04-08t16:10:15.000z runner image: ubuntu-latest 2026-04-08t16:10:15.000z language: node 2026-04-08t16:10:15.000z validating .github/workflows/ci.yml 2026-04-08t16:10:15.000z workflow syntax error:,Configuration Error,build,high,Invalid workflow configuration or environment variable,
"2026-04-01T21:32:37.000Z ##[group]Run CI for angular/angular
2026-04-01T21:32:37.000Z Runner image: macos-latest
2026-04-01T21:32:37.000Z Language: rust
2026-04-01T21:32:37.000Z pytest -m integration --maxfail=1
2026-04-01T21:32:37.000Z Error: Process timed out after 10 minutes
2026-04-01T21:32:37.000Z ##[error]The operation was canceled",2026-04-01t21:32:37.000z group run ci for angular/angular 2026-04-01t21:32:37.000z runner image: macos-latest 2026-04-01t21:32:37.000z language: rust 2026-04-01t21:32:37.000z pytest -m integration --maxfail 1 2026-04-01t21:32:37.000z,Timeout Error,test,medium,Long-running step exceeded CI timeout threshold,233.0
"2026-04-01T14:36:42.000Z ##[group]Run CI for vercel/next.js
2026-04-01T14:36:42.000Z Runner image: windows-latest
2026-04-01T14:36:42.000Z Language: java
2026-04-01T14:36:42.000Z src/compiler/handler.py:248: SyntaxError: unexpected token '@'
2026-04-01T14:36:42.000Z pylint: E0001 syntax-error
2026-04-01T14:36:42.000Z ##[error]Build stopped due to syntax error",2026-04-01t14:36:42.000z group run ci for vercel/next.js 2026-04-01t14:36:42.000z runner image: windows-latest 2026-04-01t14:36:42.000z language: java 2026-04-01t14:36:42.000z src/compiler/handler.py:248: syntaxerror: unexpected token 2026-04-01t14:36:42.000z pylint:,Syntax Error,build,high,Invalid code syntax detected by compiler or linter,267.0
"2026-04-01T09:12:13.000Z ##[group]Run CI for apache/spark
2026-04-01T09:12:13.000Z Runner image: macos-latest
2026-04-01T09:12:13.000Z Language: go
2026-04-01T09:12:13.000Z src/worker/handler.py:291: SyntaxError: unexpected token '{'
2026-04-01T09:12:13.000Z pylint: E0001 syntax-error
2026-04-01T09:12:13.000Z ##[error]Build stopped due to syntax error",2026-04-01t09:12:13.000z group run ci for apache/spark 2026-04-01t09:12:13.000z runner image: macos-latest 2026-04-01t09:12:13.000z language: go 2026-04-01t09:12:13.000z src/worker/handler.py:291: syntaxerror: unexpected token 2026-04-01t09:12:13.000z pylint:,Syntax Error,build,high,Invalid code syntax detected by compiler or linter,259.0
"2026-04-08T12:06:50.000Z ##[group]Run CI for vercel/next.js
2026-04-08T12:06:50.000Z Runner image: ubuntu-latest
2026-04-08T12:06:50.000Z Language: java
2026-04-08T12:06:50.000Z make build-ci -j4
2026-04-08T12:06:50.000Z gcc: fatal error: cannot execute 'cc1plus': No such file or directory
2026-04-08T12:06:50.000Z ##[error]Build failed with exit code 2",2026-04-08t12:06:50.000z group run ci for vercel/next.js 2026-04-08t12:06:50.000z runner image: ubuntu-latest 2026-04-08t12:06:50.000z language: java 2026-04-08t12:06:50.000z make build-ci -j4 2026-04-08t12:06:50.000z gcc: fatal,Build Failure,build,high,Compilation or packaging process failed,
"2026-04-01T19:04:10.000Z ##[group]Run CI for spring-projects/spring-boot
2026-04-01T19:04:10.000Z Runner image: macos-latest
2026-04-01T19:04:10.000Z Language: node
2026-04-01T19:04:10.000Z Starting module router
2026-04-01T19:04:10.000Z Traceback (most recent call last): ValueError: invalid state transition in router
2026-04-01T19:04:10.000Z ##[error]Runtime exception in test process",2026-04-01t19:04:10.000z group run ci for spring-projects/spring-boot 2026-04-01t19:04:10.000z runner image: macos-latest 2026-04-01t19:04:10.000z language: node 2026-04-01t19:04:10.000z starting module router 2026-04-01t19:04:10.000z traceback most,Runtime Error,test,medium,Unhandled exception during job execution,249.0
"2026-04-02T11:48:07.000Z ##[group]Run CI for apache/spark
2026-04-02T11:48:07.000Z Runner image: ubuntu-latest
2026-04-02T11:48:07.000Z Language: python
2026-04-02T11:48:07.000Z validating .github/workflows/ci.yml
2026-04-02T11:48:07.000Z workflow syntax error: Unexpected value 'stepz'
2026-04-02T11:48:07.000Z ##[error]Invalid workflow configuration",2026-04-02t11:48:07.000z group run ci for apache/spark 2026-04-02t11:48:07.000z runner image: ubuntu-latest 2026-04-02t11:48:07.000z language: python 2026-04-02t11:48:07.000z validating .github/workflows/ci.yml 2026-04-02t11:48:07.000z workflow syntax error:,Configuration Error,build,high,Invalid workflow configuration or environment variable,258.0
"2026-04-01T21:18:08.000Z ##[group]Run CI for tensorflow/tensorflow
2026-04-01T21:18:08.000Z Runner image: windows-latest
2026-04-01T21:18:08.000Z Language: go
2026-04-01T21:18:08.000Z aws secretsmanager get-secret-value --secret-id docker-token
2026-04-01T21:18:08.000Z AccessDeniedException: User is not authorized to perform secretsmanager:GetSecretValue
2026-04-01T21:18:08.000Z ##[error]permission denied while accessing deployment secret",2026-04-01t21:18:08.000z group run ci for tensorflow/tensorflow 2026-04-01t21:18:08.000z runner image: windows-latest 2026-04-01t21:18:08.000z language: go 2026-04-01t21:18:08.000z aws secretsmanager get-secret-value --secret-id docker-token 2026-04-01t21:18:08.000z,Permission Error,deploy,high,"Token, role, or filesystem permission denied",266.0
"2026-04-15T15:20:54.000Z ##[group]Run CI for microsoft/vscode
2026-04-15T15:20:54.000Z Runner image: windows-latest
2026-04-15T15:20:54.000Z Language: java
2026-04-15T15:20:54.000Z aws secretsmanager get-secret-value --secret-id docker-token
2026-04-15T15:20:54.000Z AccessDeniedException: User is not authorized to perform secretsmanager:GetSecretValue
2026-04-15T15:20:54.000Z ##[error]permission denied while accessing deployment secret",2026-04-15t15:20:54.000z group run ci for microsoft/vscode 2026-04-15t15:20:54.000z runner image: windows-latest 2026-04-15t15:20:54.000z language: java 2026-04-15t15:20:54.000z aws secretsmanager get-secret-value --secret-id docker-token 2026-04-15t15:20:54.000z,Permission Error,deploy,high,"Token, role, or filesystem permission denied",
"2026-04-01T15:33:08.000Z ##[group]Run CI for tensorflow/tensorflow
2026-04-01T15:33:08.000Z Runner image: ubuntu-latest
2026-04-01T15:33:08.000Z Language: node
2026-04-01T15:33:08.000Z Pulling cache layer from registry
2026-04-01T15:33:08.000Z error: failed to solve: no space left on device
2026-04-01T15:33:08.000Z ##[error]Runner disk pressure caused job failure",2026-04-01t15:33:08.000z group run ci for tensorflow/tensorflow 2026-04-01t15:33:08.000z runner image: ubuntu-latest 2026-04-01t15:33:08.000z language: node 2026-04-01t15:33:08.000z pulling cache layer from registry 2026-04-01t15:33:08.000z,Infrastructure Error,build,high,Runner or external service instability,240.0
"2026-04-02T00:32:31.000Z ##[group]Run CI for django/django
2026-04-02T00:32:31.000Z Runner image: windows-latest
2026-04-02T00:32:31.000Z Language: python
2026-04-02T00:32:31.000Z Pulling cache layer from registry
2026-04-02T00:32:31.000Z error: failed to solve: no space left on device
2026-04-02T00:32:31.000Z ##[error]Runner disk pressure caused job failure",2026-04-02t00:32:31.000z group run ci for django/django 2026-04-02t00:32:31.000z runner image: windows-latest 2026-04-02t00:32:31.000z language: python 2026-04-02t00:32:31.000z pulling cache layer from registry 2026-04-02t00:32:31.000z,Infrastructure Error,build,high,Runner or external service instability,235.0
"2026-04-01T12:39:05.000Z ##[group]Run CI for facebook/react
2026-04-01T12:39:05.000Z Runner image: ubuntu-latest
2026-04-01T12:39:05.000Z Language: node
2026-04-01T12:39:05.000Z ERROR: Module not found: Cannot resolve 'numpy'
2026-04-01T12:39:05.000Z npm ERR! code E404
2026-04-01T12:39:05.000Z ##[error]Dependency installation failed",2026-04-01t12:39:05.000z group run ci for facebook/react 2026-04-01t12:39:05.000z runner image: ubuntu-latest 2026-04-01t12:39:05.000z language: node 2026-04-01t12:39:05.000z error: module not found: cannot resolve,Dependency Error,build,high,Missing package or unresolved module dependency,214.0
"2026-04-01T11:44:31.000Z ##[group]Run CI for apache/spark
2026-04-01T11:44:31.000Z Runner image: macos-latest
2026-04-01T11:44:31.000Z Language: go
2026-04-01T11:44:31.000Z src/compiler/handler.py:74: SyntaxError: unexpected token '@'
2026-04-01T11:44:31.000Z pylint: E0001 syntax-error
2026-04-01T11:44:31.000Z ##[error]Build stopped due to syntax error",2026-04-01t11:44:31.000z group run ci for apache/spark 2026-04-01t11:44:31.000z runner image: macos-latest 2026-04-01t11:44:31.000z language: go 2026-04-01t11:44:31.000z src/compiler/handler.py:74: syntaxerror: unexpected token 2026-04-01t11:44:31.000z pylint:,Syntax Error,build,high,Invalid code syntax detected by compiler or linter,260.0
"2026-04-02T00:48:44.000Z ##[group]Run CI for microsoft/vscode
2026-04-02T00:48:44.000Z Runner image: ubuntu-latest
2026-04-02T00:48:44.000Z Language: go
2026-04-02T00:48:44.000Z make build-ci -j4
2026-04-02T00:48:44.000Z gcc: fatal error: cannot execute 'cc1plus': No such file or directory
2026-04-02T00:48:44.000Z ##[error]Build failed with exit code 2",2026-04-02t00:48:44.000z group run ci for microsoft/vscode 2026-04-02t00:48:44.000z runner image: ubuntu-latest 2026-04-02t00:48:44.000z language: go 2026-04-02t00:48:44.000z make build-ci -j4 2026-04-02t00:48:44.000z gcc: fatal,Build Failure,build,high,Compilation or packaging process failed,228.0
"2026-04-01T12:20:08.000Z ##[group]Run CI for angular/angular
2026-04-01T12:20:08.000Z Runner image: macos-latest
2026-04-01T12:20:08.000Z Language: python
2026-04-01T12:20:08.000Z ERROR: Module not found: Cannot resolve 'pytest'
2026-04-01T12:20:08.000Z npm ERR! code E404
2026-04-01T12:20:08.000Z ##[error]Dependency installation failed",2026-04-01t12:20:08.000z group run ci for angular/angular 2026-04-01t12:20:08.000z runner image: macos-latest 2026-04-01t12:20:08.000z language: python 2026-04-01t12:20:08.000z error: module not found: cannot resolve,Dependency Error,build,high,Missing package or unresolved module dependency,216.0
"2026-04-01T08:10:25.000Z ##[group]Run CI for tensorflow/tensorflow
2026-04-01T08:10:25.000Z Runner image: macos-latest
2026-04-01T08:10:25.000Z Language: python
2026-04-01T08:10:25.000Z FAIL tests/integration/test_auth_flow.py
2026-04-01T08:10:25.000Z AssertionError: expected 10 but received 14
2026-04-01T08:10:25.000Z ##[error]Test suite failed with exit code 1",2026-04-01t08:10:25.000z group run ci for tensorflow/tensorflow 2026-04-01t08:10:25.000z runner image: macos-latest 2026-04-01t08:10:25.000z language: python 2026-04-01t08:10:25.000z fail tests/integration/test_auth_flow.py 2026-04-01t08:10:25.000z assertionerror: expected 10,Test Failure,test,medium,Assertion mismatch in CI test suite,276.0
"2026-04-15T16:04:54.000Z ##[group]Run CI for tensorflow/tensorflow
2026-04-15T16:04:54.000Z Runner image: ubuntu-latest
2026-04-15T16:04:54.000Z Language: node
2026-04-15T16:04:54.000Z make build-ci -j4
2026-04-15T16:04:54.000Z gcc: fatal error: cannot execute 'cc1plus': No such file or directory
2026-04-15T16:04:54.000Z ##[error]Build failed with exit code 2",2026-04-15t16:04:54.000z group run ci for tensorflow/tensorflow 2026-04-15t16:04:54.000z runner image: ubuntu-latest 2026-04-15t16:04:54.000z language: node 2026-04-15t16:04:54.000z make build-ci -j4 2026-04-15t16:04:54.000z gcc: fatal,Build Failure,build,high,Compilation or packaging process failed,
"2026-04-01T16:08:36.000Z ##[group]Run CI for django/django
2026-04-01T16:08:36.000Z Runner image: macos-latest
2026-04-01T16:08:36.000Z Language: java
2026-04-01T16:08:36.000Z validating .github/workflows/ci.yml
2026-04-01T16:08:36.000Z workflow syntax error: Unexpected value 'stepz'
2026-04-01T16:08:36.000Z ##[error]Invalid workflow configuration",2026-04-01t16:08:36.000z group run ci for django/django 2026-04-01t16:08:36.000z runner image: macos-latest 2026-04-01t16:08:36.000z language: java 2026-04-01t16:08:36.000z validating .github/workflows/ci.yml 2026-04-01t16:08:36.000z workflow syntax error:,Configuration Error,build,high,Invalid workflow configuration or environment variable,256.0
"2026-04-02T00:32:05.000Z ##[group]Run CI for spring-projects/spring-boot
2026-04-02T00:32:05.000Z Runner image: windows-latest
2026-04-02T00:32:05.000Z Language: python
2026-04-02T00:32:05.000Z aws secretsmanager get-secret-value --secret-id docker-token
2026-04-02T00:32:05.000Z AccessDeniedException: User is not authorized to perform secretsmanager:GetSecretValue
2026-04-02T00:32:05.000Z ##[error]permission denied while accessing deployment secret",2026-04-02t00:32:05.000z group run ci for spring-projects/spring-boot 2026-04-02t00:32:05.000z runner image: windows-latest 2026-04-02t00:32:05.000z language: python 2026-04-02t00:32:05.000z aws secretsmanager get-secret-value --secret-id docker-token 2026-04-02t00:32:05.000z,Permission Error,deploy,high,"Token, role, or filesystem permission denied",276.0
"2026-03-19T17:17:15.0944467Z PASS packages/react-reconciler/src/__tests__/ReactConcurrentErrorRecovery-test.js 2026-03-19T17:17:12.0566109Z PASS packages/react-reconciler/src/__tests__/ReactIncrementalErrorReplay-test.js 2026-03-19T17:17:18.5872590Z PASS packages/react-reconciler/src/__tests__/ReactIncrementalErrorReplay-test.js 2026-03-19T17:16:57.6235297Z PASS packages/react-dom/src/__tests__/ReactDOMConsoleErrorReporting-test.js 2026-03-19T17:17:23.5657318Z A worker process has failed to exit gracefully and has been force exited. This is likely caused by tests leaking due to improper teardown. Try running with --detectOpenHandles to find leaks. Active timers can also cause this, ensure that .unref() was called on them.",tz pass packagesreactreconcilersrctestsreactconcurrenterrorrecoverytestjs tz pass,Test Failure,test,medium,Assertion or test case failure,81.0
"2026-04-15T08:28:04.000Z ##[group]Run CI for spring-projects/spring-boot
2026-04-15T08:28:04.000Z Runner image: macos-latest
2026-04-15T08:28:04.000Z Language: node
2026-04-15T08:28:04.000Z ERROR: Module not found: Cannot resolve 'webpack'
2026-04-15T08:28:04.000Z npm ERR! code E404
2026-04-15T08:28:04.000Z ##[error]Dependency installation failed",2026-04-15t08:28:04.000z group run ci for spring-projects/spring-boot 2026-04-15t08:28:04.000z runner image: macos-latest 2026-04-15t08:28:04.000z language: node 2026-04-15t08:28:04.000z error: module not found: cannot resolve,Dependency Error,build,high,Missing package or unresolved module dependency,
"2026-04-01T08:23:47.000Z ##[group]Run CI for django/django
2026-04-01T08:23:47.000Z Runner image: windows-latest
2026-04-01T08:23:47.000Z Language: python
2026-04-01T08:23:47.000Z ERROR: Module not found: Cannot resolve 'spring-core'
2026-04-01T08:23:47.000Z npm ERR! code E404
2026-04-01T08:23:47.000Z ##[error]Dependency installation failed",2026-04-01t08:23:47.000z group run ci for django/django 2026-04-01t08:23:47.000z runner image: windows-latest 2026-04-01t08:23:47.000z language: python 2026-04-01t08:23:47.000z error: module not found: cannot resolve,Dependency Error,build,high,Missing package or unresolved module dependency,216.0
"2026-04-01T23:28:38.000Z ##[group]Run CI for angular/angular
2026-04-01T23:28:38.000Z Runner image: windows-latest
2026-04-01T23:28:38.000Z Language: python
2026-04-01T23:28:38.000Z aws secretsmanager get-secret-value --secret-id docker-token
2026-04-01T23:28:38.000Z AccessDeniedException: User is not authorized to perform secretsmanager:GetSecretValue
2026-04-01T23:28:38.000Z ##[error]permission denied while accessing deployment secret",2026-04-01t23:28:38.000z group run ci for angular/angular 2026-04-01t23:28:38.000z runner image: windows-latest 2026-04-01t23:28:38.000z language: python 2026-04-01t23:28:38.000z aws secretsmanager get-secret-value --secret-id docker-token 2026-04-01t23:28:38.000z,Permission Error,deploy,high,"Token, role, or filesystem permission denied",264.0
"2026-04-10T12:20:48.9295644Z exec: curl --retry 3 --silent --show-error -L https://www.apache.org/dyn/closer.lua/maven/maven-3/3.9.11/binaries/apache-maven-3.9.11-bin.tar.gz?action=download 2026-04-10T12:20:51.8375955Z exec: curl --retry 3 --silent --show-error -L https://www.apache.org/dyn/closer.lua/maven/maven-3/3.9.11/binaries/apache-maven-3.9.11-bin.tar.gz.sha512?action=download 2026-04-10T12:25:44.4809672Z [0m[[0m[33mwarn[0m] [0m[0mApplicable -Wconf / @nowarn filters for this warning: msg=<part of the message>, cat=deprecation, site=org.apache.spark.scheduler.TaskSetExcludelist.updateExcludedForFailedTask, origin=org.apache.spark.scheduler.SparkListenerExecutorBlacklistedForStage, version=3.1.0[0m 2026-04-10T12:25:44.4869801Z [0m[[0m[33mwarn[0m] [0m[0mApplicable -Wconf / @nowarn filters for this warning: msg=<part of the message>, cat=deprecation, site=org.apache.spark.scheduler.TaskSetExcludelist.updateExcludedForFailedTask, origin=org.apache.spark.scheduler.SparkListenerNodeBlacklistedForStage, version=3.1.0[0m 2026-04-10T12:28:47.2706638Z [0m[[0m[33mwarn[0m] [0m[0m    intercept[IllegalArgumentException](new StreamingContext(""nosuchdirectory""))[0m",tz exec curl retry silent showerror,Runtime Error,build,medium,auto-detected,35.0
"2026-04-02T12:00:35.000Z ##[group]Run CI for nodejs/node
2026-04-02T12:00:35.000Z Runner image: ubuntu-latest
2026-04-02T12:00:35.000Z Language: node
2026-04-02T12:00:35.000Z helm upgrade --install api ./charts/api
2026-04-02T12:00:35.000Z Error: UPGRADE FAILED: timed out waiting for the condition
2026-04-02T12:00:35.000Z ##[error]Deployment failed in production stage",2026-04-02t12:00:35.000z group run ci for nodejs/node 2026-04-02t12:00:35.000z runner image: ubuntu-latest 2026-04-02t12:00:35.000z language: node 2026-04-02t12:00:35.000z helm upgrade --install api ./charts/api 2026-04-02t12:00:35.000z,Deployment Error,deploy,high,Release or deployment command failed,236.0
"2026-04-02T21:44:03.000Z ##[group]Run CI for microsoft/vscode
2026-04-02T21:44:03.000Z Runner image: windows-latest
2026-04-02T21:44:03.000Z Language: go
2026-04-02T21:44:03.000Z validating .github/workflows/ci.yml
2026-04-02T21:44:03.000Z workflow syntax error: Unexpected value 'stepz'
2026-04-02T21:44:03.000Z ##[error]Invalid workflow configuration",2026-04-02t21:44:03.000z group run ci for microsoft/vscode 2026-04-02t21:44:03.000z runner image: windows-latest 2026-04-02t21:44:03.000z language: go 2026-04-02t21:44:03.000z validating .github/workflows/ci.yml 2026-04-02t21:44:03.000z workflow syntax error:,Configuration Error,build,high,Invalid workflow configuration or environment variable,259.0
"2026-04-11T10:38:39.3011425Z ##[group]Run ./configure --verbose --error-on-warn --coverage --without-intl 2026-04-11T10:38:39.3011956Z [36;1m./configure --verbose --error-on-warn --coverage --without-intl[0m 2026-04-11T10:38:42.1105002Z                  'error_on_warn': 'true', 2026-04-11T10:38:42.1117351Z                                           'test/cctest/test_quic_error.cc', 2026-04-11T10:38:42.1153381Z                                          'lib/internal/assert/assertion_error.js',",tz grouprun configure verbose erroronwarn coverage,Test Failure,test,medium,auto-detected,50.0
"2026-04-12T06:45:50.000Z ##[group]Run CI for facebook/react
2026-04-12T06:45:50.000Z Runner image: windows-latest
2026-04-12T06:45:50.000Z Language: python
2026-04-12T06:45:50.000Z Pulling cache layer from registry
2026-04-12T06:45:50.000Z error: failed to solve: no space left on device
2026-04-12T06:45:50.000Z ##[error]Runner disk pressure caused job failure",2026-04-12t06:45:50.000z group run ci for facebook/react 2026-04-12t06:45:50.000z runner image: windows-latest 2026-04-12t06:45:50.000z language: python 2026-04-12t06:45:50.000z pulling cache layer from registry 2026-04-12t06:45:50.000z,Infrastructure Error,build,high,Runner or external service instability,
"2026-04-02T03:40:23.000Z ##[group]Run CI for microsoft/vscode
2026-04-02T03:40:23.000Z Runner image: macos-latest
2026-04-02T03:40:23.000Z Language: java
2026-04-02T03:40:23.000Z make build-ci -j4
2026-04-02T03:40:23.000Z gcc: fatal error: cannot execute 'cc1plus': No such file or directory
2026-04-02T03:40:23.000Z ##[error]Build failed with exit code 2",2026-04-02t03:40:23.000z group run ci for microsoft/vscode 2026-04-02t03:40:23.000z runner image: macos-latest 2026-04-02t03:40:23.000z language: java 2026-04-02t03:40:23.000z make build-ci -j4 2026-04-02t03:40:23.000z gcc: fatal,Build Failure,build,high,Compilation or packaging process failed,229.0
"2026-04-04T20:57:18.000Z ##[group]Run CI for facebook/react
2026-04-04T20:57:18.000Z Runner image: ubuntu-latest
2026-04-04T20:57:18.000Z Language: java
2026-04-04T20:57:18.000Z aws secretsmanager get-secret-value --secret-id docker-token
2026-04-04T20:57:18.000Z AccessDeniedException: User is not authorized to perform secretsmanager:GetSecretValue
2026-04-04T20:57:18.000Z ##[error]permission denied while accessing deployment secret",2026-04-04t20:57:18.000z group run ci for facebook/react 2026-04-04t20:57:18.000z runner image: ubuntu-latest 2026-04-04t20:57:18.000z language: java 2026-04-04t20:57:18.000z aws secretsmanager get-secret-value --secret-id docker-token 2026-04-04t20:57:18.000z,Permission Error,deploy,high,"Token, role, or filesystem permission denied",
"2026-04-02T02:50:51.000Z ##[group]Run CI for spring-projects/spring-boot
2026-04-02T02:50:51.000Z Runner image: windows-latest
2026-04-02T02:50:51.000Z Language: python
2026-04-02T02:50:51.000Z validating .github/workflows/ci.yml
2026-04-02T02:50:51.000Z workflow syntax error: Unexpected value 'stepz'
2026-04-02T02:50:51.000Z ##[error]Invalid workflow configuration",2026-04-02t02:50:51.000z group run ci for spring-projects/spring-boot 2026-04-02t02:50:51.000z runner image: windows-latest 2026-04-02t02:50:51.000z language: python 2026-04-02t02:50:51.000z validating .github/workflows/ci.yml 2026-04-02t02:50:51.000z workflow syntax error:,Configuration Error,build,high,Invalid workflow configuration or environment variable,274.0
"2026-04-02T02:40:11.000Z ##[group]Run CI for vercel/next.js
2026-04-02T02:40:11.000Z Runner image: macos-latest
2026-04-02T02:40:11.000Z Language: go
2026-04-02T02:40:11.000Z validating .github/workflows/ci.yml
2026-04-02T02:40:11.000Z workflow syntax error: Unexpected value 'stepz'
2026-04-02T02:40:11.000Z ##[error]Invalid workflow configuration",2026-04-02t02:40:11.000z group run ci for vercel/next.js 2026-04-02t02:40:11.000z runner image: macos-latest 2026-04-02t02:40:11.000z language: go 2026-04-02t02:40:11.000z validating .github/workflows/ci.yml 2026-04-02t02:40:11.000z workflow syntax error:,Configuration Error,build,high,Invalid workflow configuration or environment variable,255.0
"2026-04-01T11:34:55.000Z ##[group]Run CI for spring-projects/spring-boot
2026-04-01T11:34:55.000Z Runner image: ubuntu-latest
2026-04-01T11:34:55.000Z Language: go
2026-04-01T11:34:55.000Z src/billing/handler.py:151: SyntaxError: unexpected token '@'
2026-04-01T11:34:55.000Z pylint: E0001 syntax-error
2026-04-01T11:34:55.000Z ##[error]Build stopped due to syntax error",2026-04-01t11:34:55.000z group run ci for spring-projects/spring-boot 2026-04-01t11:34:55.000z runner image: ubuntu-latest 2026-04-01t11:34:55.000z language: go 2026-04-01t11:34:55.000z src/billing/handler.py:151: syntaxerror: unexpected token 2026-04-01t11:34:55.000z pylint:,Syntax Error,build,high,Invalid code syntax detected by compiler or linter,276.0
"2026-04-02T12:52:17.000Z ##[group]Run CI for apache/spark
2026-04-02T12:52:17.000Z Runner image: macos-latest
2026-04-02T12:52:17.000Z Language: node
2026-04-02T12:52:17.000Z helm upgrade --install api ./charts/api
2026-04-02T12:52:17.000Z Error: UPGRADE FAILED: timed out waiting for the condition
2026-04-02T12:52:17.000Z ##[error]Deployment failed in production stage",2026-04-02t12:52:17.000z group run ci for apache/spark 2026-04-02t12:52:17.000z runner image: macos-latest 2026-04-02t12:52:17.000z language: node 2026-04-02t12:52:17.000z helm upgrade --install api ./charts/api 2026-04-02t12:52:17.000z,Deployment Error,deploy,high,Release or deployment command failed,236.0
"2026-04-08T06:30:17.000Z ##[group]Run CI for facebook/react
2026-04-08T06:30:17.000Z Runner image: windows-latest
2026-04-08T06:30:17.000Z Language: python
2026-04-08T06:30:17.000Z FAIL internal/runtime/retry_test.go
2026-04-08T06:30:17.000Z AssertionError: expected 4 but received 19
2026-04-08T06:30:17.000Z ##[error]Test suite failed with exit code 1",2026-04-08t06:30:17.000z group run ci for facebook/react 2026-04-08t06:30:17.000z runner image: windows-latest 2026-04-08t06:30:17.000z language: python 2026-04-08t06:30:17.000z fail internal/runtime/retry_test.go 2026-04-08t06:30:17.000z assertionerror: expected 4,Test Failure,test,medium,Assertion mismatch in CI test suite,
"2026-04-01T15:56:01.000Z ##[group]Run CI for facebook/react
2026-04-01T15:56:01.000Z Runner image: ubuntu-latest
2026-04-01T15:56:01.000Z Language: go
2026-04-01T15:56:01.000Z aws secretsmanager get-secret-value --secret-id docker-token
2026-04-01T15:56:01.000Z AccessDeniedException: User is not authorized to perform secretsmanager:GetSecretValue
2026-04-01T15:56:01.000Z ##[error]permission denied while accessing deployment secret",2026-04-01t15:56:01.000z group run ci for facebook/react 2026-04-01t15:56:01.000z runner image: ubuntu-latest 2026-04-01t15:56:01.000z language: go 2026-04-01t15:56:01.000z aws secretsmanager get-secret-value --secret-id docker-token 2026-04-01t15:56:01.000z,Permission Error,deploy,high,"Token, role, or filesystem permission denied",258.0
"2026-04-04T21:35:08.000Z ##[group]Run CI for spring-projects/spring-boot
2026-04-04T21:35:08.000Z Runner image: windows-latest
2026-04-04T21:35:08.000Z Language: node
2026-04-04T21:35:08.000Z make build-ci -j4
2026-04-04T21:35:08.000Z gcc: fatal error: cannot execute 'cc1plus': No such file or directory
2026-04-04T21:35:08.000Z ##[error]Build failed with exit code 2",2026-04-04t21:35:08.000z group run ci for spring-projects/spring-boot 2026-04-04t21:35:08.000z runner image: windows-latest 2026-04-04t21:35:08.000z language: node 2026-04-04t21:35:08.000z make build-ci -j4 2026-04-04t21:35:08.000z gcc: fatal,Build Failure,build,high,Compilation or packaging process failed,
"2026-04-15T20:36:28.000Z ##[group]Run CI for pytorch/pytorch
2026-04-15T20:36:28.000Z Runner image: ubuntu-latest
2026-04-15T20:36:28.000Z Language: go
2026-04-15T20:36:28.000Z helm upgrade --install api ./charts/api
2026-04-15T20:36:28.000Z Error: UPGRADE FAILED: timed out waiting for the condition
2026-04-15T20:36:28.000Z ##[error]Deployment failed in production stage",2026-04-15t20:36:28.000z group run ci for pytorch/pytorch 2026-04-15t20:36:28.000z runner image: ubuntu-latest 2026-04-15t20:36:28.000z language: go 2026-04-15t20:36:28.000z helm upgrade --install api ./charts/api 2026-04-15t20:36:28.000z,Deployment Error,deploy,high,Release or deployment command failed,
"2026-04-02T02:54:49.000Z ##[group]Run CI for facebook/react
2026-04-02T02:54:49.000Z Runner image: ubuntu-latest
2026-04-02T02:54:49.000Z Language: rust
2026-04-02T02:54:49.000Z validating .github/workflows/ci.yml
2026-04-02T02:54:49.000Z workflow syntax error: Unexpected value 'stepz'
2026-04-02T02:54:49.000Z ##[error]Invalid workflow configuration",2026-04-02t02:54:49.000z group run ci for facebook/react 2026-04-02t02:54:49.000z runner image: ubuntu-latest 2026-04-02t02:54:49.000z language: rust 2026-04-02t02:54:49.000z validating .github/workflows/ci.yml 2026-04-02t02:54:49.000z workflow syntax error:,Configuration Error,build,high,Invalid workflow configuration or environment variable,258.0
"2026-04-01T21:08:36.000Z ##[group]Run CI for django/django
2026-04-01T21:08:36.000Z Runner image: ubuntu-latest
2026-04-01T21:08:36.000Z Language: java
2026-04-01T21:08:36.000Z helm upgrade --install api ./charts/api
2026-04-01T21:08:36.000Z Error: UPGRADE FAILED: timed out waiting for the condition
2026-04-01T21:08:36.000Z ##[error]Deployment failed in production stage",2026-04-01t21:08:36.000z group run ci for django/django 2026-04-01t21:08:36.000z runner image: ubuntu-latest 2026-04-01t21:08:36.000z language: java 2026-04-01t21:08:36.000z helm upgrade --install api ./charts/api 2026-04-01t21:08:36.000z,Deployment Error,deploy,high,Release or deployment command failed,238.0
"2026-03-02T18:51:32.2079565Z PASS packages/react-reconciler/src/__tests__/ReactConcurrentErrorRecovery-test.js 2026-03-02T18:51:42.5902814Z     console.error 2026-03-02T18:51:42.5910749Z      [90m 177 |[39m     consoleErrorMock([33m...[39margs)[33m;[39m 2026-03-02T18:51:42.5912925Z     [31m[1m>[22m[39m[90m 178 |[39m     originalConsoleError[33m.[39mapply(console[33m,[39m args)[33m;[39m 2026-03-02T18:51:42.5919768Z      [90m 181 |[39m     [36mif[39m (shouldIgnoreConsoleErrorOrWarn(args)) {[0m",tz pass packagesreactreconcilersrctestsreactconcurrenterrorrecoverytestjs tz consoleerror,Test Failure,test,medium,Assertion or test case failure,89.0
"2026-04-02T01:04:23.000Z ##[group]Run CI for facebook/react
2026-04-02T01:04:23.000Z Runner image: macos-latest
2026-04-02T01:04:23.000Z Language: node
2026-04-02T01:04:23.000Z aws secretsmanager get-secret-value --secret-id docker-token
2026-04-02T01:04:23.000Z AccessDeniedException: User is not authorized to perform secretsmanager:GetSecretValue
2026-04-02T01:04:23.000Z ##[error]permission denied while accessing deployment secret",2026-04-02t01:04:23.000z group run ci for facebook/react 2026-04-02t01:04:23.000z runner image: macos-latest 2026-04-02t01:04:23.000z language: node 2026-04-02t01:04:23.000z aws secretsmanager get-secret-value --secret-id docker-token 2026-04-02t01:04:23.000z,Permission Error,deploy,high,"Token, role, or filesystem permission denied",259.0
"2026-04-02T10:32:51.000Z ##[group]Run CI for microsoft/vscode
2026-04-02T10:32:51.000Z Runner image: ubuntu-latest
2026-04-02T10:32:51.000Z Language: rust
2026-04-02T10:32:51.000Z Starting module worker
2026-04-02T10:32:51.000Z Traceback (most recent call last): ValueError: invalid state transition in worker
2026-04-02T10:32:51.000Z ##[error]Runtime exception in test process",2026-04-02t10:32:51.000z group run ci for microsoft/vscode 2026-04-02t10:32:51.000z runner image: ubuntu-latest 2026-04-02t10:32:51.000z language: rust 2026-04-02t10:32:51.000z starting module worker 2026-04-02t10:32:51.000z traceback most,Runtime Error,test,medium,Unhandled exception during job execution,239.0
"2026-04-16T02:24:04.000Z ##[group]Run CI for vercel/next.js
2026-04-16T02:24:04.000Z Runner image: macos-latest
2026-04-16T02:24:04.000Z Language: go
2026-04-16T02:24:04.000Z validating .github/workflows/ci.yml
2026-04-16T02:24:04.000Z workflow syntax error: Unexpected value 'stepz'
2026-04-16T02:24:04.000Z ##[error]Invalid workflow configuration",2026-04-16t02:24:04.000z group run ci for vercel/next.js 2026-04-16t02:24:04.000z runner image: macos-latest 2026-04-16t02:24:04.000z language: go 2026-04-16t02:24:04.000z validating .github/workflows/ci.yml 2026-04-16t02:24:04.000z workflow syntax error:,Configuration Error,build,high,Invalid workflow configuration or environment variable,
"2026-04-12T01:18:36.000Z ##[group]Run CI for apache/spark
2026-04-12T01:18:36.000Z Runner image: ubuntu-latest
2026-04-12T01:18:36.000Z Language: node
2026-04-12T01:18:36.000Z aws secretsmanager get-secret-value --secret-id docker-token
2026-04-12T01:18:36.000Z AccessDeniedException: User is not authorized to perform secretsmanager:GetSecretValue
2026-04-12T01:18:36.000Z ##[error]permission denied while accessing deployment secret",2026-04-12t01:18:36.000z group run ci for apache/spark 2026-04-12t01:18:36.000z runner image: ubuntu-latest 2026-04-12t01:18:36.000z language: node 2026-04-12t01:18:36.000z aws secretsmanager get-secret-value --secret-id docker-token 2026-04-12t01:18:36.000z,Permission Error,deploy,high,"Token, role, or filesystem permission denied",
"2026-04-15T08:52:28.000Z ##[group]Run CI for angular/angular
2026-04-15T08:52:28.000Z Runner image: macos-latest
2026-04-15T08:52:28.000Z Language: java
2026-04-15T08:52:28.000Z src/compiler/handler.py:119: SyntaxError: unexpected token '='
2026-04-15T08:52:28.000Z pylint: E0001 syntax-error
2026-04-15T08:52:28.000Z ##[error]Build stopped due to syntax error",2026-04-15t08:52:28.000z group run ci for angular/angular 2026-04-15t08:52:28.000z runner image: macos-latest 2026-04-15t08:52:28.000z language: java 2026-04-15t08:52:28.000z src/compiler/handler.py:119: syntaxerror: unexpected token 2026-04-15t08:52:28.000z pylint:,Syntax Error,build,high,Invalid code syntax detected by compiler or linter,
"2026-04-02T03:03:35.000Z ##[group]Run CI for angular/angular
2026-04-02T03:03:35.000Z Runner image: ubuntu-latest
2026-04-02T03:03:35.000Z Language: node
2026-04-02T03:03:35.000Z Starting module auth
2026-04-02T03:03:35.000Z Traceback (most recent call last): ValueError: invalid state transition in auth
2026-04-02T03:03:35.000Z ##[error]Runtime exception in test process",2026-04-02t03:03:35.000z group run ci for angular/angular 2026-04-02t03:03:35.000z runner image: ubuntu-latest 2026-04-02t03:03:35.000z language: node 2026-04-02t03:03:35.000z starting module auth 2026-04-02t03:03:35.000z traceback most,Runtime Error,test,medium,Unhandled exception during job execution,236.0
"2026-04-01T15:32:45.000Z ##[group]Run CI for microsoft/vscode
2026-04-01T15:32:45.000Z Runner image: macos-latest
2026-04-01T15:32:45.000Z Language: node
2026-04-01T15:32:45.000Z Pulling cache layer from registry
2026-04-01T15:32:45.000Z error: failed to solve: no space left on device
2026-04-01T15:32:45.000Z ##[error]Runner disk pressure caused job failure",2026-04-01t15:32:45.000z group run ci for microsoft/vscode 2026-04-01t15:32:45.000z runner image: macos-latest 2026-04-01t15:32:45.000z language: node 2026-04-01t15:32:45.000z pulling cache layer from registry 2026-04-01t15:32:45.000z,Infrastructure Error,build,high,Runner or external service instability,234.0
"2026-04-08T05:54:49.000Z ##[group]Run CI for vercel/next.js
2026-04-08T05:54:49.000Z Runner image: macos-latest
2026-04-08T05:54:49.000Z Language: python
2026-04-08T05:54:49.000Z FAIL src/test/java/com/example/ServiceTest.java
2026-04-08T05:54:49.000Z AssertionError: expected 2 but received 14
2026-04-08T05:54:49.000Z ##[error]Test suite failed with exit code 1",2026-04-08t05:54:49.000z group run ci for vercel/next.js 2026-04-08t05:54:49.000z runner image: macos-latest 2026-04-08t05:54:49.000z language: python 2026-04-08t05:54:49.000z fail src/test/java/com/example/servicetest.java 2026-04-08t05:54:49.000z assertionerror: expected 2,Test Failure,test,medium,Assertion mismatch in CI test suite,
"2026-04-01T15:39:39.000Z ##[group]Run CI for nodejs/node
2026-04-01T15:39:39.000Z Runner image: ubuntu-latest
2026-04-01T15:39:39.000Z Language: rust
2026-04-01T15:39:39.000Z Pulling cache layer from registry
2026-04-01T15:39:39.000Z error: failed to solve: no space left on device
2026-04-01T15:39:39.000Z ##[error]Runner disk pressure caused job failure",2026-04-01t15:39:39.000z group run ci for nodejs/node 2026-04-01t15:39:39.000z runner image: ubuntu-latest 2026-04-01t15:39:39.000z language: rust 2026-04-01t15:39:39.000z pulling cache layer from registry 2026-04-01t15:39:39.000z,Infrastructure Error,build,high,Runner or external service instability,230.0
"2026-04-01T12:28:17.000Z ##[group]Run CI for apache/spark
2026-04-01T12:28:17.000Z Runner image: windows-latest
2026-04-01T12:28:17.000Z Language: java
2026-04-01T12:28:17.000Z ERROR: Module not found: Cannot resolve 'pytest'
2026-04-01T12:28:17.000Z npm ERR! code E404
2026-04-01T12:28:17.000Z ##[error]Dependency installation failed",2026-04-01t12:28:17.000z group run ci for apache/spark 2026-04-01t12:28:17.000z runner image: windows-latest 2026-04-01t12:28:17.000z language: java 2026-04-01t12:28:17.000z error: module not found: cannot resolve,Dependency Error,build,high,Missing package or unresolved module dependency,213.0
"2026-04-12T07:54:20.000Z ##[group]Run CI for django/django
2026-04-12T07:54:20.000Z Runner image: macos-latest
2026-04-12T07:54:20.000Z Language: node
2026-04-12T07:54:20.000Z Pulling cache layer from registry
2026-04-12T07:54:20.000Z error: failed to solve: no space left on device
2026-04-12T07:54:20.000Z ##[error]Runner disk pressure caused job failure",2026-04-12t07:54:20.000z group run ci for django/django 2026-04-12t07:54:20.000z runner image: macos-latest 2026-04-12t07:54:20.000z language: node 2026-04-12t07:54:20.000z pulling cache layer from registry 2026-04-12t07:54:20.000z,Infrastructure Error,build,high,Runner or external service instability,
"2026-04-01T22:03:15.000Z ##[group]Run CI for pytorch/pytorch
2026-04-01T22:03:15.000Z Runner image: macos-latest
2026-04-01T22:03:15.000Z Language: rust
2026-04-01T22:03:15.000Z make build-ci -j4
2026-04-01T22:03:15.000Z gcc: fatal error: cannot execute 'cc1plus': No such file or directory
2026-04-01T22:03:15.000Z ##[error]Build failed with exit code 2",2026-04-01t22:03:15.000z group run ci for pytorch/pytorch 2026-04-01t22:03:15.000z runner image: macos-latest 2026-04-01t22:03:15.000z language: rust 2026-04-01t22:03:15.000z make build-ci -j4 2026-04-01t22:03:15.000z gcc: fatal,Build Failure,build,high,Compilation or packaging process failed,228.0
"2026-04-01T23:00:20.000Z ##[group]Run CI for nodejs/node
2026-04-01T23:00:20.000Z Runner image: windows-latest
2026-04-01T23:00:20.000Z Language: java
2026-04-01T23:00:20.000Z helm upgrade --install api ./charts/api
2026-04-01T23:00:20.000Z Error: UPGRADE FAILED: timed out waiting for the condition
2026-04-01T23:00:20.000Z ##[error]Deployment failed in production stage",2026-04-01t23:00:20.000z group run ci for nodejs/node 2026-04-01t23:00:20.000z runner image: windows-latest 2026-04-01t23:00:20.000z language: java 2026-04-01t23:00:20.000z helm upgrade --install api ./charts/api 2026-04-01t23:00:20.000z,Deployment Error,deploy,high,Release or deployment command failed,237.0
"2026-04-08T09:36:40.000Z ##[group]Run CI for angular/angular
2026-04-08T09:36:40.000Z Runner image: macos-latest
2026-04-08T09:36:40.000Z Language: python
2026-04-08T09:36:40.000Z pytest -m integration --maxfail=1
2026-04-08T09:36:40.000Z Error: Process timed out after 15 minutes
2026-04-08T09:36:40.000Z ##[error]The operation was canceled",2026-04-08t09:36:40.000z group run ci for angular/angular 2026-04-08t09:36:40.000z runner image: macos-latest 2026-04-08t09:36:40.000z language: python 2026-04-08t09:36:40.000z pytest -m integration --maxfail 1 2026-04-08t09:36:40.000z,Timeout Error,test,medium,Long-running step exceeded CI timeout threshold,
"2026-04-09T14:57:32.9889743Z jobs=[GithubActionsJob { name: ""pr-check-1"", full_name: ""PR - pr-check-1"", os: ""ubuntu-24.04"", env: {""PR_CI_JOB"": Number(1)}, continue_on_error: None, free_disk: Some(true), doc_url: None, codebuild: None }, GithubActionsJob { name: ""pr-check-2"", full_name: ""PR - pr-check-2"", os: ""ubuntu-24.04"", env: {""PR_CI_JOB"": Number(1)}, continue_on_error: None, free_disk: Some(true), doc_url: None, codebuild: None }, GithubActionsJob { name: ""tidy"", full_name: ""PR - tidy"", os: ""ubuntu-24.04"", env: {""PR_CI_JOB"": Number(1), ""SKIP_SUBMODULES"": String(""src/gcc"")}, continue_on_error: Some(true), free_disk: Some(false), doc_url: None, codebuild: None }, GithubActionsJob { name: ""x86_64-gnu-llvm-21"", full_name: ""PR - x86_64-gnu-llvm-21"", os: ""ubuntu-24.04"", env: {""DOCKER_SCRIPT"": String(""x86_64-gnu-llvm.sh""), ""ENABLE_GCC_CODEGEN"": String(""1""), ""PR_CI_JOB"": Number(1)}, continue_on_error: None, free_disk: Some(true), doc_url: None, codebuild: None }, GithubActionsJob { name: ""aarch64-gnu-llvm-21-1"", full_name: ""PR - aarch64-gnu-llvm-21-1"", os: ""ubuntu-24.04-arm"", env: {""DOCKER_SCRIPT"": String(""stage_2_test_set1.sh""), ""IMAGE"": String(""aarch64-gnu-llvm-21""), ""PR_CI_JOB"": Number(1)}, continue_on_error: None, free_disk: Some(true), doc_url: None, codebuild: None }, GithubActionsJob { name: ""aarch64-gnu-llvm-21-2"", full_name: ""PR - aarch64-gnu-llvm-21-2"", os: ""ubuntu-24.04-arm"", env: {""DOCKER_SCRIPT"": String(""stage_2_test_set2.sh""), ""IMAGE"": String(""aarch64-gnu-llvm-21""), ""PR_CI_JOB"": Number(1)}, continue_on_error: None, free_disk: Some(true), doc_url: None, codebuild: None }, GithubActionsJob { name: ""x86_64-gnu-tools"", full_name: ""PR - x86_64-gnu-tools"", os: ""ubuntu-24.04"", env: {""PR_CI_JOB"": Number(1)}, continue_on_error: None, free_disk: Some(true), doc_url: None, codebuild: None }, GithubActionsJob { name: ""x86_64-gnu-miri"", full_name: ""PR - x86_64-gnu-miri"", os: ""ubuntu-24.04"", env: {""PR_CI_JOB"": Number(1)}, continue_on_error: None, free_disk: Some(true), doc_url: None, codebuild: None }, GithubActionsJob { name: ""x86_64-gnu-gcc"", full_name: ""PR - x86_64-gnu-gcc"", os: ""ubuntu-24.04"", env: {""PR_CI_JOB"": Number(1)}, continue_on_error: None, free_disk: Some(true), doc_url: Some(""https://rustc-dev-guide.rust-lang.org/tests/codegen-backend-tests/cg_gcc.html""), codebuild: None }]",tz jobsgithubactionsjob name prcheck fullname,Test Failure,test,medium,Assertion or test case failure,45.0
"2026-04-02T15:24:35.000Z ##[group]Run CI for microsoft/vscode
2026-04-02T15:24:35.000Z Runner image: ubuntu-latest
2026-04-02T15:24:35.000Z Language: go
2026-04-02T15:24:35.000Z Pulling cache layer from registry
2026-04-02T15:24:35.000Z error: failed to solve: no space left on device
2026-04-02T15:24:35.000Z ##[error]Runner disk pressure caused job failure",2026-04-02t15:24:35.000z group run ci for microsoft/vscode 2026-04-02t15:24:35.000z runner image: ubuntu-latest 2026-04-02t15:24:35.000z language: go 2026-04-02t15:24:35.000z pulling cache layer from registry 2026-04-02t15:24:35.000z,Infrastructure Error,build,high,Runner or external service instability,233.0
"2026-04-12T05:57:01.000Z ##[group]Run CI for spring-projects/spring-boot
2026-04-12T05:57:01.000Z Runner image: ubuntu-latest
2026-04-12T05:57:01.000Z Language: go
2026-04-12T05:57:01.000Z helm upgrade --install api ./charts/api
2026-04-12T05:57:01.000Z Error: UPGRADE FAILED: timed out waiting for the condition
2026-04-12T05:57:01.000Z ##[error]Deployment failed in production stage",2026-04-12t05:57:01.000z group run ci for spring-projects/spring-boot 2026-04-12t05:57:01.000z runner image: ubuntu-latest 2026-04-12t05:57:01.000z language: go 2026-04-12t05:57:01.000z helm upgrade --install api ./charts/api 2026-04-12t05:57:01.000z,Deployment Error,deploy,high,Release or deployment command failed,
"2026-04-01T20:08:59.000Z ##[group]Run CI for vercel/next.js
2026-04-01T20:08:59.000Z Runner image: windows-latest
2026-04-01T20:08:59.000Z Language: java
2026-04-01T20:08:59.000Z Starting module auth
2026-04-01T20:08:59.000Z Traceback (most recent call last): ValueError: invalid state transition in auth
2026-04-01T20:08:59.000Z ##[error]Runtime exception in test process",2026-04-01t20:08:59.000z group run ci for vercel/next.js 2026-04-01t20:08:59.000z runner image: windows-latest 2026-04-01t20:08:59.000z language: java 2026-04-01t20:08:59.000z starting module auth 2026-04-01t20:08:59.000z traceback most,Runtime Error,test,medium,Unhandled exception during job execution,236.0
"2026-04-01T13:52:35.000Z ##[group]Run CI for vercel/next.js
2026-04-01T13:52:35.000Z Runner image: windows-latest
2026-04-01T13:52:35.000Z Language: rust
2026-04-01T13:52:35.000Z ERROR: Module not found: Cannot resolve 'spring-core'
2026-04-01T13:52:35.000Z npm ERR! code E404
2026-04-01T13:52:35.000Z ##[error]Dependency installation failed",2026-04-01t13:52:35.000z group run ci for vercel/next.js 2026-04-01t13:52:35.000z runner image: windows-latest 2026-04-01t13:52:35.000z language: rust 2026-04-01t13:52:35.000z error: module not found: cannot resolve,Dependency Error,build,high,Missing package or unresolved module dependency,215.0
"2026-04-09T20:20:02.1162798Z PASS packages/react-reconciler/src/__tests__/ReactConfigurableErrorLogging-test.js 2026-04-09T20:20:03.1951796Z PASS packages/react-reconciler/src/__tests__/ActivityErrorHandling-test.js 2026-04-09T20:20:06.4573015Z PASS packages/react-reconciler/src/__tests__/ReactFlushSyncNoAggregateError-test.js 2026-04-09T20:20:07.2331314Z PASS scripts/error-codes/__tests__/transform-error-messages.js 2026-04-09T20:20:19.2691673Z A worker process has failed to exit gracefully and has been force exited. This is likely caused by tests leaking due to improper teardown. Try running with --detectOpenHandles to find leaks. Active timers can also cause this, ensure that .unref() was called on them.",tz pass packagesreactreconcilersrctestsreactconfigurableerrorloggingtestjs tz pass,Test Failure,test,medium,Assertion or test case failure,82.0
"2026-04-01T10:08:39.000Z ##[group]Run CI for vercel/next.js
2026-04-01T10:08:39.000Z Runner image: macos-latest
2026-04-01T10:08:39.000Z Language: python
2026-04-01T10:08:39.000Z FAIL packages/react-dom/src/__tests__/hydration.test.js
2026-04-01T10:08:39.000Z AssertionError: expected 4 but received 13
2026-04-01T10:08:39.000Z ##[error]Test suite failed with exit code 1",2026-04-01t10:08:39.000z group run ci for vercel/next.js 2026-04-01t10:08:39.000z runner image: macos-latest 2026-04-01t10:08:39.000z language: python 2026-04-01t10:08:39.000z fail packages/react-dom/src/__tests__/hydration.test.js 2026-04-01t10:08:39.000z assertionerror: expected 4,Test Failure,test,medium,Assertion mismatch in CI test suite,283.0
"2026-04-01T20:39:15.000Z ##[group]Run CI for pytorch/pytorch
2026-04-01T20:39:15.000Z Runner image: windows-latest
2026-04-01T20:39:15.000Z Language: java
2026-04-01T20:39:15.000Z aws secretsmanager get-secret-value --secret-id docker-token
2026-04-01T20:39:15.000Z AccessDeniedException: User is not authorized to perform secretsmanager:GetSecretValue
2026-04-01T20:39:15.000Z ##[error]permission denied while accessing deployment secret",2026-04-01t20:39:15.000z group run ci for pytorch/pytorch 2026-04-01t20:39:15.000z runner image: windows-latest 2026-04-01t20:39:15.000z language: java 2026-04-01t20:39:15.000z aws secretsmanager get-secret-value --secret-id docker-token 2026-04-01t20:39:15.000z,Permission Error,deploy,high,"Token, role, or filesystem permission denied",262.0
"2026-04-01T22:20:22.000Z ##[group]Run CI for pytorch/pytorch
2026-04-01T22:20:22.000Z Runner image: windows-latest
2026-04-01T22:20:22.000Z Language: go
2026-04-01T22:20:22.000Z helm upgrade --install api ./charts/api
2026-04-01T22:20:22.000Z Error: UPGRADE FAILED: timed out waiting for the condition
2026-04-01T22:20:22.000Z ##[error]Deployment failed in production stage",2026-04-01t22:20:22.000z group run ci for pytorch/pytorch 2026-04-01t22:20:22.000z runner image: windows-latest 2026-04-01t22:20:22.000z language: go 2026-04-01t22:20:22.000z helm upgrade --install api ./charts/api 2026-04-01t22:20:22.000z,Deployment Error,deploy,high,Release or deployment command failed,239.0
"2026-04-08T10:22:55.000Z ##[group]Run CI for spring-projects/spring-boot
2026-04-08T10:22:55.000Z Runner image: ubuntu-latest
2026-04-08T10:22:55.000Z Language: go
2026-04-08T10:22:55.000Z aws secretsmanager get-secret-value --secret-id docker-token
2026-04-08T10:22:55.000Z AccessDeniedException: User is not authorized to perform secretsmanager:GetSecretValue
2026-04-08T10:22:55.000Z ##[error]permission denied while accessing deployment secret",2026-04-08t10:22:55.000z group run ci for spring-projects/spring-boot 2026-04-08t10:22:55.000z runner image: ubuntu-latest 2026-04-08t10:22:55.000z language: go 2026-04-08t10:22:55.000z aws secretsmanager get-secret-value --secret-id docker-token 2026-04-08t10:22:55.000z,Permission Error,deploy,high,"Token, role, or filesystem permission denied",
"2026-04-08T09:44:27.000Z ##[group]Run CI for microsoft/vscode
2026-04-08T09:44:27.000Z Runner image: macos-latest
2026-04-08T09:44:27.000Z Language: rust
2026-04-08T09:44:27.000Z pytest -m integration --maxfail=1
2026-04-08T09:44:27.000Z Error: Process timed out after 10 minutes
2026-04-08T09:44:27.000Z ##[error]The operation was canceled",2026-04-08t09:44:27.000z group run ci for microsoft/vscode 2026-04-08t09:44:27.000z runner image: macos-latest 2026-04-08t09:44:27.000z language: rust 2026-04-08t09:44:27.000z pytest -m integration --maxfail 1 2026-04-08t09:44:27.000z,Timeout Error,test,medium,Long-running step exceeded CI timeout threshold,
"2026-04-08T10:20:29.000Z ##[group]Run CI for microsoft/vscode
2026-04-08T10:20:29.000Z Runner image: windows-latest
2026-04-08T10:20:29.000Z Language: go
2026-04-08T10:20:29.000Z aws secretsmanager get-secret-value --secret-id docker-token
2026-04-08T10:20:29.000Z AccessDeniedException: User is not authorized to perform secretsmanager:GetSecretValue
2026-04-08T10:20:29.000Z ##[error]permission denied while accessing deployment secret",2026-04-08t10:20:29.000z group run ci for microsoft/vscode 2026-04-08t10:20:29.000z runner image: windows-latest 2026-04-08t10:20:29.000z language: go 2026-04-08t10:20:29.000z aws secretsmanager get-secret-value --secret-id docker-token 2026-04-08t10:20:29.000z,Permission Error,deploy,high,"Token, role, or filesystem permission denied",
"2026-04-08T18:52:52.4250354Z     console.error 2026-04-08T18:52:52.4263530Z      [90m 167 |[39m     consoleErrorMock([33m...[39margs)[33m;[39m 2026-04-08T18:52:52.4265219Z     [31m[1m>[22m[39m[90m 168 |[39m     originalConsoleError[33m.[39mapply(console[33m,[39m args)[33m;[39m 2026-04-08T18:52:52.4271349Z      [90m 171 |[39m     [36mif[39m (shouldIgnoreConsoleErrorOrWarn(args)) {[0m 2026-04-08T18:52:52.4273388Z       at console.error (packages/react-devtools-shared/src/__tests__/setupTests.js:168:26)",tz consoleerror tz m m,Test Failure,test,medium,Assertion or test case failure,22.0
"2026-04-02T03:36:34.000Z ##[group]Run CI for spring-projects/spring-boot
2026-04-02T03:36:34.000Z Runner image: windows-latest
2026-04-02T03:36:34.000Z Language: python
2026-04-02T03:36:34.000Z Starting module auth
2026-04-02T03:36:34.000Z Traceback (most recent call last): ValueError: invalid state transition in auth
2026-04-02T03:36:34.000Z ##[error]Runtime exception in test process",2026-04-02t03:36:34.000z group run ci for spring-projects/spring-boot 2026-04-02t03:36:34.000z runner image: windows-latest 2026-04-02t03:36:34.000z language: python 2026-04-02t03:36:34.000z starting module auth 2026-04-02t03:36:34.000z traceback most,Runtime Error,test,medium,Unhandled exception during job execution,251.0
"2026-04-02T06:24:42.000Z ##[group]Run CI for django/django
2026-04-02T06:24:42.000Z Runner image: macos-latest
2026-04-02T06:24:42.000Z Language: java
2026-04-02T06:24:42.000Z make build-ci -j4
2026-04-02T06:24:42.000Z gcc: fatal error: cannot execute 'cc1plus': No such file or directory
2026-04-02T06:24:42.000Z ##[error]Build failed with exit code 2",2026-04-02t06:24:42.000z group run ci for django/django 2026-04-02t06:24:42.000z runner image: macos-latest 2026-04-02t06:24:42.000z language: java 2026-04-02t06:24:42.000z make build-ci -j4 2026-04-02t06:24:42.000z gcc: fatal,Build Failure,build,high,Compilation or packaging process failed,226.0
"2026-04-01T07:18:34.000Z ##[group]Run CI for microsoft/vscode
2026-04-01T07:18:34.000Z Runner image: macos-latest
2026-04-01T07:18:34.000Z Language: python
2026-04-01T07:18:34.000Z FAIL packages/react-dom/src/__tests__/hydration.test.js
2026-04-01T07:18:34.000Z AssertionError: expected 3 but received 18
2026-04-01T07:18:34.000Z ##[error]Test suite failed with exit code 1",2026-04-01t07:18:34.000z group run ci for microsoft/vscode 2026-04-01t07:18:34.000z runner image: macos-latest 2026-04-01t07:18:34.000z language: python 2026-04-01t07:18:34.000z fail packages/react-dom/src/__tests__/hydration.test.js 2026-04-01t07:18:34.000z assertionerror: expected 3,Test Failure,test,medium,Assertion mismatch in CI test suite,285.0
"2026-04-01T15:32:04.000Z ##[group]Run CI for apache/spark
2026-04-01T15:32:04.000Z Runner image: macos-latest
2026-04-01T15:32:04.000Z Language: node
2026-04-01T15:32:04.000Z aws secretsmanager get-secret-value --secret-id docker-token
2026-04-01T15:32:04.000Z AccessDeniedException: User is not authorized to perform secretsmanager:GetSecretValue
2026-04-01T15:32:04.000Z ##[error]permission denied while accessing deployment secret",2026-04-01t15:32:04.000z group run ci for apache/spark 2026-04-01t15:32:04.000z runner image: macos-latest 2026-04-01t15:32:04.000z language: node 2026-04-01t15:32:04.000z aws secretsmanager get-secret-value --secret-id docker-token 2026-04-01t15:32:04.000z,Permission Error,deploy,high,"Token, role, or filesystem permission denied",257.0
"2026-04-01T21:15:41.000Z ##[group]Run CI for django/django
2026-04-01T21:15:41.000Z Runner image: macos-latest
2026-04-01T21:15:41.000Z Language: python
2026-04-01T21:15:41.000Z aws secretsmanager get-secret-value --secret-id docker-token
2026-04-01T21:15:41.000Z AccessDeniedException: User is not authorized to perform secretsmanager:GetSecretValue
2026-04-01T21:15:41.000Z ##[error]permission denied while accessing deployment secret",2026-04-01t21:15:41.000z group run ci for django/django 2026-04-01t21:15:41.000z runner image: macos-latest 2026-04-01t21:15:41.000z language: python 2026-04-01t21:15:41.000z aws secretsmanager get-secret-value --secret-id docker-token 2026-04-01t21:15:41.000z,Permission Error,deploy,high,"Token, role, or filesystem permission denied",260.0
"2026-04-08T11:00:31.000Z ##[group]Run CI for angular/angular
2026-04-08T11:00:31.000Z Runner image: windows-latest
2026-04-08T11:00:31.000Z Language: rust
2026-04-08T11:00:31.000Z aws secretsmanager get-secret-value --secret-id docker-token
2026-04-08T11:00:31.000Z AccessDeniedException: User is not authorized to perform secretsmanager:GetSecretValue
2026-04-08T11:00:31.000Z ##[error]permission denied while accessing deployment secret",2026-04-08t11:00:31.000z group run ci for angular/angular 2026-04-08t11:00:31.000z runner image: windows-latest 2026-04-08t11:00:31.000z language: rust 2026-04-08t11:00:31.000z aws secretsmanager get-secret-value --secret-id docker-token 2026-04-08t11:00:31.000z,Permission Error,deploy,high,"Token, role, or filesystem permission denied",
"2026-04-01T14:31:52.000Z ##[group]Run CI for vercel/next.js
2026-04-01T14:31:52.000Z Runner image: windows-latest
2026-04-01T14:31:52.000Z Language: java
2026-04-01T14:31:52.000Z helm upgrade --install api ./charts/api
2026-04-01T14:31:52.000Z Error: UPGRADE FAILED: timed out waiting for the condition
2026-04-01T14:31:52.000Z ##[error]Deployment failed in production stage",2026-04-01t14:31:52.000z group run ci for vercel/next.js 2026-04-01t14:31:52.000z runner image: windows-latest 2026-04-01t14:31:52.000z language: java 2026-04-01t14:31:52.000z helm upgrade --install api ./charts/api 2026-04-01t14:31:52.000z,Deployment Error,deploy,high,Release or deployment command failed,240.0
"2026-04-15T10:04:11.000Z ##[group]Run CI for facebook/react
2026-04-15T10:04:11.000Z Runner image: ubuntu-latest
2026-04-15T10:04:11.000Z Language: go
2026-04-15T10:04:11.000Z src/billing/handler.py:143: SyntaxError: unexpected token '@'
2026-04-15T10:04:11.000Z pylint: E0001 syntax-error
2026-04-15T10:04:11.000Z ##[error]Build stopped due to syntax error",2026-04-15t10:04:11.000z group run ci for facebook/react 2026-04-15t10:04:11.000z runner image: ubuntu-latest 2026-04-15t10:04:11.000z language: go 2026-04-15t10:04:11.000z src/billing/handler.py:143: syntaxerror: unexpected token 2026-04-15t10:04:11.000z pylint:,Syntax Error,build,high,Invalid code syntax detected by compiler or linter,
"2026-04-08T12:00:41.000Z ##[group]Run CI for vercel/next.js
2026-04-08T12:00:41.000Z Runner image: ubuntu-latest
2026-04-08T12:00:41.000Z Language: go
2026-04-08T12:00:41.000Z make build-ci -j4
2026-04-08T12:00:41.000Z gcc: fatal error: cannot execute 'cc1plus': No such file or directory
2026-04-08T12:00:41.000Z ##[error]Build failed with exit code 2",2026-04-08t12:00:41.000z group run ci for vercel/next.js 2026-04-08t12:00:41.000z runner image: ubuntu-latest 2026-04-08t12:00:41.000z language: go 2026-04-08t12:00:41.000z make build-ci -j4 2026-04-08t12:00:41.000z gcc: fatal,Build Failure,build,high,Compilation or packaging process failed,
"2026-04-01T09:56:19.000Z ##[group]Run CI for angular/angular
2026-04-01T09:56:19.000Z Runner image: macos-latest
2026-04-01T09:56:19.000Z Language: python
2026-04-01T09:56:19.000Z ERROR: Module not found: Cannot resolve 'react-dom'
2026-04-01T09:56:19.000Z npm ERR! code E404
2026-04-01T09:56:19.000Z ##[error]Dependency installation failed",2026-04-01t09:56:19.000z group run ci for angular/angular 2026-04-01t09:56:19.000z runner image: macos-latest 2026-04-01t09:56:19.000z language: python 2026-04-01t09:56:19.000z error: module not found: cannot resolve,Dependency Error,build,high,Missing package or unresolved module dependency,216.0
"2026-04-01T14:02:04.000Z ##[group]Run CI for pytorch/pytorch
2026-04-01T14:02:04.000Z Runner image: ubuntu-latest
2026-04-01T14:02:04.000Z Language: java
2026-04-01T14:02:04.000Z pytest -m integration --maxfail=1
2026-04-01T14:02:04.000Z Error: Process timed out after 10 minutes
2026-04-01T14:02:04.000Z ##[error]The operation was canceled",2026-04-01t14:02:04.000z group run ci for pytorch/pytorch 2026-04-01t14:02:04.000z runner image: ubuntu-latest 2026-04-01t14:02:04.000z language: java 2026-04-01t14:02:04.000z pytest -m integration --maxfail 1 2026-04-01t14:02:04.000z,Timeout Error,test,medium,Long-running step exceeded CI timeout threshold,234.0
"2026-04-01T15:08:48.000Z ##[group]Run CI for spring-projects/spring-boot
2026-04-01T15:08:48.000Z Runner image: windows-latest
2026-04-01T15:08:48.000Z Language: rust
2026-04-01T15:08:48.000Z Pulling cache layer from registry
2026-04-01T15:08:48.000Z error: failed to solve: no space left on device
2026-04-01T15:08:48.000Z ##[error]Runner disk pressure caused job failure",2026-04-01t15:08:48.000z group run ci for spring-projects/spring-boot 2026-04-01t15:08:48.000z runner image: windows-latest 2026-04-01t15:08:48.000z language: rust 2026-04-01t15:08:48.000z pulling cache layer from registry 2026-04-01t15:08:48.000z,Infrastructure Error,build,high,Runner or external service instability,247.0
"2026-04-01T16:22:15.000Z ##[group]Run CI for vercel/next.js
2026-04-01T16:22:15.000Z Runner image: ubuntu-latest
2026-04-01T16:22:15.000Z Language: node
2026-04-01T16:22:15.000Z aws secretsmanager get-secret-value --secret-id docker-token
2026-04-01T16:22:15.000Z AccessDeniedException: User is not authorized to perform secretsmanager:GetSecretValue
2026-04-01T16:22:15.000Z ##[error]permission denied while accessing deployment secret",2026-04-01t16:22:15.000z group run ci for vercel/next.js 2026-04-01t16:22:15.000z runner image: ubuntu-latest 2026-04-01t16:22:15.000z language: node 2026-04-01t16:22:15.000z aws secretsmanager get-secret-value --secret-id docker-token 2026-04-01t16:22:15.000z,Permission Error,deploy,high,"Token, role, or filesystem permission denied",260.0
"2026-04-11T20:45:48.000Z ##[group]Run CI for apache/spark
2026-04-11T20:45:48.000Z Runner image: ubuntu-latest
2026-04-11T20:45:48.000Z Language: go
2026-04-11T20:45:48.000Z src/cache/handler.py:323: SyntaxError: unexpected token '['
2026-04-11T20:45:48.000Z pylint: E0001 syntax-error
2026-04-11T20:45:48.000Z ##[error]Build stopped due to syntax error",2026-04-11t20:45:48.000z group run ci for apache/spark 2026-04-11t20:45:48.000z runner image: ubuntu-latest 2026-04-11t20:45:48.000z language: go 2026-04-11t20:45:48.000z src/cache/handler.py:323: syntaxerror: unexpected token 2026-04-11t20:45:48.000z pylint:,Syntax Error,build,high,Invalid code syntax detected by compiler or linter,
"2026-04-01T11:00:27.000Z ##[group]Run CI for apache/spark
2026-04-01T11:00:27.000Z Runner image: ubuntu-latest
2026-04-01T11:00:27.000Z Language: node
2026-04-01T11:00:27.000Z ERROR: Module not found: Cannot resolve 'react-dom'
2026-04-01T11:00:27.000Z npm ERR! code E404
2026-04-01T11:00:27.000Z ##[error]Dependency installation failed",2026-04-01t11:00:27.000z group run ci for apache/spark 2026-04-01t11:00:27.000z runner image: ubuntu-latest 2026-04-01t11:00:27.000z language: node 2026-04-01t11:00:27.000z error: module not found: cannot resolve,Dependency Error,build,high,Missing package or unresolved module dependency,212.0
"2026-04-01T11:03:57.000Z ##[group]Run CI for nodejs/node
2026-04-01T11:03:57.000Z Runner image: macos-latest
2026-04-01T11:03:57.000Z Language: go
2026-04-01T11:03:57.000Z aws secretsmanager get-secret-value --secret-id docker-token
2026-04-01T11:03:57.000Z AccessDeniedException: User is not authorized to perform secretsmanager:GetSecretValue
2026-04-01T11:03:57.000Z ##[error]permission denied while accessing deployment secret",2026-04-01t11:03:57.000z group run ci for nodejs/node 2026-04-01t11:03:57.000z runner image: macos-latest 2026-04-01t11:03:57.000z language: go 2026-04-01t11:03:57.000z aws secretsmanager get-secret-value --secret-id docker-token 2026-04-01t11:03:57.000z,Permission Error,deploy,high,"Token, role, or filesystem permission denied",254.0
"2026-04-11T11:04:22.9127845Z   digest-mismatch: error 2026-04-11T11:04:34.9587239Z                  'error_on_warn': 'false', 2026-04-11T11:04:34.9600295Z                                           'test/cctest/test_quic_error.cc', 2026-04-11T11:04:34.9614027Z                                          'lib/internal/assert/assertion_error.js', 2026-04-11T11:04:34.9637187Z                                          'lib/internal/error_serdes.js',",tz digestmismatch error tz erroronwarn false,Test Failure,test,medium,auto-detected,44.0
"2026-04-01T11:16:21.000Z ##[group]Run CI for pytorch/pytorch
2026-04-01T11:16:21.000Z Runner image: macos-latest
2026-04-01T11:16:21.000Z Language: python
2026-04-01T11:16:21.000Z src/worker/handler.py:365: SyntaxError: unexpected token '['
2026-04-01T11:16:21.000Z pylint: E0001 syntax-error
2026-04-01T11:16:21.000Z ##[error]Build stopped due to syntax error",2026-04-01t11:16:21.000z group run ci for pytorch/pytorch 2026-04-01t11:16:21.000z runner image: macos-latest 2026-04-01t11:16:21.000z language: python 2026-04-01t11:16:21.000z src/worker/handler.py:365: syntaxerror: unexpected token 2026-04-01t11:16:21.000z pylint:,Syntax Error,build,high,Invalid code syntax detected by compiler or linter,266.0
"2026-04-01T16:40:41.000Z ##[group]Run CI for tensorflow/tensorflow
2026-04-01T16:40:41.000Z Runner image: windows-latest
2026-04-01T16:40:41.000Z Language: java
2026-04-01T16:40:41.000Z src/scheduler/handler.py:178: SyntaxError: unexpected token '@'
2026-04-01T16:40:41.000Z pylint: E0001 syntax-error
2026-04-01T16:40:41.000Z ##[error]Build stopped due to syntax error",2026-04-01t16:40:41.000z group run ci for tensorflow/tensorflow 2026-04-01t16:40:41.000z runner image: windows-latest 2026-04-01t16:40:41.000z language: java 2026-04-01t16:40:41.000z src/scheduler/handler.py:178: syntaxerror: unexpected token 2026-04-01t16:40:41.000z pylint:,Syntax Error,build,high,Invalid code syntax detected by compiler or linter,275.0
"2026-04-16T00:04:23.000Z ##[group]Run CI for django/django
2026-04-16T00:04:23.000Z Runner image: windows-latest
2026-04-16T00:04:23.000Z Language: node
2026-04-16T00:04:23.000Z Pulling cache layer from registry
2026-04-16T00:04:23.000Z error: failed to solve: no space left on device
2026-04-16T00:04:23.000Z ##[error]Runner disk pressure caused job failure",2026-04-16t00:04:23.000z group run ci for django/django 2026-04-16t00:04:23.000z runner image: windows-latest 2026-04-16t00:04:23.000z language: node 2026-04-16t00:04:23.000z pulling cache layer from registry 2026-04-16t00:04:23.000z,Infrastructure Error,build,high,Runner or external service instability,
"2026-04-02T01:56:49.000Z ##[group]Run CI for django/django
2026-04-02T01:56:49.000Z Runner image: macos-latest
2026-04-02T01:56:49.000Z Language: go
2026-04-02T01:56:49.000Z aws secretsmanager get-secret-value --secret-id docker-token
2026-04-02T01:56:49.000Z AccessDeniedException: User is not authorized to perform secretsmanager:GetSecretValue
2026-04-02T01:56:49.000Z ##[error]permission denied while accessing deployment secret",2026-04-02t01:56:49.000z group run ci for django/django 2026-04-02t01:56:49.000z runner image: macos-latest 2026-04-02t01:56:49.000z language: go 2026-04-02t01:56:49.000z aws secretsmanager get-secret-value --secret-id docker-token 2026-04-02t01:56:49.000z,Permission Error,deploy,high,"Token, role, or filesystem permission denied",256.0
"2026-04-01T15:15:37.000Z ##[group]Run CI for tensorflow/tensorflow
2026-04-01T15:15:37.000Z Runner image: windows-latest
2026-04-01T15:15:37.000Z Language: java
2026-04-01T15:15:37.000Z src/cache/handler.py:336: SyntaxError: unexpected token '['
2026-04-01T15:15:37.000Z pylint: E0001 syntax-error
2026-04-01T15:15:37.000Z ##[error]Build stopped due to syntax error",2026-04-01t15:15:37.000z group run ci for tensorflow/tensorflow 2026-04-01t15:15:37.000z runner image: windows-latest 2026-04-01t15:15:37.000z language: java 2026-04-01t15:15:37.000z src/cache/handler.py:336: syntaxerror: unexpected token 2026-04-01t15:15:37.000z pylint:,Syntax Error,build,high,Invalid code syntax detected by compiler or linter,271.0
"2026-04-01T17:36:22.000Z ##[group]Run CI for spring-projects/spring-boot
2026-04-01T17:36:22.000Z Runner image: macos-latest
2026-04-01T17:36:22.000Z Language: node
2026-04-01T17:36:22.000Z pytest -m integration --maxfail=1
2026-04-01T17:36:22.000Z Error: Process timed out after 15 minutes
2026-04-01T17:36:22.000Z ##[error]The operation was canceled",2026-04-01t17:36:22.000z group run ci for spring-projects/spring-boot 2026-04-01t17:36:22.000z runner image: macos-latest 2026-04-01t17:36:22.000z language: node 2026-04-01t17:36:22.000z pytest -m integration --maxfail 1 2026-04-01t17:36:22.000z,Timeout Error,test,medium,Long-running step exceeded CI timeout threshold,245.0
"2026-04-01T21:06:48.000Z ##[group]Run CI for pytorch/pytorch
2026-04-01T21:06:48.000Z Runner image: ubuntu-latest
2026-04-01T21:06:48.000Z Language: node
2026-04-01T21:06:48.000Z helm upgrade --install api ./charts/api
2026-04-01T21:06:48.000Z Error: UPGRADE FAILED: timed out waiting for the condition
2026-04-01T21:06:48.000Z ##[error]Deployment failed in production stage",2026-04-01t21:06:48.000z group run ci for pytorch/pytorch 2026-04-01t21:06:48.000z runner image: ubuntu-latest 2026-04-01t21:06:48.000z language: node 2026-04-01t21:06:48.000z helm upgrade --install api ./charts/api 2026-04-01t21:06:48.000z,Deployment Error,deploy,high,Release or deployment command failed,240.0
"2026-04-01T19:03:50.000Z ##[group]Run CI for vercel/next.js
2026-04-01T19:03:50.000Z Runner image: ubuntu-latest
2026-04-01T19:03:50.000Z Language: java
2026-04-01T19:03:50.000Z aws secretsmanager get-secret-value --secret-id docker-token
2026-04-01T19:03:50.000Z AccessDeniedException: User is not authorized to perform secretsmanager:GetSecretValue
2026-04-01T19:03:50.000Z ##[error]permission denied while accessing deployment secret",2026-04-01t19:03:50.000z group run ci for vercel/next.js 2026-04-01t19:03:50.000z runner image: ubuntu-latest 2026-04-01t19:03:50.000z language: java 2026-04-01t19:03:50.000z aws secretsmanager get-secret-value --secret-id docker-token 2026-04-01t19:03:50.000z,Permission Error,deploy,high,"Token, role, or filesystem permission denied",260.0
"2026-04-02T03:48:48.000Z ##[group]Run CI for spring-projects/spring-boot
2026-04-02T03:48:48.000Z Runner image: windows-latest
2026-04-02T03:48:48.000Z Language: python
2026-04-02T03:48:48.000Z make build-ci -j4
2026-04-02T03:48:48.000Z gcc: fatal error: cannot execute 'cc1plus': No such file or directory
2026-04-02T03:48:48.000Z ##[error]Build failed with exit code 2",2026-04-02t03:48:48.000z group run ci for spring-projects/spring-boot 2026-04-02t03:48:48.000z runner image: windows-latest 2026-04-02t03:48:48.000z language: python 2026-04-02t03:48:48.000z make build-ci -j4 2026-04-02t03:48:48.000z gcc: fatal,Build Failure,build,high,Compilation or packaging process failed,244.0
"2026-04-11T21:33:49.000Z ##[group]Run CI for tensorflow/tensorflow
2026-04-11T21:33:49.000Z Runner image: macos-latest
2026-04-11T21:33:49.000Z Language: node
2026-04-11T21:33:49.000Z src/compiler/handler.py:95: SyntaxError: unexpected token '{'
2026-04-11T21:33:49.000Z pylint: E0001 syntax-error
2026-04-11T21:33:49.000Z ##[error]Build stopped due to syntax error",2026-04-11t21:33:49.000z group run ci for tensorflow/tensorflow 2026-04-11t21:33:49.000z runner image: macos-latest 2026-04-11t21:33:49.000z language: node 2026-04-11t21:33:49.000z src/compiler/handler.py:95: syntaxerror: unexpected token 2026-04-11t21:33:49.000z pylint:,Syntax Error,build,high,Invalid code syntax detected by compiler or linter,
"2026-04-08T07:08:45.000Z ##[group]Run CI for spring-projects/spring-boot
2026-04-08T07:08:45.000Z Runner image: ubuntu-latest
2026-04-08T07:08:45.000Z Language: java
2026-04-08T07:08:45.000Z ERROR: Module not found: Cannot resolve 'torch'
2026-04-08T07:08:45.000Z npm ERR! code E404
2026-04-08T07:08:45.000Z ##[error]Dependency installation failed",2026-04-08t07:08:45.000z group run ci for spring-projects/spring-boot 2026-04-08t07:08:45.000z runner image: ubuntu-latest 2026-04-08t07:08:45.000z language: java 2026-04-08t07:08:45.000z error: module not found: cannot resolve,Dependency Error,build,high,Missing package or unresolved module dependency,
"2026-04-15T08:00:14.000Z ##[group]Run CI for tensorflow/tensorflow
2026-04-15T08:00:14.000Z Runner image: windows-latest
2026-04-15T08:00:14.000Z Language: python
2026-04-15T08:00:14.000Z ERROR: Module not found: Cannot resolve 'numpy'
2026-04-15T08:00:14.000Z npm ERR! code E404
2026-04-15T08:00:14.000Z ##[error]Dependency installation failed",2026-04-15t08:00:14.000z group run ci for tensorflow/tensorflow 2026-04-15t08:00:14.000z runner image: windows-latest 2026-04-15t08:00:14.000z language: python 2026-04-15t08:00:14.000z error: module not found: cannot resolve,Dependency Error,build,high,Missing package or unresolved module dependency,
"2026-04-11T17:51:32.000Z ##[group]Run CI for django/django
2026-04-11T17:51:32.000Z Runner image: ubuntu-latest
2026-04-11T17:51:32.000Z Language: go
2026-04-11T17:51:32.000Z FAIL packages/react-dom/src/__tests__/hydration.test.js
2026-04-11T17:51:32.000Z AssertionError: expected 9 but received 12
2026-04-11T17:51:32.000Z ##[error]Test suite failed with exit code 1",2026-04-11t17:51:32.000z group run ci for django/django 2026-04-11t17:51:32.000z runner image: ubuntu-latest 2026-04-11t17:51:32.000z language: go 2026-04-11t17:51:32.000z fail packages/react-dom/src/__tests__/hydration.test.js 2026-04-11t17:51:32.000z assertionerror: expected 9,Test Failure,test,medium,Assertion mismatch in CI test suite,
"2026-04-08T16:02:57.000Z ##[group]Run CI for tensorflow/tensorflow
2026-04-08T16:02:57.000Z Runner image: ubuntu-latest
2026-04-08T16:02:57.000Z Language: python
2026-04-08T16:02:57.000Z validating .github/workflows/ci.yml
2026-04-08T16:02:57.000Z workflow syntax error: Unexpected value 'stepz'
2026-04-08T16:02:57.000Z ##[error]Invalid workflow configuration",2026-04-08t16:02:57.000z group run ci for tensorflow/tensorflow 2026-04-08t16:02:57.000z runner image: ubuntu-latest 2026-04-08t16:02:57.000z language: python 2026-04-08t16:02:57.000z validating .github/workflows/ci.yml 2026-04-08t16:02:57.000z workflow syntax error:,Configuration Error,build,high,Invalid workflow configuration or environment variable,
"2026-04-01T16:04:14.000Z ##[group]Run CI for nodejs/node
2026-04-01T16:04:14.000Z Runner image: windows-latest
2026-04-01T16:04:14.000Z Language: python
2026-04-01T16:04:14.000Z validating .github/workflows/ci.yml
2026-04-01T16:04:14.000Z workflow syntax error: Unexpected value 'stepz'
2026-04-01T16:04:14.000Z ##[error]Invalid workflow configuration",2026-04-01t16:04:14.000z group run ci for nodejs/node 2026-04-01t16:04:14.000z runner image: windows-latest 2026-04-01t16:04:14.000z language: python 2026-04-01t16:04:14.000z validating .github/workflows/ci.yml 2026-04-01t16:04:14.000z workflow syntax error:,Configuration Error,build,high,Invalid workflow configuration or environment variable,258.0
"2026-04-12T08:48:29.000Z ##[group]Run CI for apache/spark
2026-04-12T08:48:29.000Z Runner image: ubuntu-latest
2026-04-12T08:48:29.000Z Language: java
2026-04-12T08:48:29.000Z validating .github/workflows/ci.yml
2026-04-12T08:48:29.000Z workflow syntax error: Unexpected value 'stepz'
2026-04-12T08:48:29.000Z ##[error]Invalid workflow configuration",2026-04-12t08:48:29.000z group run ci for apache/spark 2026-04-12t08:48:29.000z runner image: ubuntu-latest 2026-04-12t08:48:29.000z language: java 2026-04-12t08:48:29.000z validating .github/workflows/ci.yml 2026-04-12t08:48:29.000z workflow syntax error:,Configuration Error,build,high,Invalid workflow configuration or environment variable,
"2026-04-02T10:21:15.000Z ##[group]Run CI for facebook/react
2026-04-02T10:21:15.000Z Runner image: macos-latest
2026-04-02T10:21:15.000Z Language: go
2026-04-02T10:21:15.000Z validating .github/workflows/ci.yml
2026-04-02T10:21:15.000Z workflow syntax error: Unexpected value 'stepz'
2026-04-02T10:21:15.000Z ##[error]Invalid workflow configuration",2026-04-02t10:21:15.000z group run ci for facebook/react 2026-04-02t10:21:15.000z runner image: macos-latest 2026-04-02t10:21:15.000z language: go 2026-04-02t10:21:15.000z validating .github/workflows/ci.yml 2026-04-02t10:21:15.000z workflow syntax error:,Configuration Error,build,high,Invalid workflow configuration or environment variable,255.0
"2026-04-08T13:42:38.000Z ##[group]Run CI for tensorflow/tensorflow
2026-04-08T13:42:38.000Z Runner image: ubuntu-latest
2026-04-08T13:42:38.000Z Language: java
2026-04-08T13:42:38.000Z helm upgrade --install api ./charts/api
2026-04-08T13:42:38.000Z Error: UPGRADE FAILED: timed out waiting for the condition
2026-04-08T13:42:38.000Z ##[error]Deployment failed in production stage",2026-04-08t13:42:38.000z group run ci for tensorflow/tensorflow 2026-04-08t13:42:38.000z runner image: ubuntu-latest 2026-04-08t13:42:38.000z language: java 2026-04-08t13:42:38.000z helm upgrade --install api ./charts/api 2026-04-08t13:42:38.000z,Deployment Error,deploy,high,Release or deployment command failed,
"2026-04-02T02:46:31.000Z ##[group]Run CI for vercel/next.js
2026-04-02T02:46:31.000Z Runner image: windows-latest
2026-04-02T02:46:31.000Z Language: rust
2026-04-02T02:46:31.000Z validating .github/workflows/ci.yml
2026-04-02T02:46:31.000Z workflow syntax error: Unexpected value 'stepz'
2026-04-02T02:46:31.000Z ##[error]Invalid workflow configuration",2026-04-02t02:46:31.000z group run ci for vercel/next.js 2026-04-02t02:46:31.000z runner image: windows-latest 2026-04-02t02:46:31.000z language: rust 2026-04-02t02:46:31.000z validating .github/workflows/ci.yml 2026-04-02t02:46:31.000z workflow syntax error:,Configuration Error,build,high,Invalid workflow configuration or environment variable,259.0
"2026-04-04T21:23:15.000Z ##[group]Run CI for facebook/react
2026-04-04T21:23:15.000Z Runner image: windows-latest
2026-04-04T21:23:15.000Z Language: go
2026-04-04T21:23:15.000Z make build-ci -j4
2026-04-04T21:23:15.000Z gcc: fatal error: cannot execute 'cc1plus': No such file or directory
2026-04-04T21:23:15.000Z ##[error]Build failed with exit code 2",2026-04-04t21:23:15.000z group run ci for facebook/react 2026-04-04t21:23:15.000z runner image: windows-latest 2026-04-04t21:23:15.000z language: go 2026-04-04t21:23:15.000z make build-ci -j4 2026-04-04t21:23:15.000z gcc: fatal,Build Failure,build,high,Compilation or packaging process failed,
"2026-04-10T09:06:49.1363067Z ##[group]Run make build-ci -j4 V=1 CONFIG_FLAGS=""--error-on-warn --v8-enable-temporal-support"" 2026-04-10T09:06:49.1363882Z [36;1mmake build-ci -j4 V=1 CONFIG_FLAGS=""--error-on-warn --v8-enable-temporal-support""[0m 2026-04-10T09:06:49.3130105Z python3 ./configure --verbose --error-on-warn --v8-enable-temporal-support 2026-04-10T09:06:52.2707030Z                  'error_on_warn': 'true', 2026-04-10T09:06:52.2722829Z                                           'test/cctest/test_quic_error.cc',",tz grouprun make buildci j,Test Failure,test,medium,Assertion or test case failure,26.0
"2026-04-01T07:52:23.000Z ##[group]Run CI for microsoft/vscode
2026-04-01T07:52:23.000Z Runner image: macos-latest
2026-04-01T07:52:23.000Z Language: rust
2026-04-01T07:52:23.000Z FAIL packages/react-dom/src/__tests__/hydration.test.js
2026-04-01T07:52:23.000Z AssertionError: expected 3 but received 19
2026-04-01T07:52:23.000Z ##[error]Test suite failed with exit code 1",2026-04-01t07:52:23.000z group run ci for microsoft/vscode 2026-04-01t07:52:23.000z runner image: macos-latest 2026-04-01t07:52:23.000z language: rust 2026-04-01t07:52:23.000z fail packages/react-dom/src/__tests__/hydration.test.js 2026-04-01t07:52:23.000z assertionerror: expected 3,Test Failure,test,medium,Assertion mismatch in CI test suite,283.0
"2026-04-02T10:36:36.000Z ##[group]Run CI for apache/spark
2026-04-02T10:36:36.000Z Runner image: ubuntu-latest
2026-04-02T10:36:36.000Z Language: java
2026-04-02T10:36:36.000Z validating .github/workflows/ci.yml
2026-04-02T10:36:36.000Z workflow syntax error: Unexpected value 'stepz'
2026-04-02T10:36:36.000Z ##[error]Invalid workflow configuration",2026-04-02t10:36:36.000z group run ci for apache/spark 2026-04-02t10:36:36.000z runner image: ubuntu-latest 2026-04-02t10:36:36.000z language: java 2026-04-02t10:36:36.000z validating .github/workflows/ci.yml 2026-04-02t10:36:36.000z workflow syntax error:,Configuration Error,build,high,Invalid workflow configuration or environment variable,256.0
"2026-04-01T21:38:43.000Z ##[group]Run CI for tensorflow/tensorflow
2026-04-01T21:38:43.000Z Runner image: macos-latest
2026-04-01T21:38:43.000Z Language: rust
2026-04-01T21:38:43.000Z helm upgrade --install api ./charts/api
2026-04-01T21:38:43.000Z Error: UPGRADE FAILED: timed out waiting for the condition
2026-04-01T21:38:43.000Z ##[error]Deployment failed in production stage",2026-04-01t21:38:43.000z group run ci for tensorflow/tensorflow 2026-04-01t21:38:43.000z runner image: macos-latest 2026-04-01t21:38:43.000z language: rust 2026-04-01t21:38:43.000z helm upgrade --install api ./charts/api 2026-04-01t21:38:43.000z,Deployment Error,deploy,high,Release or deployment command failed,245.0
"2026-04-08T15:46:04.000Z ##[group]Run CI for nodejs/node
2026-04-08T15:46:04.000Z Runner image: macos-latest
2026-04-08T15:46:04.000Z Language: go
2026-04-08T15:46:04.000Z validating .github/workflows/ci.yml
2026-04-08T15:46:04.000Z workflow syntax error: Unexpected value 'stepz'
2026-04-08T15:46:04.000Z ##[error]Invalid workflow configuration",2026-04-08t15:46:04.000z group run ci for nodejs/node 2026-04-08t15:46:04.000z runner image: macos-latest 2026-04-08t15:46:04.000z language: go 2026-04-08t15:46:04.000z validating .github/workflows/ci.yml 2026-04-08t15:46:04.000z workflow syntax error:,Configuration Error,build,high,Invalid workflow configuration or environment variable,
"2026-04-15T22:28:56.000Z ##[group]Run CI for django/django
2026-04-15T22:28:56.000Z Runner image: ubuntu-latest
2026-04-15T22:28:56.000Z Language: node
2026-04-15T22:28:56.000Z Pulling cache layer from registry
2026-04-15T22:28:56.000Z error: failed to solve: no space left on device
2026-04-15T22:28:56.000Z ##[error]Runner disk pressure caused job failure",2026-04-15t22:28:56.000z group run ci for django/django 2026-04-15t22:28:56.000z runner image: ubuntu-latest 2026-04-15t22:28:56.000z language: node 2026-04-15t22:28:56.000z pulling cache layer from registry 2026-04-15t22:28:56.000z,Infrastructure Error,build,high,Runner or external service instability,
2026-04-11T12:19:11.3301145Z apps/docs build-docs: Failed to compile. 2026-04-11T12:19:11.3307305Z apps/docs build-docs: ../../docs/02-pages/03-building-your-application/06-configuring/12-error-handling.mdx?collection=docs&hash=1775909851592 2026-04-11T12:19:11.3310761Z apps/docs build-docs: Error: 12-error-handling.mdx:Error: [Remark Image] Failed obtain image size for https://assets.vercel.com/image/upload/v1645118290/docs-assets/static/docs/error-handling/overlay.png (public directory configured as /home/runner/work/next.js/next.js/apps/docs/public) 2026-04-11T12:19:11.3330166Z apps/docs build-docs: ../../docs/02-pages/03-building-your-application/06-configuring/12-error-handling.mdx?collection=docs&hash=1775909851592 2026-04-11T12:19:11.3388632Z apps/docs build-docs: > Build failed because of webpack errors,tz appsdocs builddocs failed to compile,Build Failure,build,medium,auto-detected,39.0
"2026-04-04T23:04:33.000Z ##[group]Run CI for angular/angular
2026-04-04T23:04:33.000Z Runner image: windows-latest
2026-04-04T23:04:33.000Z Language: node
2026-04-04T23:04:33.000Z Pulling cache layer from registry
2026-04-04T23:04:33.000Z error: failed to solve: no space left on device
2026-04-04T23:04:33.000Z ##[error]Runner disk pressure caused job failure",2026-04-04t23:04:33.000z group run ci for angular/angular 2026-04-04t23:04:33.000z runner image: windows-latest 2026-04-04t23:04:33.000z language: node 2026-04-04t23:04:33.000z pulling cache layer from registry 2026-04-04t23:04:33.000z,Infrastructure Error,build,high,Runner or external service instability,
"2026-04-01T15:50:00.000Z ##[group]Run CI for apache/spark
2026-04-01T15:50:00.000Z Runner image: ubuntu-latest
2026-04-01T15:50:00.000Z Language: python
2026-04-01T15:50:00.000Z Pulling cache layer from registry
2026-04-01T15:50:00.000Z error: failed to solve: no space left on device
2026-04-01T15:50:00.000Z ##[error]Runner disk pressure caused job failure",2026-04-01t15:50:00.000z group run ci for apache/spark 2026-04-01t15:50:00.000z runner image: ubuntu-latest 2026-04-01t15:50:00.000z language: python 2026-04-01t15:50:00.000z pulling cache layer from registry 2026-04-01t15:50:00.000z,Infrastructure Error,build,high,Runner or external service instability,233.0
2026-04-08T09:14:14.6705673Z keras/src/backend/common/dtypes_test.py::DtypesTest::test_valid_dtype_leading_to_keyerror_and_valueerror PASSED [  2%] 2026-04-08T09:14:15.2906693Z keras/src/backend/common/name_scope_test.py::NameScopeTest::test_errors PASSED [  2%] 2026-04-08T09:14:43.8221665Z keras/src/callbacks/backup_and_restore_test.py::BackupAndRestoreCallbackTest::test_backup_dir_empty_error PASSED [ 11%] 2026-04-08T09:14:43.8234277Z keras/src/callbacks/backup_and_restore_test.py::BackupAndRestoreCallbackTest::test_backup_dir_none_error PASSED [ 11%] 2026-04-08T09:14:43.8283328Z keras/src/callbacks/backup_and_restore_test.py::BackupAndRestoreCallbackTest::test_save_freq_unknown_error PASSED [ 11%],tz kerassrcbackendcommondtypestestpydtypestesttestvaliddtypeleadingtokeyerrorandvalueerror passed tz kerassrcbackendcommonnamescopetestpynamescopetesttesterrors,Test Failure,test,medium,Assertion or test case failure,160.0
"2026-04-11T19:30:23.000Z ##[group]Run CI for nodejs/node
2026-04-11T19:30:23.000Z Runner image: windows-latest
2026-04-11T19:30:23.000Z Language: node
2026-04-11T19:30:23.000Z ERROR: Module not found: Cannot resolve 'pytest'
2026-04-11T19:30:23.000Z npm ERR! code E404
2026-04-11T19:30:23.000Z ##[error]Dependency installation failed",2026-04-11t19:30:23.000z group run ci for nodejs/node 2026-04-11t19:30:23.000z runner image: windows-latest 2026-04-11t19:30:23.000z language: node 2026-04-11t19:30:23.000z error: module not found: cannot resolve,Dependency Error,build,high,Missing package or unresolved module dependency,
"2026-04-15T18:16:04.000Z ##[group]Run CI for microsoft/vscode
2026-04-15T18:16:04.000Z Runner image: windows-latest
2026-04-15T18:16:04.000Z Language: node
2026-04-15T18:16:04.000Z Starting module cache
2026-04-15T18:16:04.000Z Traceback (most recent call last): ValueError: invalid state transition in cache
2026-04-15T18:16:04.000Z ##[error]Runtime exception in test process",2026-04-15t18:16:04.000z group run ci for microsoft/vscode 2026-04-15t18:16:04.000z runner image: windows-latest 2026-04-15t18:16:04.000z language: node 2026-04-15t18:16:04.000z starting module cache 2026-04-15t18:16:04.000z traceback most,Runtime Error,test,medium,Unhandled exception during job execution,
"2026-04-01T08:44:37.000Z ##[group]Run CI for pytorch/pytorch
2026-04-01T08:44:37.000Z Runner image: ubuntu-latest
2026-04-01T08:44:37.000Z Language: python
2026-04-01T08:44:37.000Z FAIL src/test/java/com/example/ServiceTest.java
2026-04-01T08:44:37.000Z AssertionError: expected 1 but received 12
2026-04-01T08:44:37.000Z ##[error]Test suite failed with exit code 1",2026-04-01t08:44:37.000z group run ci for pytorch/pytorch 2026-04-01t08:44:37.000z runner image: ubuntu-latest 2026-04-01t08:44:37.000z language: python 2026-04-01t08:44:37.000z fail src/test/java/com/example/servicetest.java 2026-04-01t08:44:37.000z assertionerror: expected 1,Test Failure,test,medium,Assertion mismatch in CI test suite,277.0
"2026-04-01T10:14:38.000Z ##[group]Run CI for django/django
2026-04-01T10:14:38.000Z Runner image: macos-latest
2026-04-01T10:14:38.000Z Language: rust
2026-04-01T10:14:38.000Z pytest -m integration --maxfail=1
2026-04-01T10:14:38.000Z Error: Process timed out after 20 minutes
2026-04-01T10:14:38.000Z ##[error]The operation was canceled",2026-04-01t10:14:38.000z group run ci for django/django 2026-04-01t10:14:38.000z runner image: macos-latest 2026-04-01t10:14:38.000z language: rust 2026-04-01t10:14:38.000z pytest -m integration --maxfail 1 2026-04-01t10:14:38.000z,Timeout Error,test,medium,Long-running step exceeded CI timeout threshold,231.0
"2026-04-12T07:18:47.000Z ##[group]Run CI for apache/spark
2026-04-12T07:18:47.000Z Runner image: ubuntu-latest
2026-04-12T07:18:47.000Z Language: go
2026-04-12T07:18:47.000Z Pulling cache layer from registry
2026-04-12T07:18:47.000Z error: failed to solve: no space left on device
2026-04-12T07:18:47.000Z ##[error]Runner disk pressure caused job failure",2026-04-12t07:18:47.000z group run ci for apache/spark 2026-04-12t07:18:47.000z runner image: ubuntu-latest 2026-04-12t07:18:47.000z language: go 2026-04-12t07:18:47.000z pulling cache layer from registry 2026-04-12t07:18:47.000z,Infrastructure Error,build,high,Runner or external service instability,
2026-04-09T20:16:37.7760281Z PASS packages/react-dom/src/__tests__/ReactDOMConsoleErrorReportingLegacy-test.js 2026-04-09T20:16:29.0484742Z PASS packages/react-reconciler/src/__tests__/ReactConfigurableErrorLogging-test.js 2026-04-09T20:16:30.0296932Z PASS packages/react-reconciler/src/__tests__/ActivityErrorHandling-test.js 2026-04-09T20:16:23.7122361Z PASS packages/react-reconciler/src/__tests__/ReactIncrementalErrorLogging-test.js 2026-04-09T20:16:33.0434634Z PASS packages/react-reconciler/src/__tests__/ReactFlushSyncNoAggregateError-test.js,tz pass packagesreactdomsrctestsreactdomconsoleerrorreportinglegacytestjs tz pass,Test Failure,test,medium,Assertion or test case failure,81.0
"2026-04-12T07:09:15.000Z ##[group]Run CI for nodejs/node
2026-04-12T07:09:15.000Z Runner image: windows-latest
2026-04-12T07:09:15.000Z Language: go
2026-04-12T07:09:15.000Z Pulling cache layer from registry
2026-04-12T07:09:15.000Z error: failed to solve: no space left on device
2026-04-12T07:09:15.000Z ##[error]Runner disk pressure caused job failure",2026-04-12t07:09:15.000z group run ci for nodejs/node 2026-04-12t07:09:15.000z runner image: windows-latest 2026-04-12t07:09:15.000z language: go 2026-04-12t07:09:15.000z pulling cache layer from registry 2026-04-12t07:09:15.000z,Infrastructure Error,build,high,Runner or external service instability,
"2026-04-02T05:56:50.000Z ##[group]Run CI for nodejs/node
2026-04-02T05:56:50.000Z Runner image: windows-latest
2026-04-02T05:56:50.000Z Language: node
2026-04-02T05:56:50.000Z make build-ci -j4
2026-04-02T05:56:50.000Z gcc: fatal error: cannot execute 'cc1plus': No such file or directory
2026-04-02T05:56:50.000Z ##[error]Build failed with exit code 2",2026-04-02t05:56:50.000z group run ci for nodejs/node 2026-04-02t05:56:50.000z runner image: windows-latest 2026-04-02t05:56:50.000z language: node 2026-04-02t05:56:50.000z make build-ci -j4 2026-04-02t05:56:50.000z gcc: fatal,Build Failure,build,high,Compilation or packaging process failed,226.0
"2026-04-02T05:15:27.000Z ##[group]Run CI for angular/angular
2026-04-02T05:15:27.000Z Runner image: windows-latest
2026-04-02T05:15:27.000Z Language: java
2026-04-02T05:15:27.000Z helm upgrade --install api ./charts/api
2026-04-02T05:15:27.000Z Error: UPGRADE FAILED: timed out waiting for the condition
2026-04-02T05:15:27.000Z ##[error]Deployment failed in production stage",2026-04-02t05:15:27.000z group run ci for angular/angular 2026-04-02t05:15:27.000z runner image: windows-latest 2026-04-02t05:15:27.000z language: java 2026-04-02t05:15:27.000z helm upgrade --install api ./charts/api 2026-04-02t05:15:27.000z,Deployment Error,deploy,high,Release or deployment command failed,241.0
"2026-04-02T16:36:52.000Z ##[group]Run CI for tensorflow/tensorflow
2026-04-02T16:36:52.000Z Runner image: macos-latest
2026-04-02T16:36:52.000Z Language: go
2026-04-02T16:36:52.000Z Pulling cache layer from registry
2026-04-02T16:36:52.000Z error: failed to solve: no space left on device
2026-04-02T16:36:52.000Z ##[error]Runner disk pressure caused job failure",2026-04-02t16:36:52.000z group run ci for tensorflow/tensorflow 2026-04-02t16:36:52.000z runner image: macos-latest 2026-04-02t16:36:52.000z language: go 2026-04-02t16:36:52.000z pulling cache layer from registry 2026-04-02t16:36:52.000z,Infrastructure Error,build,high,Runner or external service instability,237.0
"2026-04-16T00:08:05.000Z ##[group]Run CI for spring-projects/spring-boot
2026-04-16T00:08:05.000Z Runner image: windows-latest
2026-04-16T00:08:05.000Z Language: python
2026-04-16T00:08:05.000Z Pulling cache layer from registry
2026-04-16T00:08:05.000Z error: failed to solve: no space left on device
2026-04-16T00:08:05.000Z ##[error]Runner disk pressure caused job failure",2026-04-16t00:08:05.000z group run ci for spring-projects/spring-boot 2026-04-16t00:08:05.000z runner image: windows-latest 2026-04-16t00:08:05.000z language: python 2026-04-16t00:08:05.000z pulling cache layer from registry 2026-04-16t00:08:05.000z,Infrastructure Error,build,high,Runner or external service instability,
"2026-04-01T07:33:37.000Z ##[group]Run CI for nodejs/node
2026-04-01T07:33:37.000Z Runner image: ubuntu-latest
2026-04-01T07:33:37.000Z Language: java
2026-04-01T07:33:37.000Z FAIL compiler/src/tests/error_reporting.rs
2026-04-01T07:33:37.000Z AssertionError: expected 1 but received 16
2026-04-01T07:33:37.000Z ##[error]Test suite failed with exit code 1",2026-04-01t07:33:37.000z group run ci for nodejs/node 2026-04-01t07:33:37.000z runner image: ubuntu-latest 2026-04-01t07:33:37.000z language: java 2026-04-01t07:33:37.000z fail compiler/src/tests/error_reporting.rs 2026-04-01t07:33:37.000z assertionerror: expected 1,Test Failure,test,medium,Assertion mismatch in CI test suite,266.0
"2026-04-02T07:54:53.000Z ##[group]Run CI for nodejs/node
2026-04-02T07:54:53.000Z Runner image: ubuntu-latest
2026-04-02T07:54:53.000Z Language: node
2026-04-02T07:54:53.000Z Pulling cache layer from registry
2026-04-02T07:54:53.000Z error: failed to solve: no space left on device
2026-04-02T07:54:53.000Z ##[error]Runner disk pressure caused job failure",2026-04-02t07:54:53.000z group run ci for nodejs/node 2026-04-02t07:54:53.000z runner image: ubuntu-latest 2026-04-02t07:54:53.000z language: node 2026-04-02t07:54:53.000z pulling cache layer from registry 2026-04-02t07:54:53.000z,Infrastructure Error,build,high,Runner or external service instability,230.0
"2026-04-12T07:57:19.000Z ##[group]Run CI for tensorflow/tensorflow
2026-04-12T07:57:19.000Z Runner image: ubuntu-latest
2026-04-12T07:57:19.000Z Language: java
2026-04-12T07:57:19.000Z validating .github/workflows/ci.yml
2026-04-12T07:57:19.000Z workflow syntax error: Unexpected value 'stepz'
2026-04-12T07:57:19.000Z ##[error]Invalid workflow configuration",2026-04-12t07:57:19.000z group run ci for tensorflow/tensorflow 2026-04-12t07:57:19.000z runner image: ubuntu-latest 2026-04-12t07:57:19.000z language: java 2026-04-12t07:57:19.000z validating .github/workflows/ci.yml 2026-04-12t07:57:19.000z workflow syntax error:,Configuration Error,build,high,Invalid workflow configuration or environment variable,
"2026-04-08T11:44:02.000Z ##[group]Run CI for microsoft/vscode
2026-04-08T11:44:02.000Z Runner image: macos-latest
2026-04-08T11:44:02.000Z Language: go
2026-04-08T11:44:02.000Z make build-ci -j4
2026-04-08T11:44:02.000Z gcc: fatal error: cannot execute 'cc1plus': No such file or directory
2026-04-08T11:44:02.000Z ##[error]Build failed with exit code 2",2026-04-08t11:44:02.000z group run ci for microsoft/vscode 2026-04-08t11:44:02.000z runner image: macos-latest 2026-04-08t11:44:02.000z language: go 2026-04-08t11:44:02.000z make build-ci -j4 2026-04-08t11:44:02.000z gcc: fatal,Build Failure,build,high,Compilation or packaging process failed,
"2026-04-04T18:56:39.000Z ##[group]Run CI for angular/angular
2026-04-04T18:56:39.000Z Runner image: ubuntu-latest
2026-04-04T18:56:39.000Z Language: rust
2026-04-04T18:56:39.000Z ERROR: Module not found: Cannot resolve 'react-dom'
2026-04-04T18:56:39.000Z npm ERR! code E404
2026-04-04T18:56:39.000Z ##[error]Dependency installation failed",2026-04-04t18:56:39.000z group run ci for angular/angular 2026-04-04t18:56:39.000z runner image: ubuntu-latest 2026-04-04t18:56:39.000z language: rust 2026-04-04t18:56:39.000z error: module not found: cannot resolve,Dependency Error,build,high,Missing package or unresolved module dependency,
"2026-04-12T01:39:33.000Z ##[group]Run CI for django/django
2026-04-12T01:39:33.000Z Runner image: ubuntu-latest
2026-04-12T01:39:33.000Z Language: node
2026-04-12T01:39:33.000Z make build-ci -j4
2026-04-12T01:39:33.000Z gcc: fatal error: cannot execute 'cc1plus': No such file or directory
2026-04-12T01:39:33.000Z ##[error]Build failed with exit code 2",2026-04-12t01:39:33.000z group run ci for django/django 2026-04-12t01:39:33.000z runner image: ubuntu-latest 2026-04-12t01:39:33.000z language: node 2026-04-12t01:39:33.000z make build-ci -j4 2026-04-12t01:39:33.000z gcc: fatal,Build Failure,build,high,Compilation or packaging process failed,
"2026-04-02T05:21:47.000Z ##[group]Run CI for pytorch/pytorch
2026-04-02T05:21:47.000Z Runner image: ubuntu-latest
2026-04-02T05:21:47.000Z Language: go
2026-04-02T05:21:47.000Z helm upgrade --install api ./charts/api
2026-04-02T05:21:47.000Z Error: UPGRADE FAILED: timed out waiting for the condition
2026-04-02T05:21:47.000Z ##[error]Deployment failed in production stage",2026-04-02t05:21:47.000z group run ci for pytorch/pytorch 2026-04-02t05:21:47.000z runner image: ubuntu-latest 2026-04-02t05:21:47.000z language: go 2026-04-02t05:21:47.000z helm upgrade --install api ./charts/api 2026-04-02t05:21:47.000z,Deployment Error,deploy,high,Release or deployment command failed,238.0
"2026-04-15T16:44:39.000Z ##[group]Run CI for django/django
2026-04-15T16:44:39.000Z Runner image: macos-latest
2026-04-15T16:44:39.000Z Language: python
2026-04-15T16:44:39.000Z make build-ci -j4
2026-04-15T16:44:39.000Z gcc: fatal error: cannot execute 'cc1plus': No such file or directory
2026-04-15T16:44:39.000Z ##[error]Build failed with exit code 2",2026-04-15t16:44:39.000z group run ci for django/django 2026-04-15t16:44:39.000z runner image: macos-latest 2026-04-15t16:44:39.000z language: python 2026-04-15t16:44:39.000z make build-ci -j4 2026-04-15t16:44:39.000z gcc: fatal,Build Failure,build,high,Compilation or packaging process failed,
"2026-04-12T02:48:01.000Z ##[group]Run CI for facebook/react
2026-04-12T02:48:01.000Z Runner image: windows-latest
2026-04-12T02:48:01.000Z Language: node
2026-04-12T02:48:01.000Z make build-ci -j4
2026-04-12T02:48:01.000Z gcc: fatal error: cannot execute 'cc1plus': No such file or directory
2026-04-12T02:48:01.000Z ##[error]Build failed with exit code 2",2026-04-12t02:48:01.000z group run ci for facebook/react 2026-04-12t02:48:01.000z runner image: windows-latest 2026-04-12t02:48:01.000z language: node 2026-04-12t02:48:01.000z make build-ci -j4 2026-04-12t02:48:01.000z gcc: fatal,Build Failure,build,high,Compilation or packaging process failed,
"2026-04-01T22:52:20.000Z ##[group]Run CI for angular/angular
2026-04-01T22:52:20.000Z Runner image: macos-latest
2026-04-01T22:52:20.000Z Language: python
2026-04-01T22:52:20.000Z helm upgrade --install api ./charts/api
2026-04-01T22:52:20.000Z Error: UPGRADE FAILED: timed out waiting for the condition
2026-04-01T22:52:20.000Z ##[error]Deployment failed in production stage",2026-04-01t22:52:20.000z group run ci for angular/angular 2026-04-01t22:52:20.000z runner image: macos-latest 2026-04-01t22:52:20.000z language: python 2026-04-01t22:52:20.000z helm upgrade --install api ./charts/api 2026-04-01t22:52:20.000z,Deployment Error,deploy,high,Release or deployment command failed,241.0
"2026-04-16T00:24:17.000Z ##[group]Run CI for apache/spark
2026-04-16T00:24:17.000Z Runner image: ubuntu-latest
2026-04-16T00:24:17.000Z Language: java
2026-04-16T00:24:17.000Z validating .github/workflows/ci.yml
2026-04-16T00:24:17.000Z workflow syntax error: Unexpected value 'stepz'
2026-04-16T00:24:17.000Z ##[error]Invalid workflow configuration",2026-04-16t00:24:17.000z group run ci for apache/spark 2026-04-16t00:24:17.000z runner image: ubuntu-latest 2026-04-16t00:24:17.000z language: java 2026-04-16t00:24:17.000z validating .github/workflows/ci.yml 2026-04-16t00:24:17.000z workflow syntax error:,Configuration Error,build,high,Invalid workflow configuration or environment variable,
"2026-04-15T15:08:57.000Z ##[group]Run CI for microsoft/vscode
2026-04-15T15:08:57.000Z Runner image: macos-latest
2026-04-15T15:08:57.000Z Language: python
2026-04-15T15:08:57.000Z aws secretsmanager get-secret-value --secret-id docker-token
2026-04-15T15:08:57.000Z AccessDeniedException: User is not authorized to perform secretsmanager:GetSecretValue
2026-04-15T15:08:57.000Z ##[error]permission denied while accessing deployment secret",2026-04-15t15:08:57.000z group run ci for microsoft/vscode 2026-04-15t15:08:57.000z runner image: macos-latest 2026-04-15t15:08:57.000z language: python 2026-04-15t15:08:57.000z aws secretsmanager get-secret-value --secret-id docker-token 2026-04-15t15:08:57.000z,Permission Error,deploy,high,"Token, role, or filesystem permission denied",
"2026-04-08T01:22:37.1411812Z I0000 00:00:1775611357.139812     424 port.cc:153] oneDNN custom operations are on. You may see slightly different numerical results due to floating-point round-off errors from different computation orders. To turn them off, set the environment variable `TF_ENABLE_ONEDNN_OPTS=0`. 2026-04-08T01:22:38.8210162Z I0000 00:00:1775611358.819725     424 port.cc:153] oneDNN custom operations are on. You may see slightly different numerical results due to floating-point round-off errors from different computation orders. To turn them off, set the environment variable `TF_ENABLE_ONEDNN_OPTS=0`. 2026-04-08T01:23:33.1941164Z keras/src/backend/common/dtypes_test.py::DtypesTest::test_valid_dtype_leading_to_keyerror_and_valueerror PASSED [  2%] 2026-04-08T01:23:33.7991993Z keras/src/backend/common/name_scope_test.py::NameScopeTest::test_errors PASSED [  2%] 2026-04-08T01:25:03.5518353Z keras/src/callbacks/backup_and_restore_test.py::BackupAndRestoreCallbackTest::test_backup_dir_empty_error PASSED [ 11%]",tz i portcc onednn custom,Test Failure,test,medium,Assertion or test case failure,25.0
"2026-04-16T00:20:22.000Z ##[group]Run CI for apache/spark
2026-04-16T00:20:22.000Z Runner image: macos-latest
2026-04-16T00:20:22.000Z Language: go
2026-04-16T00:20:22.000Z validating .github/workflows/ci.yml
2026-04-16T00:20:22.000Z workflow syntax error: Unexpected value 'stepz'
2026-04-16T00:20:22.000Z ##[error]Invalid workflow configuration",2026-04-16t00:20:22.000z group run ci for apache/spark 2026-04-16t00:20:22.000z runner image: macos-latest 2026-04-16t00:20:22.000z language: go 2026-04-16t00:20:22.000z validating .github/workflows/ci.yml 2026-04-16t00:20:22.000z workflow syntax error:,Configuration Error,build,high,Invalid workflow configuration or environment variable,
"2026-04-01T20:12:20.000Z ##[group]Run CI for django/django
2026-04-01T20:12:20.000Z Runner image: macos-latest
2026-04-01T20:12:20.000Z Language: node
2026-04-01T20:12:20.000Z aws secretsmanager get-secret-value --secret-id docker-token
2026-04-01T20:12:20.000Z AccessDeniedException: User is not authorized to perform secretsmanager:GetSecretValue
2026-04-01T20:12:20.000Z ##[error]permission denied while accessing deployment secret",2026-04-01t20:12:20.000z group run ci for django/django 2026-04-01t20:12:20.000z runner image: macos-latest 2026-04-01t20:12:20.000z language: node 2026-04-01t20:12:20.000z aws secretsmanager get-secret-value --secret-id docker-token 2026-04-01t20:12:20.000z,Permission Error,deploy,high,"Token, role, or filesystem permission denied",258.0
"2026-04-08T13:40:15.000Z ##[group]Run CI for spring-projects/spring-boot
2026-04-08T13:40:15.000Z Runner image: ubuntu-latest
2026-04-08T13:40:15.000Z Language: java
2026-04-08T13:40:15.000Z helm upgrade --install api ./charts/api
2026-04-08T13:40:15.000Z Error: UPGRADE FAILED: timed out waiting for the condition
2026-04-08T13:40:15.000Z ##[error]Deployment failed in production stage",2026-04-08t13:40:15.000z group run ci for spring-projects/spring-boot 2026-04-08t13:40:15.000z runner image: ubuntu-latest 2026-04-08t13:40:15.000z language: java 2026-04-08t13:40:15.000z helm upgrade --install api ./charts/api 2026-04-08t13:40:15.000z,Deployment Error,deploy,high,Release or deployment command failed,
"2026-04-01T16:54:46.000Z ##[group]Run CI for apache/spark
2026-04-01T16:54:46.000Z Runner image: windows-latest
2026-04-01T16:54:46.000Z Language: node
2026-04-01T16:54:46.000Z pytest -m integration --maxfail=1
2026-04-01T16:54:46.000Z Error: Process timed out after 20 minutes
2026-04-01T16:54:46.000Z ##[error]The operation was canceled",2026-04-01t16:54:46.000z group run ci for apache/spark 2026-04-01t16:54:46.000z runner image: windows-latest 2026-04-01t16:54:46.000z language: node 2026-04-01t16:54:46.000z pytest -m integration --maxfail 1 2026-04-01t16:54:46.000z,Timeout Error,test,medium,Long-running step exceeded CI timeout threshold,232.0
"2026-04-15T13:12:03.000Z ##[group]Run CI for spring-projects/spring-boot
2026-04-15T13:12:03.000Z Runner image: ubuntu-latest
2026-04-15T13:12:03.000Z Language: rust
2026-04-15T13:12:03.000Z pytest -m integration --maxfail=1
2026-04-15T13:12:03.000Z Error: Process timed out after 15 minutes
2026-04-15T13:12:03.000Z ##[error]The operation was canceled",2026-04-15t13:12:03.000z group run ci for spring-projects/spring-boot 2026-04-15t13:12:03.000z runner image: ubuntu-latest 2026-04-15t13:12:03.000z language: rust 2026-04-15t13:12:03.000z pytest -m integration --maxfail 1 2026-04-15t13:12:03.000z,Timeout Error,test,medium,Long-running step exceeded CI timeout threshold,
"2026-04-12T09:15:39.000Z ##[group]Run CI for spring-projects/spring-boot
2026-04-12T09:15:39.000Z Runner image: windows-latest
2026-04-12T09:15:39.000Z Language: node
2026-04-12T09:15:39.000Z validating .github/workflows/ci.yml
2026-04-12T09:15:39.000Z workflow syntax error: Unexpected value 'stepz'
2026-04-12T09:15:39.000Z ##[error]Invalid workflow configuration",2026-04-12t09:15:39.000z group run ci for spring-projects/spring-boot 2026-04-12t09:15:39.000z runner image: windows-latest 2026-04-12t09:15:39.000z language: node 2026-04-12t09:15:39.000z validating .github/workflows/ci.yml 2026-04-12t09:15:39.000z workflow syntax error:,Configuration Error,build,high,Invalid workflow configuration or environment variable,
"2026-04-11T21:21:21.000Z ##[group]Run CI for django/django
2026-04-11T21:21:21.000Z Runner image: windows-latest
2026-04-11T21:21:21.000Z Language: node
2026-04-11T21:21:21.000Z src/compiler/handler.py:152: SyntaxError: unexpected token '['
2026-04-11T21:21:21.000Z pylint: E0001 syntax-error
2026-04-11T21:21:21.000Z ##[error]Build stopped due to syntax error",2026-04-11t21:21:21.000z group run ci for django/django 2026-04-11t21:21:21.000z runner image: windows-latest 2026-04-11t21:21:21.000z language: node 2026-04-11t21:21:21.000z src/compiler/handler.py:152: syntaxerror: unexpected token 2026-04-11t21:21:21.000z pylint:,Syntax Error,build,high,Invalid code syntax detected by compiler or linter,
"2026-04-02T06:39:38.000Z ##[group]Run CI for tensorflow/tensorflow
2026-04-02T06:39:38.000Z Runner image: windows-latest
2026-04-02T06:39:38.000Z Language: go
2026-04-02T06:39:38.000Z helm upgrade --install api ./charts/api
2026-04-02T06:39:38.000Z Error: UPGRADE FAILED: timed out waiting for the condition
2026-04-02T06:39:38.000Z ##[error]Deployment failed in production stage",2026-04-02t06:39:38.000z group run ci for tensorflow/tensorflow 2026-04-02t06:39:38.000z runner image: windows-latest 2026-04-02t06:39:38.000z language: go 2026-04-02t06:39:38.000z helm upgrade --install api ./charts/api 2026-04-02t06:39:38.000z,Deployment Error,deploy,high,Release or deployment command failed,245.0
"2026-04-02T00:27:50.000Z ##[group]Run CI for microsoft/vscode
2026-04-02T00:27:50.000Z Runner image: macos-latest
2026-04-02T00:27:50.000Z Language: node
2026-04-02T00:27:50.000Z make build-ci -j4
2026-04-02T00:27:50.000Z gcc: fatal error: cannot execute 'cc1plus': No such file or directory
2026-04-02T00:27:50.000Z ##[error]Build failed with exit code 2",2026-04-02t00:27:50.000z group run ci for microsoft/vscode 2026-04-02t00:27:50.000z runner image: macos-latest 2026-04-02t00:27:50.000z language: node 2026-04-02t00:27:50.000z make build-ci -j4 2026-04-02t00:27:50.000z gcc: fatal,Build Failure,build,high,Compilation or packaging process failed,229.0
"2026-04-04T18:40:05.000Z ##[group]Run CI for vercel/next.js
2026-04-04T18:40:05.000Z Runner image: ubuntu-latest
2026-04-04T18:40:05.000Z Language: node
2026-04-04T18:40:05.000Z FAIL internal/runtime/retry_test.go
2026-04-04T18:40:05.000Z AssertionError: expected 2 but received 19
2026-04-04T18:40:05.000Z ##[error]Test suite failed with exit code 1",2026-04-04t18:40:05.000z group run ci for vercel/next.js 2026-04-04t18:40:05.000z runner image: ubuntu-latest 2026-04-04t18:40:05.000z language: node 2026-04-04t18:40:05.000z fail internal/runtime/retry_test.go 2026-04-04t18:40:05.000z assertionerror: expected 2,Test Failure,test,medium,Assertion mismatch in CI test suite,
"2026-04-02T08:48:15.000Z ##[group]Run CI for nodejs/node
2026-04-02T08:48:15.000Z Runner image: windows-latest
2026-04-02T08:48:15.000Z Language: go
2026-04-02T08:48:15.000Z Starting module billing
2026-04-02T08:48:15.000Z Traceback (most recent call last): ValueError: invalid state transition in billing
2026-04-02T08:48:15.000Z ##[error]Runtime exception in test process",2026-04-02t08:48:15.000z group run ci for nodejs/node 2026-04-02t08:48:15.000z runner image: windows-latest 2026-04-02t08:48:15.000z language: go 2026-04-02t08:48:15.000z starting module billing 2026-04-02t08:48:15.000z traceback most,Runtime Error,test,medium,Unhandled exception during job execution,234.0
"2026-04-01T12:56:16.000Z ##[group]Run CI for vercel/next.js
2026-04-01T12:56:16.000Z Runner image: macos-latest
2026-04-01T12:56:16.000Z Language: java
2026-04-01T12:56:16.000Z src/auth/handler.py:74: SyntaxError: unexpected token '@'
2026-04-01T12:56:16.000Z pylint: E0001 syntax-error
2026-04-01T12:56:16.000Z ##[error]Build stopped due to syntax error",2026-04-01t12:56:16.000z group run ci for vercel/next.js 2026-04-01t12:56:16.000z runner image: macos-latest 2026-04-01t12:56:16.000z language: java 2026-04-01t12:56:16.000z src/auth/handler.py:74: syntaxerror: unexpected token 2026-04-01t12:56:16.000z pylint:,Syntax Error,build,high,Invalid code syntax detected by compiler or linter,260.0
"2026-04-01T17:00:48.000Z ##[group]Run CI for pytorch/pytorch
2026-04-01T17:00:48.000Z Runner image: macos-latest
2026-04-01T17:00:48.000Z Language: java
2026-04-01T17:00:48.000Z aws secretsmanager get-secret-value --secret-id docker-token
2026-04-01T17:00:48.000Z AccessDeniedException: User is not authorized to perform secretsmanager:GetSecretValue
2026-04-01T17:00:48.000Z ##[error]permission denied while accessing deployment secret",2026-04-01t17:00:48.000z group run ci for pytorch/pytorch 2026-04-01t17:00:48.000z runner image: macos-latest 2026-04-01t17:00:48.000z language: java 2026-04-01t17:00:48.000z aws secretsmanager get-secret-value --secret-id docker-token 2026-04-01t17:00:48.000z,Permission Error,deploy,high,"Token, role, or filesystem permission denied",260.0
"2026-04-15T09:48:54.000Z ##[group]Run CI for apache/spark
2026-04-15T09:48:54.000Z Runner image: ubuntu-latest
2026-04-15T09:48:54.000Z Language: java
2026-04-15T09:48:54.000Z src/scheduler/handler.py:285: SyntaxError: unexpected token '['
2026-04-15T09:48:54.000Z pylint: E0001 syntax-error
2026-04-15T09:48:54.000Z ##[error]Build stopped due to syntax error",2026-04-15t09:48:54.000z group run ci for apache/spark 2026-04-15t09:48:54.000z runner image: ubuntu-latest 2026-04-15t09:48:54.000z language: java 2026-04-15t09:48:54.000z src/scheduler/handler.py:285: syntaxerror: unexpected token 2026-04-15t09:48:54.000z pylint:,Syntax Error,build,high,Invalid code syntax detected by compiler or linter,
"2026-04-02T07:36:02.000Z ##[group]Run CI for tensorflow/tensorflow
2026-04-02T07:36:02.000Z Runner image: macos-latest
2026-04-02T07:36:02.000Z Language: python
2026-04-02T07:36:02.000Z Starting module auth
2026-04-02T07:36:02.000Z Traceback (most recent call last): ValueError: invalid state transition in auth
2026-04-02T07:36:02.000Z ##[error]Runtime exception in test process",2026-04-02t07:36:02.000z group run ci for tensorflow/tensorflow 2026-04-02t07:36:02.000z runner image: macos-latest 2026-04-02t07:36:02.000z language: python 2026-04-02t07:36:02.000z starting module auth 2026-04-02t07:36:02.000z traceback most,Runtime Error,test,medium,Unhandled exception during job execution,243.0
"2026-04-11T22:36:30.000Z ##[group]Run CI for apache/spark
2026-04-11T22:36:30.000Z Runner image: ubuntu-latest
2026-04-11T22:36:30.000Z Language: python
2026-04-11T22:36:30.000Z pytest -m integration --maxfail=1
2026-04-11T22:36:30.000Z Error: Process timed out after 30 minutes
2026-04-11T22:36:30.000Z ##[error]The operation was canceled",2026-04-11t22:36:30.000z group run ci for apache/spark 2026-04-11t22:36:30.000z runner image: ubuntu-latest 2026-04-11t22:36:30.000z language: python 2026-04-11t22:36:30.000z pytest -m integration --maxfail 1 2026-04-11t22:36:30.000z,Timeout Error,test,medium,Long-running step exceeded CI timeout threshold,
"2026-04-11T17:12:09.000Z ##[group]Run CI for facebook/react
2026-04-11T17:12:09.000Z Runner image: ubuntu-latest
2026-04-11T17:12:09.000Z Language: go
2026-04-11T17:12:09.000Z FAIL packages/react-dom/src/__tests__/hydration.test.js
2026-04-11T17:12:09.000Z AssertionError: expected 6 but received 12
2026-04-11T17:12:09.000Z ##[error]Test suite failed with exit code 1",2026-04-11t17:12:09.000z group run ci for facebook/react 2026-04-11t17:12:09.000z runner image: ubuntu-latest 2026-04-11t17:12:09.000z language: go 2026-04-11t17:12:09.000z fail packages/react-dom/src/__tests__/hydration.test.js 2026-04-11t17:12:09.000z assertionerror: expected 6,Test Failure,test,medium,Assertion mismatch in CI test suite,
"2026-04-01T14:42:53.000Z ##[group]Run CI for angular/angular
2026-04-01T14:42:53.000Z Runner image: windows-latest
2026-04-01T14:42:53.000Z Language: node
2026-04-01T14:42:53.000Z pytest -m integration --maxfail=1
2026-04-01T14:42:53.000Z Error: Process timed out after 15 minutes
2026-04-01T14:42:53.000Z ##[error]The operation was canceled",2026-04-01t14:42:53.000z group run ci for angular/angular 2026-04-01t14:42:53.000z runner image: windows-latest 2026-04-01t14:42:53.000z language: node 2026-04-01t14:42:53.000z pytest -m integration --maxfail 1 2026-04-01t14:42:53.000z,Timeout Error,test,medium,Long-running step exceeded CI timeout threshold,235.0
"2026-04-01T15:42:37.000Z ##[group]Run CI for vercel/next.js
2026-04-01T15:42:37.000Z Runner image: ubuntu-latest
2026-04-01T15:42:37.000Z Language: python
2026-04-01T15:42:37.000Z Pulling cache layer from registry
2026-04-01T15:42:37.000Z error: failed to solve: no space left on device
2026-04-01T15:42:37.000Z ##[error]Runner disk pressure caused job failure",2026-04-01t15:42:37.000z group run ci for vercel/next.js 2026-04-01t15:42:37.000z runner image: ubuntu-latest 2026-04-01t15:42:37.000z language: python 2026-04-01t15:42:37.000z pulling cache layer from registry 2026-04-01t15:42:37.000z,Infrastructure Error,build,high,Runner or external service instability,235.0
ERROR: Module not found: Cannot resolve 'react-dom',module not found dependency,Dependency Error,build,high,Missing required package,27.0
"2026-04-01T09:04:45.000Z ##[group]Run CI for tensorflow/tensorflow
2026-04-01T09:04:45.000Z Runner image: windows-latest
2026-04-01T09:04:45.000Z Language: go
2026-04-01T09:04:45.000Z ERROR: Module not found: Cannot resolve 'webpack'
2026-04-01T09:04:45.000Z npm ERR! code E404
2026-04-01T09:04:45.000Z ##[error]Dependency installation failed",2026-04-01t09:04:45.000z group run ci for tensorflow/tensorflow 2026-04-01t09:04:45.000z runner image: windows-latest 2026-04-01t09:04:45.000z language: go 2026-04-01t09:04:45.000z error: module not found: cannot resolve,Dependency Error,build,high,Missing package or unresolved module dependency,220.0
"2026-04-04T22:57:57.000Z ##[group]Run CI for nodejs/node
2026-04-04T22:57:57.000Z Runner image: macos-latest
2026-04-04T22:57:57.000Z Language: go
2026-04-04T22:57:57.000Z Pulling cache layer from registry
2026-04-04T22:57:57.000Z error: failed to solve: no space left on device
2026-04-04T22:57:57.000Z ##[error]Runner disk pressure caused job failure",2026-04-04t22:57:57.000z group run ci for nodejs/node 2026-04-04t22:57:57.000z runner image: macos-latest 2026-04-04t22:57:57.000z language: go 2026-04-04t22:57:57.000z pulling cache layer from registry 2026-04-04t22:57:57.000z,Infrastructure Error,build,high,Runner or external service instability,
"2026-04-01T11:14:22.000Z ##[group]Run CI for tensorflow/tensorflow
2026-04-01T11:14:22.000Z Runner image: macos-latest
2026-04-01T11:14:22.000Z Language: java
2026-04-01T11:14:22.000Z aws secretsmanager get-secret-value --secret-id docker-token
2026-04-01T11:14:22.000Z AccessDeniedException: User is not authorized to perform secretsmanager:GetSecretValue
2026-04-01T11:14:22.000Z ##[error]permission denied while accessing deployment secret",2026-04-01t11:14:22.000z group run ci for tensorflow/tensorflow 2026-04-01t11:14:22.000z runner image: macos-latest 2026-04-01t11:14:22.000z language: java 2026-04-01t11:14:22.000z aws secretsmanager get-secret-value --secret-id docker-token 2026-04-01t11:14:22.000z,Permission Error,deploy,high,"Token, role, or filesystem permission denied",266.0
"2026-04-02T02:06:56.000Z ##[group]Run CI for angular/angular
2026-04-02T02:06:56.000Z Runner image: macos-latest
2026-04-02T02:06:56.000Z Language: java
2026-04-02T02:06:56.000Z Starting module billing
2026-04-02T02:06:56.000Z Traceback (most recent call last): ValueError: invalid state transition in billing
2026-04-02T02:06:56.000Z ##[error]Runtime exception in test process",2026-04-02t02:06:56.000z group run ci for angular/angular 2026-04-02t02:06:56.000z runner image: macos-latest 2026-04-02t02:06:56.000z language: java 2026-04-02t02:06:56.000z starting module billing 2026-04-02t02:06:56.000z traceback most,Runtime Error,test,medium,Unhandled exception during job execution,238.0
"2026-04-04T21:15:29.000Z ##[group]Run CI for microsoft/vscode
2026-04-04T21:15:29.000Z Runner image: macos-latest
2026-04-04T21:15:29.000Z Language: java
2026-04-04T21:15:29.000Z make build-ci -j4
2026-04-04T21:15:29.000Z gcc: fatal error: cannot execute 'cc1plus': No such file or directory
2026-04-04T21:15:29.000Z ##[error]Build failed with exit code 2",2026-04-04t21:15:29.000z group run ci for microsoft/vscode 2026-04-04t21:15:29.000z runner image: macos-latest 2026-04-04t21:15:29.000z language: java 2026-04-04t21:15:29.000z make build-ci -j4 2026-04-04t21:15:29.000z gcc: fatal,Build Failure,build,high,Compilation or packaging process failed,
"2026-04-11T21:42:54.000Z ##[group]Run CI for tensorflow/tensorflow
2026-04-11T21:42:54.000Z Runner image: macos-latest
2026-04-11T21:42:54.000Z Language: node
2026-04-11T21:42:54.000Z src/auth/handler.py:317: SyntaxError: unexpected token '='
2026-04-11T21:42:54.000Z pylint: E0001 syntax-error
2026-04-11T21:42:54.000Z ##[error]Build stopped due to syntax error",2026-04-11t21:42:54.000z group run ci for tensorflow/tensorflow 2026-04-11t21:42:54.000z runner image: macos-latest 2026-04-11t21:42:54.000z language: node 2026-04-11t21:42:54.000z src/auth/handler.py:317: syntaxerror: unexpected token 2026-04-11t21:42:54.000z pylint:,Syntax Error,build,high,Invalid code syntax detected by compiler or linter,
"2026-04-01T16:11:35.000Z ##[group]Run CI for apache/spark
2026-04-01T16:11:35.000Z Runner image: windows-latest
2026-04-01T16:11:35.000Z Language: java
2026-04-01T16:11:35.000Z validating .github/workflows/ci.yml
2026-04-01T16:11:35.000Z workflow syntax error: Unexpected value 'stepz'
2026-04-01T16:11:35.000Z ##[error]Invalid workflow configuration",2026-04-01t16:11:35.000z group run ci for apache/spark 2026-04-01t16:11:35.000z runner image: windows-latest 2026-04-01t16:11:35.000z language: java 2026-04-01t16:11:35.000z validating .github/workflows/ci.yml 2026-04-01t16:11:35.000z workflow syntax error:,Configuration Error,build,high,Invalid workflow configuration or environment variable,257.0
"2026-04-11T23:57:32.000Z ##[group]Run CI for tensorflow/tensorflow
2026-04-11T23:57:32.000Z Runner image: macos-latest
2026-04-11T23:57:32.000Z Language: node
2026-04-11T23:57:32.000Z aws secretsmanager get-secret-value --secret-id docker-token
2026-04-11T23:57:32.000Z AccessDeniedException: User is not authorized to perform secretsmanager:GetSecretValue
2026-04-11T23:57:32.000Z ##[error]permission denied while accessing deployment secret",2026-04-11t23:57:32.000z group run ci for tensorflow/tensorflow 2026-04-11t23:57:32.000z runner image: macos-latest 2026-04-11t23:57:32.000z language: node 2026-04-11t23:57:32.000z aws secretsmanager get-secret-value --secret-id docker-token 2026-04-11t23:57:32.000z,Permission Error,deploy,high,"Token, role, or filesystem permission denied",
"2026-04-01T11:22:33.000Z ##[group]Run CI for spring-projects/spring-boot
2026-04-01T11:22:33.000Z Runner image: windows-latest
2026-04-01T11:22:33.000Z Language: go
2026-04-01T11:22:33.000Z src/auth/handler.py:328: SyntaxError: unexpected token '{'
2026-04-01T11:22:33.000Z pylint: E0001 syntax-error
2026-04-01T11:22:33.000Z ##[error]Build stopped due to syntax error",2026-04-01t11:22:33.000z group run ci for spring-projects/spring-boot 2026-04-01t11:22:33.000z runner image: windows-latest 2026-04-01t11:22:33.000z language: go 2026-04-01t11:22:33.000z src/auth/handler.py:328: syntaxerror: unexpected token 2026-04-01t11:22:33.000z pylint:,Syntax Error,build,high,Invalid code syntax detected by compiler or linter,274.0
"2026-04-02T00:30:47.000Z ##[group]Run CI for facebook/react
2026-04-02T00:30:47.000Z Runner image: macos-latest
2026-04-02T00:30:47.000Z Language: java
2026-04-02T00:30:47.000Z Pulling cache layer from registry
2026-04-02T00:30:47.000Z error: failed to solve: no space left on device
2026-04-02T00:30:47.000Z ##[error]Runner disk pressure caused job failure",2026-04-02t00:30:47.000z group run ci for facebook/react 2026-04-02t00:30:47.000z runner image: macos-latest 2026-04-02t00:30:47.000z language: java 2026-04-02t00:30:47.000z pulling cache layer from registry 2026-04-02t00:30:47.000z,Infrastructure Error,build,high,Runner or external service instability,232.0
"2026-04-01T13:10:27.000Z ##[group]Run CI for tensorflow/tensorflow
2026-04-01T13:10:27.000Z Runner image: macos-latest
2026-04-01T13:10:27.000Z Language: python
2026-04-01T13:10:27.000Z pytest -m integration --maxfail=1
2026-04-01T13:10:27.000Z Error: Process timed out after 30 minutes
2026-04-01T13:10:27.000Z ##[error]The operation was canceled",2026-04-01t13:10:27.000z group run ci for tensorflow/tensorflow 2026-04-01t13:10:27.000z runner image: macos-latest 2026-04-01t13:10:27.000z language: python 2026-04-01t13:10:27.000z pytest -m integration --maxfail 1 2026-04-01t13:10:27.000z,Timeout Error,test,medium,Long-running step exceeded CI timeout threshold,241.0
"2026-04-02T01:36:07.000Z ##[group]Run CI for tensorflow/tensorflow
2026-04-02T01:36:07.000Z Runner image: macos-latest
2026-04-02T01:36:07.000Z Language: rust
2026-04-02T01:36:07.000Z Starting module billing
2026-04-02T01:36:07.000Z Traceback (most recent call last): ValueError: invalid state transition in billing
2026-04-02T01:36:07.000Z ##[error]Runtime exception in test process",2026-04-02t01:36:07.000z group run ci for tensorflow/tensorflow 2026-04-02t01:36:07.000z runner image: macos-latest 2026-04-02t01:36:07.000z language: rust 2026-04-02t01:36:07.000z starting module billing 2026-04-02t01:36:07.000z traceback most,Runtime Error,test,medium,Unhandled exception during job execution,244.0
"2026-04-01T14:06:11.000Z ##[group]Run CI for vercel/next.js
2026-04-01T14:06:11.000Z Runner image: ubuntu-latest
2026-04-01T14:06:11.000Z Language: node
2026-04-01T14:06:11.000Z pytest -m integration --maxfail=1
2026-04-01T14:06:11.000Z Error: Process timed out after 15 minutes
2026-04-01T14:06:11.000Z ##[error]The operation was canceled",2026-04-01t14:06:11.000z group run ci for vercel/next.js 2026-04-01t14:06:11.000z runner image: ubuntu-latest 2026-04-01t14:06:11.000z language: node 2026-04-01t14:06:11.000z pytest -m integration --maxfail 1 2026-04-01t14:06:11.000z,Timeout Error,test,medium,Long-running step exceeded CI timeout threshold,233.0
"2026-04-11T20:54:21.000Z ##[group]Run CI for apache/spark
2026-04-11T20:54:21.000Z Runner image: ubuntu-latest
2026-04-11T20:54:21.000Z Language: java
2026-04-11T20:54:21.000Z src/billing/handler.py:286: SyntaxError: unexpected token '{'
2026-04-11T20:54:21.000Z pylint: E0001 syntax-error
2026-04-11T20:54:21.000Z ##[error]Build stopped due to syntax error",2026-04-11t20:54:21.000z group run ci for apache/spark 2026-04-11t20:54:21.000z runner image: ubuntu-latest 2026-04-11t20:54:21.000z language: java 2026-04-11t20:54:21.000z src/billing/handler.py:286: syntaxerror: unexpected token 2026-04-11t20:54:21.000z pylint:,Syntax Error,build,high,Invalid code syntax detected by compiler or linter,
"2026-04-01T13:00:39.000Z ##[group]Run CI for spring-projects/spring-boot
2026-04-01T13:00:39.000Z Runner image: macos-latest
2026-04-01T13:00:39.000Z Language: python
2026-04-01T13:00:39.000Z src/compiler/handler.py:382: SyntaxError: unexpected token '@'
2026-04-01T13:00:39.000Z pylint: E0001 syntax-error
2026-04-01T13:00:39.000Z ##[error]Build stopped due to syntax error",2026-04-01t13:00:39.000z group run ci for spring-projects/spring-boot 2026-04-01t13:00:39.000z runner image: macos-latest 2026-04-01t13:00:39.000z language: python 2026-04-01t13:00:39.000z src/compiler/handler.py:382: syntaxerror: unexpected token 2026-04-01t13:00:39.000z pylint:,Syntax Error,build,high,Invalid code syntax detected by compiler or linter,280.0
"2026-04-01T12:33:36.000Z ##[group]Run CI for spring-projects/spring-boot
2026-04-01T12:33:36.000Z Runner image: macos-latest
2026-04-01T12:33:36.000Z Language: java
2026-04-01T12:33:36.000Z make build-ci -j4
2026-04-01T12:33:36.000Z gcc: fatal error: cannot execute 'cc1plus': No such file or directory
2026-04-01T12:33:36.000Z ##[error]Build failed with exit code 2",2026-04-01t12:33:36.000z group run ci for spring-projects/spring-boot 2026-04-01t12:33:36.000z runner image: macos-latest 2026-04-01t12:33:36.000z language: java 2026-04-01t12:33:36.000z make build-ci -j4 2026-04-01t12:33:36.000z gcc: fatal,Build Failure,build,high,Compilation or packaging process failed,240.0
"2026-04-15T08:36:44.000Z ##[group]Run CI for spring-projects/spring-boot
2026-04-15T08:36:44.000Z Runner image: windows-latest
2026-04-15T08:36:44.000Z Language: go
2026-04-15T08:36:44.000Z ERROR: Module not found: Cannot resolve 'torch'
2026-04-15T08:36:44.000Z npm ERR! code E404
2026-04-15T08:36:44.000Z ##[error]Dependency installation failed",2026-04-15t08:36:44.000z group run ci for spring-projects/spring-boot 2026-04-15t08:36:44.000z runner image: windows-latest 2026-04-15t08:36:44.000z language: go 2026-04-15t08:36:44.000z error: module not found: cannot resolve,Dependency Error,build,high,Missing package or unresolved module dependency,
"2026-04-08T13:06:10.000Z ##[group]Run CI for angular/angular
2026-04-08T13:06:10.000Z Runner image: macos-latest
2026-04-08T13:06:10.000Z Language: python
2026-04-08T13:06:10.000Z Starting module auth
2026-04-08T13:06:10.000Z Traceback (most recent call last): ValueError: invalid state transition in auth
2026-04-08T13:06:10.000Z ##[error]Runtime exception in test process",2026-04-08t13:06:10.000z group run ci for angular/angular 2026-04-08t13:06:10.000z runner image: macos-latest 2026-04-08t13:06:10.000z language: python 2026-04-08t13:06:10.000z starting module auth 2026-04-08t13:06:10.000z traceback most,Runtime Error,test,medium,Unhandled exception during job execution,
"2026-04-02T00:16:41.000Z ##[group]Run CI for microsoft/vscode
2026-04-02T00:16:41.000Z Runner image: ubuntu-latest
2026-04-02T00:16:41.000Z Language: go
2026-04-02T00:16:41.000Z Pulling cache layer from registry
2026-04-02T00:16:41.000Z error: failed to solve: no space left on device
2026-04-02T00:16:41.000Z ##[error]Runner disk pressure caused job failure",2026-04-02t00:16:41.000z group run ci for microsoft/vscode 2026-04-02t00:16:41.000z runner image: ubuntu-latest 2026-04-02t00:16:41.000z language: go 2026-04-02t00:16:41.000z pulling cache layer from registry 2026-04-02t00:16:41.000z,Infrastructure Error,build,high,Runner or external service instability,233.0
"2026-04-01T23:27:43.000Z ##[group]Run CI for nodejs/node
2026-04-01T23:27:43.000Z Runner image: windows-latest
2026-04-01T23:27:43.000Z Language: rust
2026-04-01T23:27:43.000Z make build-ci -j4
2026-04-01T23:27:43.000Z gcc: fatal error: cannot execute 'cc1plus': No such file or directory
2026-04-01T23:27:43.000Z ##[error]Build failed with exit code 2",2026-04-01t23:27:43.000z group run ci for nodejs/node 2026-04-01t23:27:43.000z runner image: windows-latest 2026-04-01t23:27:43.000z language: rust 2026-04-01t23:27:43.000z make build-ci -j4 2026-04-01t23:27:43.000z gcc: fatal,Build Failure,build,high,Compilation or packaging process failed,226.0
"2026-04-01T11:30:31.000Z ##[group]Run CI for vercel/next.js
2026-04-01T11:30:31.000Z Runner image: ubuntu-latest
2026-04-01T11:30:31.000Z Language: go
2026-04-01T11:30:31.000Z src/auth/handler.py:159: SyntaxError: unexpected token '='
2026-04-01T11:30:31.000Z pylint: E0001 syntax-error
2026-04-01T11:30:31.000Z ##[error]Build stopped due to syntax error",2026-04-01t11:30:31.000z group run ci for vercel/next.js 2026-04-01t11:30:31.000z runner image: ubuntu-latest 2026-04-01t11:30:31.000z language: go 2026-04-01t11:30:31.000z src/auth/handler.py:159: syntaxerror: unexpected token 2026-04-01t11:30:31.000z pylint:,Syntax Error,build,high,Invalid code syntax detected by compiler or linter,260.0
"2026-04-01T13:48:26.000Z ##[group]Run CI for tensorflow/tensorflow
2026-04-01T13:48:26.000Z Runner image: macos-latest
2026-04-01T13:48:26.000Z Language: python
2026-04-01T13:48:26.000Z Starting module worker
2026-04-01T13:48:26.000Z Traceback (most recent call last): ValueError: invalid state transition in worker
2026-04-01T13:48:26.000Z ##[error]Runtime exception in test process",2026-04-01t13:48:26.000z group run ci for tensorflow/tensorflow 2026-04-01t13:48:26.000z runner image: macos-latest 2026-04-01t13:48:26.000z language: python 2026-04-01t13:48:26.000z starting module worker 2026-04-01t13:48:26.000z traceback most,Runtime Error,test,medium,Unhandled exception during job execution,245.0
"2026-04-01T07:15:38.000Z ##[group]Run CI for tensorflow/tensorflow
2026-04-01T07:15:38.000Z Runner image: windows-latest
2026-04-01T07:15:38.000Z Language: python
2026-04-01T07:15:38.000Z FAIL src/test/java/com/example/ServiceTest.java
2026-04-01T07:15:38.000Z AssertionError: expected 1 but received 18
2026-04-01T07:15:38.000Z ##[error]Test suite failed with exit code 1",2026-04-01t07:15:38.000z group run ci for tensorflow/tensorflow 2026-04-01t07:15:38.000z runner image: windows-latest 2026-04-01t07:15:38.000z language: python 2026-04-01t07:15:38.000z fail src/test/java/com/example/servicetest.java 2026-04-01t07:15:38.000z assertionerror: expected 1,Test Failure,test,medium,Assertion mismatch in CI test suite,284.0
"2026-04-15T12:20:18.000Z ##[group]Run CI for nodejs/node
2026-04-15T12:20:18.000Z Runner image: ubuntu-latest
2026-04-15T12:20:18.000Z Language: go
2026-04-15T12:20:18.000Z pytest -m integration --maxfail=1
2026-04-15T12:20:18.000Z Error: Process timed out after 10 minutes
2026-04-15T12:20:18.000Z ##[error]The operation was canceled",2026-04-15t12:20:18.000z group run ci for nodejs/node 2026-04-15t12:20:18.000z runner image: ubuntu-latest 2026-04-15t12:20:18.000z language: go 2026-04-15t12:20:18.000z pytest -m integration --maxfail 1 2026-04-15t12:20:18.000z,Timeout Error,test,medium,Long-running step exceeded CI timeout threshold,
"2026-04-02T04:00:32.000Z ##[group]Run CI for pytorch/pytorch
2026-04-02T04:00:32.000Z Runner image: ubuntu-latest
2026-04-02T04:00:32.000Z Language: node
2026-04-02T04:00:32.000Z make build-ci -j4
2026-04-02T04:00:32.000Z gcc: fatal error: cannot execute 'cc1plus': No such file or directory
2026-04-02T04:00:32.000Z ##[error]Build failed with exit code 2",2026-04-02t04:00:32.000z group run ci for pytorch/pytorch 2026-04-02t04:00:32.000z runner image: ubuntu-latest 2026-04-02t04:00:32.000z language: node 2026-04-02t04:00:32.000z make build-ci -j4 2026-04-02t04:00:32.000z gcc: fatal,Build Failure,build,high,Compilation or packaging process failed,229.0
"2026-04-15T19:04:21.000Z ##[group]Run CI for spring-projects/spring-boot
2026-04-15T19:04:21.000Z Runner image: ubuntu-latest
2026-04-15T19:04:21.000Z Language: go
2026-04-15T19:04:21.000Z Starting module compiler
2026-04-15T19:04:21.000Z Traceback (most recent call last): ValueError: invalid state transition in compiler
2026-04-15T19:04:21.000Z ##[error]Runtime exception in test process",2026-04-15t19:04:21.000z group run ci for spring-projects/spring-boot 2026-04-15t19:04:21.000z runner image: ubuntu-latest 2026-04-15t19:04:21.000z language: go 2026-04-15t19:04:21.000z starting module compiler 2026-04-15t19:04:21.000z traceback most,Runtime Error,test,medium,Unhandled exception during job execution,
2026-04-05T00:08:18.0581335Z   1) [chromium] › __tests__/e2e/page.spec.ts:286:5 › error is displayed when source has syntax error 2026-04-05T00:08:18.0593058Z     Error: page.waitForFunction: Test timeout of 30000ms exceeded. 2026-04-05T00:08:18.0604331Z     Error Context: test-results/page-error-is-displayed-when-source-has-syntax-error-chromium/error-context.md 2026-04-05T00:08:18.0607684Z     Error: page.waitForFunction: Test timeout of 30000ms exceeded. 2026-04-05T00:08:18.0614063Z     Error Context: test-results/page-error-is-displayed-when-source-has-syntax-error-chromium-retry1/error-context.md,tz chromium testseepagespects error is,Syntax Error,test,medium,Code syntax issue,38.0
"2026-04-12T03:54:58.000Z ##[group]Run CI for microsoft/vscode
2026-04-12T03:54:58.000Z Runner image: ubuntu-latest
2026-04-12T03:54:58.000Z Language: node
2026-04-12T03:54:58.000Z Starting module scheduler
2026-04-12T03:54:58.000Z Traceback (most recent call last): ValueError: invalid state transition in scheduler
2026-04-12T03:54:58.000Z ##[error]Runtime exception in test process",2026-04-12t03:54:58.000z group run ci for microsoft/vscode 2026-04-12t03:54:58.000z runner image: ubuntu-latest 2026-04-12t03:54:58.000z language: node 2026-04-12t03:54:58.000z starting module scheduler 2026-04-12t03:54:58.000z traceback most,Runtime Error,test,medium,Unhandled exception during job execution,
"2026-04-02T02:51:24.000Z ##[group]Run CI for vercel/next.js
2026-04-02T02:51:24.000Z Runner image: macos-latest
2026-04-02T02:51:24.000Z Language: java
2026-04-02T02:51:24.000Z Starting module worker
2026-04-02T02:51:24.000Z Traceback (most recent call last): ValueError: invalid state transition in worker
2026-04-02T02:51:24.000Z ##[error]Runtime exception in test process",2026-04-02t02:51:24.000z group run ci for vercel/next.js 2026-04-02t02:51:24.000z runner image: macos-latest 2026-04-02t02:51:24.000z language: java 2026-04-02t02:51:24.000z starting module worker 2026-04-02t02:51:24.000z traceback most,Runtime Error,test,medium,Unhandled exception during job execution,236.0
"2026-04-01T09:57:08.000Z ##[group]Run CI for spring-projects/spring-boot
2026-04-01T09:57:08.000Z Runner image: windows-latest
2026-04-01T09:57:08.000Z Language: node
2026-04-01T09:57:08.000Z src/auth/handler.py:193: SyntaxError: unexpected token '@'
2026-04-01T09:57:08.000Z pylint: E0001 syntax-error
2026-04-01T09:57:08.000Z ##[error]Build stopped due to syntax error",2026-04-01t09:57:08.000z group run ci for spring-projects/spring-boot 2026-04-01t09:57:08.000z runner image: windows-latest 2026-04-01t09:57:08.000z language: node 2026-04-01t09:57:08.000z src/auth/handler.py:193: syntaxerror: unexpected token 2026-04-01t09:57:08.000z pylint:,Syntax Error,build,high,Invalid code syntax detected by compiler or linter,276.0
"2026-04-01T18:08:58.000Z ##[group]Run CI for angular/angular
2026-04-01T18:08:58.000Z Runner image: ubuntu-latest
2026-04-01T18:08:58.000Z Language: python
2026-04-01T18:08:58.000Z src/cache/handler.py:164: SyntaxError: unexpected token '='
2026-04-01T18:08:58.000Z pylint: E0001 syntax-error
2026-04-01T18:08:58.000Z ##[error]Build stopped due to syntax error",2026-04-01t18:08:58.000z group run ci for angular/angular 2026-04-01t18:08:58.000z runner image: ubuntu-latest 2026-04-01t18:08:58.000z language: python 2026-04-01t18:08:58.000z src/cache/handler.py:164: syntaxerror: unexpected token 2026-04-01t18:08:58.000z pylint:,Syntax Error,build,high,Invalid code syntax detected by compiler or linter,266.0
"2026-04-08T07:24:59.000Z ##[group]Run CI for pytorch/pytorch
2026-04-08T07:24:59.000Z Runner image: macos-latest
2026-04-08T07:24:59.000Z Language: go
2026-04-08T07:24:59.000Z ERROR: Module not found: Cannot resolve 'numpy'
2026-04-08T07:24:59.000Z npm ERR! code E404
2026-04-08T07:24:59.000Z ##[error]Dependency installation failed",2026-04-08t07:24:59.000z group run ci for pytorch/pytorch 2026-04-08t07:24:59.000z runner image: macos-latest 2026-04-08t07:24:59.000z language: go 2026-04-08t07:24:59.000z error: module not found: cannot resolve,Dependency Error,build,high,Missing package or unresolved module dependency,
"2026-04-15T21:52:09.000Z ##[group]Run CI for pytorch/pytorch
2026-04-15T21:52:09.000Z Runner image: macos-latest
2026-04-15T21:52:09.000Z Language: node
2026-04-15T21:52:09.000Z helm upgrade --install api ./charts/api
2026-04-15T21:52:09.000Z Error: UPGRADE FAILED: timed out waiting for the condition
2026-04-15T21:52:09.000Z ##[error]Deployment failed in production stage",2026-04-15t21:52:09.000z group run ci for pytorch/pytorch 2026-04-15t21:52:09.000z runner image: macos-latest 2026-04-15t21:52:09.000z language: node 2026-04-15t21:52:09.000z helm upgrade --install api ./charts/api 2026-04-15t21:52:09.000z,Deployment Error,deploy,high,Release or deployment command failed,
"2026-04-08T08:02:30.000Z ##[group]Run CI for vercel/next.js
2026-04-08T08:02:30.000Z Runner image: ubuntu-latest
2026-04-08T08:02:30.000Z Language: python
2026-04-08T08:02:30.000Z src/auth/handler.py:47: SyntaxError: unexpected token ')'
2026-04-08T08:02:30.000Z pylint: E0001 syntax-error
2026-04-08T08:02:30.000Z ##[error]Build stopped due to syntax error",2026-04-08t08:02:30.000z group run ci for vercel/next.js 2026-04-08t08:02:30.000z runner image: ubuntu-latest 2026-04-08t08:02:30.000z language: python 2026-04-08t08:02:30.000z src/auth/handler.py:47: syntaxerror: unexpected token 2026-04-08t08:02:30.000z pylint:,Syntax Error,build,high,Invalid code syntax detected by compiler or linter,
"2026-04-01T14:22:45.000Z ##[group]Run CI for spring-projects/spring-boot
2026-04-01T14:22:45.000Z Runner image: macos-latest
2026-04-01T14:22:45.000Z Language: node
2026-04-01T14:22:45.000Z pytest -m integration --maxfail=1
2026-04-01T14:22:45.000Z Error: Process timed out after 30 minutes
2026-04-01T14:22:45.000Z ##[error]The operation was canceled",2026-04-01t14:22:45.000z group run ci for spring-projects/spring-boot 2026-04-01t14:22:45.000z runner image: macos-latest 2026-04-01t14:22:45.000z language: node 2026-04-01t14:22:45.000z pytest -m integration --maxfail 1 2026-04-01t14:22:45.000z,Timeout Error,test,medium,Long-running step exceeded CI timeout threshold,245.0
"2026-04-01T16:40:40.000Z ##[group]Run CI for spring-projects/spring-boot
2026-04-01T16:40:40.000Z Runner image: windows-latest
2026-04-01T16:40:40.000Z Language: python
2026-04-01T16:40:40.000Z aws secretsmanager get-secret-value --secret-id docker-token
2026-04-01T16:40:40.000Z AccessDeniedException: User is not authorized to perform secretsmanager:GetSecretValue
2026-04-01T16:40:40.000Z ##[error]permission denied while accessing deployment secret",2026-04-01t16:40:40.000z group run ci for spring-projects/spring-boot 2026-04-01t16:40:40.000z runner image: windows-latest 2026-04-01t16:40:40.000z language: python 2026-04-01t16:40:40.000z aws secretsmanager get-secret-value --secret-id docker-token 2026-04-01t16:40:40.000z,Permission Error,deploy,high,"Token, role, or filesystem permission denied",276.0
"2026-04-01T13:50:32.000Z ##[group]Run CI for django/django
2026-04-01T13:50:32.000Z Runner image: ubuntu-latest
2026-04-01T13:50:32.000Z Language: node
2026-04-01T13:50:32.000Z pytest -m integration --maxfail=1
2026-04-01T13:50:32.000Z Error: Process timed out after 20 minutes
2026-04-01T13:50:32.000Z ##[error]The operation was canceled",2026-04-01t13:50:32.000z group run ci for django/django 2026-04-01t13:50:32.000z runner image: ubuntu-latest 2026-04-01t13:50:32.000z language: node 2026-04-01t13:50:32.000z pytest -m integration --maxfail 1 2026-04-01t13:50:32.000z,Timeout Error,test,medium,Long-running step exceeded CI timeout threshold,232.0
"2026-04-01T14:24:23.000Z ##[group]Run CI for apache/spark
2026-04-01T14:24:23.000Z Runner image: macos-latest
2026-04-01T14:24:23.000Z Language: rust
2026-04-01T14:24:23.000Z pytest -m integration --maxfail=1
2026-04-01T14:24:23.000Z Error: Process timed out after 20 minutes
2026-04-01T14:24:23.000Z ##[error]The operation was canceled",2026-04-01t14:24:23.000z group run ci for apache/spark 2026-04-01t14:24:23.000z runner image: macos-latest 2026-04-01t14:24:23.000z language: rust 2026-04-01t14:24:23.000z pytest -m integration --maxfail 1 2026-04-01t14:24:23.000z,Timeout Error,test,medium,Long-running step exceeded CI timeout threshold,230.0
"2026-04-01T23:10:34.000Z ##[group]Run CI for vercel/next.js
2026-04-01T23:10:34.000Z Runner image: windows-latest
2026-04-01T23:10:34.000Z Language: python
2026-04-01T23:10:34.000Z Pulling cache layer from registry
2026-04-01T23:10:34.000Z error: failed to solve: no space left on device
2026-04-01T23:10:34.000Z ##[error]Runner disk pressure caused job failure",2026-04-01t23:10:34.000z group run ci for vercel/next.js 2026-04-01t23:10:34.000z runner image: windows-latest 2026-04-01t23:10:34.000z language: python 2026-04-01t23:10:34.000z pulling cache layer from registry 2026-04-01t23:10:34.000z,Infrastructure Error,build,high,Runner or external service instability,236.0
"2026-04-02T06:20:52.000Z ##[group]Run CI for microsoft/vscode
2026-04-02T06:20:52.000Z Runner image: macos-latest
2026-04-02T06:20:52.000Z Language: node
2026-04-02T06:20:52.000Z make build-ci -j4
2026-04-02T06:20:52.000Z gcc: fatal error: cannot execute 'cc1plus': No such file or directory
2026-04-02T06:20:52.000Z ##[error]Build failed with exit code 2",2026-04-02t06:20:52.000z group run ci for microsoft/vscode 2026-04-02t06:20:52.000z runner image: macos-latest 2026-04-02t06:20:52.000z language: node 2026-04-02t06:20:52.000z make build-ci -j4 2026-04-02t06:20:52.000z gcc: fatal,Build Failure,build,high,Compilation or packaging process failed,229.0
"2026-04-08T11:50:56.000Z ##[group]Run CI for spring-projects/spring-boot
2026-04-08T11:50:56.000Z Runner image: windows-latest
2026-04-08T11:50:56.000Z Language: rust
2026-04-08T11:50:56.000Z make build-ci -j4
2026-04-08T11:50:56.000Z gcc: fatal error: cannot execute 'cc1plus': No such file or directory
2026-04-08T11:50:56.000Z ##[error]Build failed with exit code 2",2026-04-08t11:50:56.000z group run ci for spring-projects/spring-boot 2026-04-08t11:50:56.000z runner image: windows-latest 2026-04-08t11:50:56.000z language: rust 2026-04-08t11:50:56.000z make build-ci -j4 2026-04-08t11:50:56.000z gcc: fatal,Build Failure,build,high,Compilation or packaging process failed,
"2026-04-02T12:15:11.000Z ##[group]Run CI for angular/angular
2026-04-02T12:15:11.000Z Runner image: macos-latest
2026-04-02T12:15:11.000Z Language: java
2026-04-02T12:15:11.000Z validating .github/workflows/ci.yml
2026-04-02T12:15:11.000Z workflow syntax error: Unexpected value 'stepz'
2026-04-02T12:15:11.000Z ##[error]Invalid workflow configuration",2026-04-02t12:15:11.000z group run ci for angular/angular 2026-04-02t12:15:11.000z runner image: macos-latest 2026-04-02t12:15:11.000z language: java 2026-04-02t12:15:11.000z validating .github/workflows/ci.yml 2026-04-02t12:15:11.000z workflow syntax error:,Configuration Error,build,high,Invalid workflow configuration or environment variable,258.0
"2026-04-01T17:04:09.000Z ##[group]Run CI for apache/spark
2026-04-01T17:04:09.000Z Runner image: ubuntu-latest
2026-04-01T17:04:09.000Z Language: java
2026-04-01T17:04:09.000Z make build-ci -j4
2026-04-01T17:04:09.000Z gcc: fatal error: cannot execute 'cc1plus': No such file or directory
2026-04-01T17:04:09.000Z ##[error]Build failed with exit code 2",2026-04-01t17:04:09.000z group run ci for apache/spark 2026-04-01t17:04:09.000z runner image: ubuntu-latest 2026-04-01t17:04:09.000z language: java 2026-04-01t17:04:09.000z make build-ci -j4 2026-04-01t17:04:09.000z gcc: fatal,Build Failure,build,high,Compilation or packaging process failed,226.0
"2026-04-08T15:20:04.000Z ##[group]Run CI for apache/spark
2026-04-08T15:20:04.000Z Runner image: macos-latest
2026-04-08T15:20:04.000Z Language: node
2026-04-08T15:20:04.000Z Pulling cache layer from registry
2026-04-08T15:20:04.000Z error: failed to solve: no space left on device
2026-04-08T15:20:04.000Z ##[error]Runner disk pressure caused job failure",2026-04-08t15:20:04.000z group run ci for apache/spark 2026-04-08t15:20:04.000z runner image: macos-latest 2026-04-08t15:20:04.000z language: node 2026-04-08t15:20:04.000z pulling cache layer from registry 2026-04-08t15:20:04.000z,Infrastructure Error,build,high,Runner or external service instability,
"2026-04-02T14:08:29.000Z ##[group]Run CI for nodejs/node
2026-04-02T14:08:29.000Z Runner image: macos-latest
2026-04-02T14:08:29.000Z Language: node
2026-04-02T14:08:29.000Z helm upgrade --install api ./charts/api
2026-04-02T14:08:29.000Z Error: UPGRADE FAILED: timed out waiting for the condition
2026-04-02T14:08:29.000Z ##[error]Deployment failed in production stage",2026-04-02t14:08:29.000z group run ci for nodejs/node 2026-04-02t14:08:29.000z runner image: macos-latest 2026-04-02t14:08:29.000z language: node 2026-04-02t14:08:29.000z helm upgrade --install api ./charts/api 2026-04-02t14:08:29.000z,Deployment Error,deploy,high,Release or deployment command failed,235.0
2026-04-01T04:45:58.8568040Z PASS scripts/eslint-rules/__tests__/prod-error-codes-test.internal.js 2026-04-01T04:45:59.0401700Z PASS scripts/error-codes/__tests__/invertObject-test.js 2026-04-01T04:45:54.1701098Z PASS packages/react-reconciler/src/__tests__/ReactIncrementalErrorHandling-test.internal.js 2026-04-01T04:46:03.9892330Z PASS packages/react-dom/src/__tests__/ReactDOMConsoleErrorReporting-test.js 2026-04-01T04:46:10.9365226Z PASS scripts/error-codes/__tests__/transform-error-messages.js,tz pass scriptseslintrulestestsproderrorcodestestinternaljs tz pass,Test Failure,test,medium,Assertion or test case failure,67.0
"2026-04-01T15:08:07.000Z ##[group]Run CI for microsoft/vscode
2026-04-01T15:08:07.000Z Runner image: macos-latest
2026-04-01T15:08:07.000Z Language: rust
2026-04-01T15:08:07.000Z src/scheduler/handler.py:362: SyntaxError: unexpected token '['
2026-04-01T15:08:07.000Z pylint: E0001 syntax-error
2026-04-01T15:08:07.000Z ##[error]Build stopped due to syntax error",2026-04-01t15:08:07.000z group run ci for microsoft/vscode 2026-04-01t15:08:07.000z runner image: macos-latest 2026-04-01t15:08:07.000z language: rust 2026-04-01t15:08:07.000z src/scheduler/handler.py:362: syntaxerror: unexpected token 2026-04-01t15:08:07.000z pylint:,Syntax Error,build,high,Invalid code syntax detected by compiler or linter,268.0
"2026-04-01T12:43:58.000Z ##[group]Run CI for tensorflow/tensorflow
2026-04-01T12:43:58.000Z Runner image: macos-latest
2026-04-01T12:43:58.000Z Language: rust
2026-04-01T12:43:58.000Z make build-ci -j4
2026-04-01T12:43:58.000Z gcc: fatal error: cannot execute 'cc1plus': No such file or directory
2026-04-01T12:43:58.000Z ##[error]Build failed with exit code 2",2026-04-01t12:43:58.000z group run ci for tensorflow/tensorflow 2026-04-01t12:43:58.000z runner image: macos-latest 2026-04-01t12:43:58.000z language: rust 2026-04-01t12:43:58.000z make build-ci -j4 2026-04-01t12:43:58.000z gcc: fatal,Build Failure,build,high,Compilation or packaging process failed,234.0
"2026-04-01T07:28:15.000Z ##[group]Run CI for facebook/react
2026-04-01T07:28:15.000Z Runner image: windows-latest
2026-04-01T07:28:15.000Z Language: java
2026-04-01T07:28:15.000Z FAIL packages/react-dom/src/__tests__/hydration.test.js
2026-04-01T07:28:15.000Z AssertionError: expected 4 but received 19
2026-04-01T07:28:15.000Z ##[error]Test suite failed with exit code 1",2026-04-01t07:28:15.000z group run ci for facebook/react 2026-04-01t07:28:15.000z runner image: windows-latest 2026-04-01t07:28:15.000z language: java 2026-04-01t07:28:15.000z fail packages/react-dom/src/__tests__/hydration.test.js 2026-04-01t07:28:15.000z assertionerror: expected 4,Test Failure,test,medium,Assertion mismatch in CI test suite,283.0
"2026-04-01T20:54:45.000Z ##[group]Run CI for apache/spark
2026-04-01T20:54:45.000Z Runner image: ubuntu-latest
2026-04-01T20:54:45.000Z Language: java
2026-04-01T20:54:45.000Z aws secretsmanager get-secret-value --secret-id docker-token
2026-04-01T20:54:45.000Z AccessDeniedException: User is not authorized to perform secretsmanager:GetSecretValue
2026-04-01T20:54:45.000Z ##[error]permission denied while accessing deployment secret",2026-04-01t20:54:45.000z group run ci for apache/spark 2026-04-01t20:54:45.000z runner image: ubuntu-latest 2026-04-01t20:54:45.000z language: java 2026-04-01t20:54:45.000z aws secretsmanager get-secret-value --secret-id docker-token 2026-04-01t20:54:45.000z,Permission Error,deploy,high,"Token, role, or filesystem permission denied",258.0
"2026-04-02T07:20:29.000Z ##[group]Run CI for facebook/react
2026-04-02T07:20:29.000Z Runner image: windows-latest
2026-04-02T07:20:29.000Z Language: node
2026-04-02T07:20:29.000Z Starting module router
2026-04-02T07:20:29.000Z Traceback (most recent call last): ValueError: invalid state transition in router
2026-04-02T07:20:29.000Z ##[error]Runtime exception in test process",2026-04-02t07:20:29.000z group run ci for facebook/react 2026-04-02t07:20:29.000z runner image: windows-latest 2026-04-02t07:20:29.000z language: node 2026-04-02t07:20:29.000z starting module router 2026-04-02t07:20:29.000z traceback most,Runtime Error,test,medium,Unhandled exception during job execution,238.0
"2026-04-01T09:23:55.000Z ##[group]Run CI for spring-projects/spring-boot
2026-04-01T09:23:55.000Z Runner image: macos-latest
2026-04-01T09:23:55.000Z Language: java
2026-04-01T09:23:55.000Z src/worker/handler.py:61: SyntaxError: unexpected token '['
2026-04-01T09:23:55.000Z pylint: E0001 syntax-error
2026-04-01T09:23:55.000Z ##[error]Build stopped due to syntax error",2026-04-01t09:23:55.000z group run ci for spring-projects/spring-boot 2026-04-01t09:23:55.000z runner image: macos-latest 2026-04-01t09:23:55.000z language: java 2026-04-01t09:23:55.000z src/worker/handler.py:61: syntaxerror: unexpected token 2026-04-01t09:23:55.000z pylint:,Syntax Error,build,high,Invalid code syntax detected by compiler or linter,275.0
"2026-04-02T08:15:21.000Z ##[group]Run CI for vercel/next.js
2026-04-02T08:15:21.000Z Runner image: windows-latest
2026-04-02T08:15:21.000Z Language: java
2026-04-02T08:15:21.000Z Pulling cache layer from registry
2026-04-02T08:15:21.000Z error: failed to solve: no space left on device
2026-04-02T08:15:21.000Z ##[error]Runner disk pressure caused job failure",2026-04-02t08:15:21.000z group run ci for vercel/next.js 2026-04-02t08:15:21.000z runner image: windows-latest 2026-04-02t08:15:21.000z language: java 2026-04-02t08:15:21.000z pulling cache layer from registry 2026-04-02t08:15:21.000z,Infrastructure Error,build,high,Runner or external service instability,234.0
"2026-04-01T22:18:28.000Z ##[group]Run CI for microsoft/vscode
2026-04-01T22:18:28.000Z Runner image: ubuntu-latest
2026-04-01T22:18:28.000Z Language: rust
2026-04-01T22:18:28.000Z helm upgrade --install api ./charts/api
2026-04-01T22:18:28.000Z Error: UPGRADE FAILED: timed out waiting for the condition
2026-04-01T22:18:28.000Z ##[error]Deployment failed in production stage",2026-04-01t22:18:28.000z group run ci for microsoft/vscode 2026-04-01t22:18:28.000z runner image: ubuntu-latest 2026-04-01t22:18:28.000z language: rust 2026-04-01t22:18:28.000z helm upgrade --install api ./charts/api 2026-04-01t22:18:28.000z,Deployment Error,deploy,high,Release or deployment command failed,241.0
"2026-04-01T23:26:51.000Z ##[group]Run CI for angular/angular
2026-04-01T23:26:51.000Z Runner image: ubuntu-latest
2026-04-01T23:26:51.000Z Language: node
2026-04-01T23:26:51.000Z Pulling cache layer from registry
2026-04-01T23:26:51.000Z error: failed to solve: no space left on device
2026-04-01T23:26:51.000Z ##[error]Runner disk pressure caused job failure",2026-04-01t23:26:51.000z group run ci for angular/angular 2026-04-01t23:26:51.000z runner image: ubuntu-latest 2026-04-01t23:26:51.000z language: node 2026-04-01t23:26:51.000z pulling cache layer from registry 2026-04-01t23:26:51.000z,Infrastructure Error,build,high,Runner or external service instability,234.0
"2026-04-08T14:28:46.000Z ##[group]Run CI for nodejs/node
2026-04-08T14:28:46.000Z Runner image: ubuntu-latest
2026-04-08T14:28:46.000Z Language: rust
2026-04-08T14:28:46.000Z helm upgrade --install api ./charts/api
2026-04-08T14:28:46.000Z Error: UPGRADE FAILED: timed out waiting for the condition
2026-04-08T14:28:46.000Z ##[error]Deployment failed in production stage",2026-04-08t14:28:46.000z group run ci for nodejs/node 2026-04-08t14:28:46.000z runner image: ubuntu-latest 2026-04-08t14:28:46.000z language: rust 2026-04-08t14:28:46.000z helm upgrade --install api ./charts/api 2026-04-08t14:28:46.000z,Deployment Error,deploy,high,Release or deployment command failed,
"2026-04-08T08:54:27.000Z ##[group]Run CI for django/django
2026-04-08T08:54:27.000Z Runner image: windows-latest
2026-04-08T08:54:27.000Z Language: go
2026-04-08T08:54:27.000Z src/cache/handler.py:385: SyntaxError: unexpected token '=>'
2026-04-08T08:54:27.000Z pylint: E0001 syntax-error
2026-04-08T08:54:27.000Z ##[error]Build stopped due to syntax error",2026-04-08t08:54:27.000z group run ci for django/django 2026-04-08t08:54:27.000z runner image: windows-latest 2026-04-08t08:54:27.000z language: go 2026-04-08t08:54:27.000z src/cache/handler.py:385: syntaxerror: unexpected token 2026-04-08t08:54:27.000z pylint:,Syntax Error,build,high,Invalid code syntax detected by compiler or linter,
"2026-04-12T04:54:14.000Z ##[group]Run CI for tensorflow/tensorflow
2026-04-12T04:54:14.000Z Runner image: windows-latest
2026-04-12T04:54:14.000Z Language: java
2026-04-12T04:54:14.000Z helm upgrade --install api ./charts/api
2026-04-12T04:54:14.000Z Error: UPGRADE FAILED: timed out waiting for the condition
2026-04-12T04:54:14.000Z ##[error]Deployment failed in production stage",2026-04-12t04:54:14.000z group run ci for tensorflow/tensorflow 2026-04-12t04:54:14.000z runner image: windows-latest 2026-04-12t04:54:14.000z language: java 2026-04-12t04:54:14.000z helm upgrade --install api ./charts/api 2026-04-12t04:54:14.000z,Deployment Error,deploy,high,Release or deployment command failed,
"2026-04-15T15:28:17.000Z ##[group]Run CI for microsoft/vscode
2026-04-15T15:28:17.000Z Runner image: macos-latest
2026-04-15T15:28:17.000Z Language: java
2026-04-15T15:28:17.000Z make build-ci -j4
2026-04-15T15:28:17.000Z gcc: fatal error: cannot execute 'cc1plus': No such file or directory
2026-04-15T15:28:17.000Z ##[error]Build failed with exit code 2",2026-04-15t15:28:17.000z group run ci for microsoft/vscode 2026-04-15t15:28:17.000z runner image: macos-latest 2026-04-15t15:28:17.000z language: java 2026-04-15t15:28:17.000z make build-ci -j4 2026-04-15t15:28:17.000z gcc: fatal,Build Failure,build,high,Compilation or packaging process failed,
"2026-04-08T12:58:36.000Z ##[group]Run CI for pytorch/pytorch
2026-04-08T12:58:36.000Z Runner image: windows-latest
2026-04-08T12:58:36.000Z Language: python
2026-04-08T12:58:36.000Z Starting module billing
2026-04-08T12:58:36.000Z Traceback (most recent call last): ValueError: invalid state transition in billing
2026-04-08T12:58:36.000Z ##[error]Runtime exception in test process",2026-04-08t12:58:36.000z group run ci for pytorch/pytorch 2026-04-08t12:58:36.000z runner image: windows-latest 2026-04-08t12:58:36.000z language: python 2026-04-08t12:58:36.000z starting module billing 2026-04-08t12:58:36.000z traceback most,Runtime Error,test,medium,Unhandled exception during job execution,
"2026-04-02T11:40:05.000Z ##[group]Run CI for django/django
2026-04-02T11:40:05.000Z Runner image: windows-latest
2026-04-02T11:40:05.000Z Language: node
2026-04-02T11:40:05.000Z helm upgrade --install api ./charts/api
2026-04-02T11:40:05.000Z Error: UPGRADE FAILED: timed out waiting for the condition
2026-04-02T11:40:05.000Z ##[error]Deployment failed in production stage",2026-04-02t11:40:05.000z group run ci for django/django 2026-04-02t11:40:05.000z runner image: windows-latest 2026-04-02t11:40:05.000z language: node 2026-04-02t11:40:05.000z helm upgrade --install api ./charts/api 2026-04-02t11:40:05.000z,Deployment Error,deploy,high,Release or deployment command failed,239.0
"2026-04-01T12:45:19.000Z ##[group]Run CI for apache/spark
2026-04-01T12:45:19.000Z Runner image: ubuntu-latest
2026-04-01T12:45:19.000Z Language: java
2026-04-01T12:45:19.000Z make build-ci -j4
2026-04-01T12:45:19.000Z gcc: fatal error: cannot execute 'cc1plus': No such file or directory
2026-04-01T12:45:19.000Z ##[error]Build failed with exit code 2",2026-04-01t12:45:19.000z group run ci for apache/spark 2026-04-01t12:45:19.000z runner image: ubuntu-latest 2026-04-01t12:45:19.000z language: java 2026-04-01t12:45:19.000z make build-ci -j4 2026-04-01t12:45:19.000z gcc: fatal,Build Failure,build,high,Compilation or packaging process failed,226.0
"2026-04-02T01:12:11.000Z ##[group]Run CI for facebook/react
2026-04-02T01:12:11.000Z Runner image: windows-latest
2026-04-02T01:12:11.000Z Language: java
2026-04-02T01:12:11.000Z validating .github/workflows/ci.yml
2026-04-02T01:12:11.000Z workflow syntax error: Unexpected value 'stepz'
2026-04-02T01:12:11.000Z ##[error]Invalid workflow configuration",2026-04-02t01:12:11.000z group run ci for facebook/react 2026-04-02t01:12:11.000z runner image: windows-latest 2026-04-02t01:12:11.000z language: java 2026-04-02t01:12:11.000z validating .github/workflows/ci.yml 2026-04-02t01:12:11.000z workflow syntax error:,Configuration Error,build,high,Invalid workflow configuration or environment variable,259.0
"2026-04-08T09:32:49.000Z ##[group]Run CI for spring-projects/spring-boot
2026-04-08T09:32:49.000Z Runner image: windows-latest
2026-04-08T09:32:49.000Z Language: rust
2026-04-08T09:32:49.000Z pytest -m integration --maxfail=1
2026-04-08T09:32:49.000Z Error: Process timed out after 30 minutes
2026-04-08T09:32:49.000Z ##[error]The operation was canceled",2026-04-08t09:32:49.000z group run ci for spring-projects/spring-boot 2026-04-08t09:32:49.000z runner image: windows-latest 2026-04-08t09:32:49.000z language: rust 2026-04-08t09:32:49.000z pytest -m integration --maxfail 1 2026-04-08t09:32:49.000z,Timeout Error,test,medium,Long-running step exceeded CI timeout threshold,
"2026-04-11T22:06:35.000Z ##[group]Run CI for pytorch/pytorch
2026-04-11T22:06:35.000Z Runner image: windows-latest
2026-04-11T22:06:35.000Z Language: rust
2026-04-11T22:06:35.000Z pytest -m integration --maxfail=1
2026-04-11T22:06:35.000Z Error: Process timed out after 10 minutes
2026-04-11T22:06:35.000Z ##[error]The operation was canceled",2026-04-11t22:06:35.000z group run ci for pytorch/pytorch 2026-04-11t22:06:35.000z runner image: windows-latest 2026-04-11t22:06:35.000z language: rust 2026-04-11t22:06:35.000z pytest -m integration --maxfail 1 2026-04-11t22:06:35.000z,Timeout Error,test,medium,Long-running step exceeded CI timeout threshold,
"2026-04-15T08:48:50.000Z ##[group]Run CI for facebook/react
2026-04-15T08:48:50.000Z Runner image: windows-latest
2026-04-15T08:48:50.000Z Language: java
2026-04-15T08:48:50.000Z ERROR: Module not found: Cannot resolve 'spring-core'
2026-04-15T08:48:50.000Z npm ERR! code E404
2026-04-15T08:48:50.000Z ##[error]Dependency installation failed",2026-04-15t08:48:50.000z group run ci for facebook/react 2026-04-15t08:48:50.000z runner image: windows-latest 2026-04-15t08:48:50.000z language: java 2026-04-15t08:48:50.000z error: module not found: cannot resolve,Dependency Error,build,high,Missing package or unresolved module dependency,
"2026-04-12T05:15:32.000Z ##[group]Run CI for microsoft/vscode
2026-04-12T05:15:32.000Z Runner image: windows-latest
2026-04-12T05:15:32.000Z Language: rust
2026-04-12T05:15:32.000Z helm upgrade --install api ./charts/api
2026-04-12T05:15:32.000Z Error: UPGRADE FAILED: timed out waiting for the condition
2026-04-12T05:15:32.000Z ##[error]Deployment failed in production stage",2026-04-12t05:15:32.000z group run ci for microsoft/vscode 2026-04-12t05:15:32.000z runner image: windows-latest 2026-04-12t05:15:32.000z language: rust 2026-04-12t05:15:32.000z helm upgrade --install api ./charts/api 2026-04-12t05:15:32.000z,Deployment Error,deploy,high,Release or deployment command failed,
"2026-04-01T21:48:30.000Z ##[group]Run CI for facebook/react
2026-04-01T21:48:30.000Z Runner image: windows-latest
2026-04-01T21:48:30.000Z Language: rust
2026-04-01T21:48:30.000Z aws secretsmanager get-secret-value --secret-id docker-token
2026-04-01T21:48:30.000Z AccessDeniedException: User is not authorized to perform secretsmanager:GetSecretValue
2026-04-01T21:48:30.000Z ##[error]permission denied while accessing deployment secret",2026-04-01t21:48:30.000z group run ci for facebook/react 2026-04-01t21:48:30.000z runner image: windows-latest 2026-04-01t21:48:30.000z language: rust 2026-04-01t21:48:30.000z aws secretsmanager get-secret-value --secret-id docker-token 2026-04-01t21:48:30.000z,Permission Error,deploy,high,"Token, role, or filesystem permission denied",261.0
"2026-04-08T04:33:13.5391846Z integration_tests/basic_full_flow.py::BasicFlowTest::test_basic_fit FAILED [ 50%] 2026-04-08T04:33:14.3152550Z             loss=losses.MeanSquaredError(), 2026-04-08T04:33:14.3152845Z             metrics=[metrics.MeanSquaredError()], 2026-04-08T04:33:14.3155409Z keras/src/utils/traceback_utils.py:113: in error_handler 2026-04-08T04:33:14.3158181Z test_env/lib/python3.11/site-packages/tensorflow/python/util/traceback_utils.py:167: in error_handler",tz integrationtestsbasicfullflowpybasicflowtesttestbasicfit failed tz losslossesmeansquarederror,Test Failure,test,medium,Assertion or test case failure,96.0
"2026-04-04T22:27:39.000Z ##[group]Run CI for pytorch/pytorch
2026-04-04T22:27:39.000Z Runner image: windows-latest
2026-04-04T22:27:39.000Z Language: python
2026-04-04T22:27:39.000Z helm upgrade --install api ./charts/api
2026-04-04T22:27:39.000Z Error: UPGRADE FAILED: timed out waiting for the condition
2026-04-04T22:27:39.000Z ##[error]Deployment failed in production stage",2026-04-04t22:27:39.000z group run ci for pytorch/pytorch 2026-04-04t22:27:39.000z runner image: windows-latest 2026-04-04t22:27:39.000z language: python 2026-04-04t22:27:39.000z helm upgrade --install api ./charts/api 2026-04-04t22:27:39.000z,Deployment Error,deploy,high,Release or deployment command failed,
"2026-04-15T09:56:46.000Z ##[group]Run CI for facebook/react
2026-04-15T09:56:46.000Z Runner image: windows-latest
2026-04-15T09:56:46.000Z Language: java
2026-04-15T09:56:46.000Z src/cache/handler.py:249: SyntaxError: unexpected token '=>'
2026-04-15T09:56:46.000Z pylint: E0001 syntax-error
2026-04-15T09:56:46.000Z ##[error]Build stopped due to syntax error",2026-04-15t09:56:46.000z group run ci for facebook/react 2026-04-15t09:56:46.000z runner image: windows-latest 2026-04-15t09:56:46.000z language: java 2026-04-15t09:56:46.000z src/cache/handler.py:249: syntaxerror: unexpected token 2026-04-15t09:56:46.000z pylint:,Syntax Error,build,high,Invalid code syntax detected by compiler or linter,
"2026-04-04T20:38:29.000Z ##[group]Run CI for django/django
2026-04-04T20:38:29.000Z Runner image: ubuntu-latest
2026-04-04T20:38:29.000Z Language: node
2026-04-04T20:38:29.000Z aws secretsmanager get-secret-value --secret-id docker-token
2026-04-04T20:38:29.000Z AccessDeniedException: User is not authorized to perform secretsmanager:GetSecretValue
2026-04-04T20:38:29.000Z ##[error]permission denied while accessing deployment secret",2026-04-04t20:38:29.000z group run ci for django/django 2026-04-04t20:38:29.000z runner image: ubuntu-latest 2026-04-04t20:38:29.000z language: node 2026-04-04t20:38:29.000z aws secretsmanager get-secret-value --secret-id docker-token 2026-04-04t20:38:29.000z,Permission Error,deploy,high,"Token, role, or filesystem permission denied",
"2026-04-08T14:02:45.000Z ##[group]Run CI for tensorflow/tensorflow
2026-04-08T14:02:45.000Z Runner image: macos-latest
2026-04-08T14:02:45.000Z Language: node
2026-04-08T14:02:45.000Z helm upgrade --install api ./charts/api
2026-04-08T14:02:45.000Z Error: UPGRADE FAILED: timed out waiting for the condition
2026-04-08T14:02:45.000Z ##[error]Deployment failed in production stage",2026-04-08t14:02:45.000z group run ci for tensorflow/tensorflow 2026-04-08t14:02:45.000z runner image: macos-latest 2026-04-08t14:02:45.000z language: node 2026-04-08t14:02:45.000z helm upgrade --install api ./charts/api 2026-04-08t14:02:45.000z,Deployment Error,deploy,high,Release or deployment command failed,
"2026-04-02T18:24:32.000Z ##[group]Run CI for microsoft/vscode
2026-04-02T18:24:32.000Z Runner image: ubuntu-latest
2026-04-02T18:24:32.000Z Language: python
2026-04-02T18:24:32.000Z Pulling cache layer from registry
2026-04-02T18:24:32.000Z error: failed to solve: no space left on device
2026-04-02T18:24:32.000Z ##[error]Runner disk pressure caused job failure",2026-04-02t18:24:32.000z group run ci for microsoft/vscode 2026-04-02t18:24:32.000z runner image: ubuntu-latest 2026-04-02t18:24:32.000z language: python 2026-04-02t18:24:32.000z pulling cache layer from registry 2026-04-02t18:24:32.000z,Infrastructure Error,build,high,Runner or external service instability,237.0
"2026-04-15T18:04:56.000Z ##[group]Run CI for spring-projects/spring-boot
2026-04-15T18:04:56.000Z Runner image: macos-latest
2026-04-15T18:04:56.000Z Language: node
2026-04-15T18:04:56.000Z Starting module compiler
2026-04-15T18:04:56.000Z Traceback (most recent call last): ValueError: invalid state transition in compiler
2026-04-15T18:04:56.000Z ##[error]Runtime exception in test process",2026-04-15t18:04:56.000z group run ci for spring-projects/spring-boot 2026-04-15t18:04:56.000z runner image: macos-latest 2026-04-15t18:04:56.000z language: node 2026-04-15t18:04:56.000z starting module compiler 2026-04-15t18:04:56.000z traceback most,Runtime Error,test,medium,Unhandled exception during job execution,
"2026-04-08T08:44:19.000Z ##[group]Run CI for angular/angular
2026-04-08T08:44:19.000Z Runner image: macos-latest
2026-04-08T08:44:19.000Z Language: python
2026-04-08T08:44:19.000Z src/worker/handler.py:306: SyntaxError: unexpected token '@'
2026-04-08T08:44:19.000Z pylint: E0001 syntax-error
2026-04-08T08:44:19.000Z ##[error]Build stopped due to syntax error",2026-04-08t08:44:19.000z group run ci for angular/angular 2026-04-08t08:44:19.000z runner image: macos-latest 2026-04-08t08:44:19.000z language: python 2026-04-08t08:44:19.000z src/worker/handler.py:306: syntaxerror: unexpected token 2026-04-08t08:44:19.000z pylint:,Syntax Error,build,high,Invalid code syntax detected by compiler or linter,
"2026-04-01T20:48:15.000Z ##[group]Run CI for nodejs/node
2026-04-01T20:48:15.000Z Runner image: ubuntu-latest
2026-04-01T20:48:15.000Z Language: python
2026-04-01T20:48:15.000Z Starting module router
2026-04-01T20:48:15.000Z Traceback (most recent call last): ValueError: invalid state transition in router
2026-04-01T20:48:15.000Z ##[error]Runtime exception in test process",2026-04-01t20:48:15.000z group run ci for nodejs/node 2026-04-01t20:48:15.000z runner image: ubuntu-latest 2026-04-01t20:48:15.000z language: python 2026-04-01t20:48:15.000z starting module router 2026-04-01t20:48:15.000z traceback most,Runtime Error,test,medium,Unhandled exception during job execution,236.0
"2026-04-16T00:36:36.000Z ##[group]Run CI for vercel/next.js
2026-04-16T00:36:36.000Z Runner image: macos-latest
2026-04-16T00:36:36.000Z Language: java
2026-04-16T00:36:36.000Z validating .github/workflows/ci.yml
2026-04-16T00:36:36.000Z workflow syntax error: Unexpected value 'stepz'
2026-04-16T00:36:36.000Z ##[error]Invalid workflow configuration",2026-04-16t00:36:36.000z group run ci for vercel/next.js 2026-04-16t00:36:36.000z runner image: macos-latest 2026-04-16t00:36:36.000z language: java 2026-04-16t00:36:36.000z validating .github/workflows/ci.yml 2026-04-16t00:36:36.000z workflow syntax error:,Configuration Error,build,high,Invalid workflow configuration or environment variable,
"2026-04-02T03:32:18.000Z ##[group]Run CI for facebook/react
2026-04-02T03:32:18.000Z Runner image: windows-latest
2026-04-02T03:32:18.000Z Language: go
2026-04-02T03:32:18.000Z make build-ci -j4
2026-04-02T03:32:18.000Z gcc: fatal error: cannot execute 'cc1plus': No such file or directory
2026-04-02T03:32:18.000Z ##[error]Build failed with exit code 2",2026-04-02t03:32:18.000z group run ci for facebook/react 2026-04-02t03:32:18.000z runner image: windows-latest 2026-04-02t03:32:18.000z language: go 2026-04-02t03:32:18.000z make build-ci -j4 2026-04-02t03:32:18.000z gcc: fatal,Build Failure,build,high,Compilation or packaging process failed,227.0
2026-04-10T05:56:20.3317164Z Removing test/development/app-dir/build-error-logs/build-error-logs.test.ts.results.json 2026-04-10T05:56:20.3319096Z Removing test/development/app-dir/ecmascript-error-title/ecmascript-error-title.test.ts.results.json 2026-04-10T05:56:20.3323344Z Removing test/development/basic/hmr/error-recovery-yes-base-path-yes-asset-prefix.test.ts.results.json 2026-04-10T05:56:20.3331028Z Removing test/e2e/app-dir/app-root-params-getters/generate-static-params-error.test.ts.results.json 2026-04-10T05:56:20.3335743Z Removing test/e2e/app-dir/dedupe-rsc-error-log/dedupe-rsc-error-log.test.ts.results.json,tz removing testdevelopmentappdirbuilderrorlogsbuilderrorlogstesttsresultsjson tz removing,Test Failure,test,medium,Assertion or test case failure,90.0
"2026-04-15T14:24:50.000Z ##[group]Run CI for nodejs/node
2026-04-15T14:24:50.000Z Runner image: windows-latest
2026-04-15T14:24:50.000Z Language: node
2026-04-15T14:24:50.000Z aws secretsmanager get-secret-value --secret-id docker-token
2026-04-15T14:24:50.000Z AccessDeniedException: User is not authorized to perform secretsmanager:GetSecretValue
2026-04-15T14:24:50.000Z ##[error]permission denied while accessing deployment secret",2026-04-15t14:24:50.000z group run ci for nodejs/node 2026-04-15t14:24:50.000z runner image: windows-latest 2026-04-15t14:24:50.000z language: node 2026-04-15t14:24:50.000z aws secretsmanager get-secret-value --secret-id docker-token 2026-04-15t14:24:50.000z,Permission Error,deploy,high,"Token, role, or filesystem permission denied",
"2026-04-10T11:10:10.7560088Z     raise ValueError(""{!r} is not in the subpath of {!r}"" 2026-04-10T11:10:10.7564557Z ValueError: 'unzipped-test-reports-test-distributed-1-3-linux.rocm.gpu.gfx942.4_70742536274/test-reports/dist-nccl-init-env/distributed.test_distributed_spawn/distributed.test_distributed_spawn-ba3f929b7e5bdbc6.json' is not in the subpath of 'unzipped-test-reports-test-distributed-1-3-linux.rocm.gpu.gfx942.4_70742536274/test/test-reports' OR one path is relative and the other is absolute. 2026-04-10T11:10:10.7569541Z Writing 16 documents to S3 ossci-raw-job-status/failed_test_runs/24230059943/1 2026-04-10T11:10:10.7570483Z Done! Finish writing document to S3 ossci-raw-job-status/failed_test_runs/24230059943/1 2026-04-10T11:10:10.8367517Z ##[error]Process completed with exit code 1.",tz raise valueerrorr is not,Test Failure,test,medium,Assertion or test case failure,27.0
"2026-04-01T09:18:18.000Z ##[group]Run CI for django/django
2026-04-01T09:18:18.000Z Runner image: windows-latest
2026-04-01T09:18:18.000Z Language: rust
2026-04-01T09:18:18.000Z src/scheduler/handler.py:162: SyntaxError: unexpected token '='
2026-04-01T09:18:18.000Z pylint: E0001 syntax-error
2026-04-01T09:18:18.000Z ##[error]Build stopped due to syntax error",2026-04-01t09:18:18.000z group run ci for django/django 2026-04-01t09:18:18.000z runner image: windows-latest 2026-04-01t09:18:18.000z language: rust 2026-04-01t09:18:18.000z src/scheduler/handler.py:162: syntaxerror: unexpected token 2026-04-01t09:18:18.000z pylint:,Syntax Error,build,high,Invalid code syntax detected by compiler or linter,267.0
"2026-04-01T03:05:46.1661756Z error Command ""snap"" not found. 2026-04-01T03:05:46.1833622Z error Command failed with exit code 1. 2026-04-01T03:05:46.2007317Z error Command failed. 2026-04-01T03:05:46.2104994Z ##[error]Process completed with exit code 1. 2026-04-01T03:06:23.2773611Z 1725 Tests, 1725 Passed, 0 Failed",tz error command snap not,Test Failure,test,medium,Assertion or test case failure,25.0
"2026-04-04T18:43:21.000Z ##[group]Run CI for apache/spark
2026-04-04T18:43:21.000Z Runner image: ubuntu-latest
2026-04-04T18:43:21.000Z Language: node
2026-04-04T18:43:21.000Z FAIL tests/integration/test_auth_flow.py
2026-04-04T18:43:21.000Z AssertionError: expected 10 but received 19
2026-04-04T18:43:21.000Z ##[error]Test suite failed with exit code 1",2026-04-04t18:43:21.000z group run ci for apache/spark 2026-04-04t18:43:21.000z runner image: ubuntu-latest 2026-04-04t18:43:21.000z language: node 2026-04-04t18:43:21.000z fail tests/integration/test_auth_flow.py 2026-04-04t18:43:21.000z assertionerror: expected 10,Test Failure,test,medium,Assertion mismatch in CI test suite,
"2026-04-01T11:43:19.000Z ##[group]Run CI for spring-projects/spring-boot
2026-04-01T11:43:19.000Z Runner image: ubuntu-latest
2026-04-01T11:43:19.000Z Language: rust
2026-04-01T11:43:19.000Z aws secretsmanager get-secret-value --secret-id docker-token
2026-04-01T11:43:19.000Z AccessDeniedException: User is not authorized to perform secretsmanager:GetSecretValue
2026-04-01T11:43:19.000Z ##[error]permission denied while accessing deployment secret",2026-04-01t11:43:19.000z group run ci for spring-projects/spring-boot 2026-04-01t11:43:19.000z runner image: ubuntu-latest 2026-04-01t11:43:19.000z language: rust 2026-04-01t11:43:19.000z aws secretsmanager get-secret-value --secret-id docker-token 2026-04-01t11:43:19.000z,Permission Error,deploy,high,"Token, role, or filesystem permission denied",273.0
"2026-04-15T17:44:27.000Z ##[group]Run CI for facebook/react
2026-04-15T17:44:27.000Z Runner image: ubuntu-latest
2026-04-15T17:44:27.000Z Language: go
2026-04-15T17:44:27.000Z Starting module worker
2026-04-15T17:44:27.000Z Traceback (most recent call last): ValueError: invalid state transition in worker
2026-04-15T17:44:27.000Z ##[error]Runtime exception in test process",2026-04-15t17:44:27.000z group run ci for facebook/react 2026-04-15t17:44:27.000z runner image: ubuntu-latest 2026-04-15t17:44:27.000z language: go 2026-04-15t17:44:27.000z starting module worker 2026-04-15t17:44:27.000z traceback most,Runtime Error,test,medium,Unhandled exception during job execution,
2026-03-02T21:34:15.1100000Z Evaluating check_error_codes.if 2026-03-02T21:33:13.0297113Z PASS packages/react-dom/src/__tests__/ReactErrorBoundaries-test.internal.js (17.011 s) 2026-03-02T21:33:16.1068436Z PASS packages/react-dom/src/__tests__/ReactLegacyErrorBoundaries-test.internal.js 2026-03-02T21:33:46.9799835Z PASS packages/react-dom/src/__tests__/ReactErrorBoundariesHooks-test.internal.js 2026-03-02T21:34:08.7247304Z PASS packages/react-reconciler/src/__tests__/ReactErrorStacks-test.js,tz evaluating checkerrorcodesif tz pass,Test Failure,test,medium,Assertion or test case failure,39.0
"2026-04-15T04:32:14.000Z ##[group]Run CI for facebook/react
2026-04-15T04:32:14.000Z Runner image: macos-latest
2026-04-15T04:32:14.000Z Language: node
2026-04-15T04:32:14.000Z FAIL internal/runtime/retry_test.go
2026-04-15T04:32:14.000Z AssertionError: expected 10 but received 15
2026-04-15T04:32:14.000Z ##[error]Test suite failed with exit code 1",2026-04-15t04:32:14.000z group run ci for facebook/react 2026-04-15t04:32:14.000z runner image: macos-latest 2026-04-15t04:32:14.000z language: node 2026-04-15t04:32:14.000z fail internal/runtime/retry_test.go 2026-04-15t04:32:14.000z assertionerror: expected 10,Test Failure,test,medium,Assertion mismatch in CI test suite,
"2026-04-02T00:48:17.000Z ##[group]Run CI for apache/spark
2026-04-02T00:48:17.000Z Runner image: ubuntu-latest
2026-04-02T00:48:17.000Z Language: java
2026-04-02T00:48:17.000Z aws secretsmanager get-secret-value --secret-id docker-token
2026-04-02T00:48:17.000Z AccessDeniedException: User is not authorized to perform secretsmanager:GetSecretValue
2026-04-02T00:48:17.000Z ##[error]permission denied while accessing deployment secret",2026-04-02t00:48:17.000z group run ci for apache/spark 2026-04-02t00:48:17.000z runner image: ubuntu-latest 2026-04-02t00:48:17.000z language: java 2026-04-02t00:48:17.000z aws secretsmanager get-secret-value --secret-id docker-token 2026-04-02t00:48:17.000z,Permission Error,deploy,high,"Token, role, or filesystem permission denied",258.0
"2026-04-12T08:39:54.000Z ##[group]Run CI for tensorflow/tensorflow
2026-04-12T08:39:54.000Z Runner image: macos-latest
2026-04-12T08:39:54.000Z Language: rust
2026-04-12T08:39:54.000Z validating .github/workflows/ci.yml
2026-04-12T08:39:54.000Z workflow syntax error: Unexpected value 'stepz'
2026-04-12T08:39:54.000Z ##[error]Invalid workflow configuration",2026-04-12t08:39:54.000z group run ci for tensorflow/tensorflow 2026-04-12t08:39:54.000z runner image: macos-latest 2026-04-12t08:39:54.000z language: rust 2026-04-12t08:39:54.000z validating .github/workflows/ci.yml 2026-04-12t08:39:54.000z workflow syntax error:,Configuration Error,build,high,Invalid workflow configuration or environment variable,
"2026-04-15T15:56:51.000Z ##[group]Run CI for spring-projects/spring-boot
2026-04-15T15:56:51.000Z Runner image: windows-latest
2026-04-15T15:56:51.000Z Language: node
2026-04-15T15:56:51.000Z make build-ci -j4
2026-04-15T15:56:51.000Z gcc: fatal error: cannot execute 'cc1plus': No such file or directory
2026-04-15T15:56:51.000Z ##[error]Build failed with exit code 2",2026-04-15t15:56:51.000z group run ci for spring-projects/spring-boot 2026-04-15t15:56:51.000z runner image: windows-latest 2026-04-15t15:56:51.000z language: node 2026-04-15t15:56:51.000z make build-ci -j4 2026-04-15t15:56:51.000z gcc: fatal,Build Failure,build,high,Compilation or packaging process failed,
"2026-04-02T13:12:50.000Z ##[group]Run CI for microsoft/vscode
2026-04-02T13:12:50.000Z Runner image: macos-latest
2026-04-02T13:12:50.000Z Language: node
2026-04-02T13:12:50.000Z helm upgrade --install api ./charts/api
2026-04-02T13:12:50.000Z Error: UPGRADE FAILED: timed out waiting for the condition
2026-04-02T13:12:50.000Z ##[error]Deployment failed in production stage",2026-04-02t13:12:50.000z group run ci for microsoft/vscode 2026-04-02t13:12:50.000z runner image: macos-latest 2026-04-02t13:12:50.000z language: node 2026-04-02t13:12:50.000z helm upgrade --install api ./charts/api 2026-04-02t13:12:50.000z,Deployment Error,deploy,high,Release or deployment command failed,240.0
"2026-04-15T12:08:19.000Z ##[group]Run CI for apache/spark
2026-04-15T12:08:19.000Z Runner image: windows-latest
2026-04-15T12:08:19.000Z Language: java
2026-04-15T12:08:19.000Z pytest -m integration --maxfail=1
2026-04-15T12:08:19.000Z Error: Process timed out after 10 minutes
2026-04-15T12:08:19.000Z ##[error]The operation was canceled",2026-04-15t12:08:19.000z group run ci for apache/spark 2026-04-15t12:08:19.000z runner image: windows-latest 2026-04-15t12:08:19.000z language: java 2026-04-15t12:08:19.000z pytest -m integration --maxfail 1 2026-04-15t12:08:19.000z,Timeout Error,test,medium,Long-running step exceeded CI timeout threshold,
"2026-04-11T17:24:10.000Z ##[group]Run CI for tensorflow/tensorflow
2026-04-11T17:24:10.000Z Runner image: windows-latest
2026-04-11T17:24:10.000Z Language: java
2026-04-11T17:24:10.000Z FAIL src/test/java/com/example/ServiceTest.java
2026-04-11T17:24:10.000Z AssertionError: expected 6 but received 14
2026-04-11T17:24:10.000Z ##[error]Test suite failed with exit code 1",2026-04-11t17:24:10.000z group run ci for tensorflow/tensorflow 2026-04-11t17:24:10.000z runner image: windows-latest 2026-04-11t17:24:10.000z language: java 2026-04-11t17:24:10.000z fail src/test/java/com/example/servicetest.java 2026-04-11t17:24:10.000z assertionerror: expected 6,Test Failure,test,medium,Assertion mismatch in CI test suite,
"2026-04-01T09:06:41.000Z ##[group]Run CI for django/django
2026-04-01T09:06:41.000Z Runner image: windows-latest
2026-04-01T09:06:41.000Z Language: go
2026-04-01T09:06:41.000Z ERROR: Module not found: Cannot resolve 'webpack'
2026-04-01T09:06:41.000Z npm ERR! code E404
2026-04-01T09:06:41.000Z ##[error]Dependency installation failed",2026-04-01t09:06:41.000z group run ci for django/django 2026-04-01t09:06:41.000z runner image: windows-latest 2026-04-01t09:06:41.000z language: go 2026-04-01t09:06:41.000z error: module not found: cannot resolve,Dependency Error,build,high,Missing package or unresolved module dependency,212.0
"2026-04-02T19:08:32.000Z ##[group]Run CI for angular/angular
2026-04-02T19:08:32.000Z Runner image: macos-latest
2026-04-02T19:08:32.000Z Language: python
2026-04-02T19:08:32.000Z validating .github/workflows/ci.yml
2026-04-02T19:08:32.000Z workflow syntax error: Unexpected value 'stepz'
2026-04-02T19:08:32.000Z ##[error]Invalid workflow configuration",2026-04-02t19:08:32.000z group run ci for angular/angular 2026-04-02t19:08:32.000z runner image: macos-latest 2026-04-02t19:08:32.000z language: python 2026-04-02t19:08:32.000z validating .github/workflows/ci.yml 2026-04-02t19:08:32.000z workflow syntax error:,Configuration Error,build,high,Invalid workflow configuration or environment variable,260.0
"2026-04-01T17:20:36.000Z ##[group]Run CI for django/django
2026-04-01T17:20:36.000Z Runner image: windows-latest
2026-04-01T17:20:36.000Z Language: python
2026-04-01T17:20:36.000Z src/billing/handler.py:304: SyntaxError: unexpected token '{'
2026-04-01T17:20:36.000Z pylint: E0001 syntax-error
2026-04-01T17:20:36.000Z ##[error]Build stopped due to syntax error",2026-04-01t17:20:36.000z group run ci for django/django 2026-04-01t17:20:36.000z runner image: windows-latest 2026-04-01t17:20:36.000z language: python 2026-04-01t17:20:36.000z src/billing/handler.py:304: syntaxerror: unexpected token 2026-04-01t17:20:36.000z pylint:,Syntax Error,build,high,Invalid code syntax detected by compiler or linter,267.0
"2026-04-15T19:40:11.000Z ##[group]Run CI for pytorch/pytorch
2026-04-15T19:40:11.000Z Runner image: ubuntu-latest
2026-04-15T19:40:11.000Z Language: python
2026-04-15T19:40:11.000Z Starting module compiler
2026-04-15T19:40:11.000Z Traceback (most recent call last): ValueError: invalid state transition in compiler
2026-04-15T19:40:11.000Z ##[error]Runtime exception in test process",2026-04-15t19:40:11.000z group run ci for pytorch/pytorch 2026-04-15t19:40:11.000z runner image: ubuntu-latest 2026-04-15t19:40:11.000z language: python 2026-04-15t19:40:11.000z starting module compiler 2026-04-15t19:40:11.000z traceback most,Runtime Error,test,medium,Unhandled exception during job execution,
"2026-04-11T19:03:18.000Z ##[group]Run CI for nodejs/node
2026-04-11T19:03:18.000Z Runner image: windows-latest
2026-04-11T19:03:18.000Z Language: python
2026-04-11T19:03:18.000Z ERROR: Module not found: Cannot resolve 'numpy'
2026-04-11T19:03:18.000Z npm ERR! code E404
2026-04-11T19:03:18.000Z ##[error]Dependency installation failed",2026-04-11t19:03:18.000z group run ci for nodejs/node 2026-04-11t19:03:18.000z runner image: windows-latest 2026-04-11t19:03:18.000z language: python 2026-04-11t19:03:18.000z error: module not found: cannot resolve,Dependency Error,build,high,Missing package or unresolved module dependency,
"2026-04-01T20:57:54.000Z ##[group]Run CI for tensorflow/tensorflow
2026-04-01T20:57:54.000Z Runner image: macos-latest
2026-04-01T20:57:54.000Z Language: rust
2026-04-01T20:57:54.000Z aws secretsmanager get-secret-value --secret-id docker-token
2026-04-01T20:57:54.000Z AccessDeniedException: User is not authorized to perform secretsmanager:GetSecretValue
2026-04-01T20:57:54.000Z ##[error]permission denied while accessing deployment secret",2026-04-01t20:57:54.000z group run ci for tensorflow/tensorflow 2026-04-01t20:57:54.000z runner image: macos-latest 2026-04-01t20:57:54.000z language: rust 2026-04-01t20:57:54.000z aws secretsmanager get-secret-value --secret-id docker-token 2026-04-01t20:57:54.000z,Permission Error,deploy,high,"Token, role, or filesystem permission denied",266.0
"2026-04-11T03:48:12.9509182Z Importing application middleware_exceptions 2026-04-11T03:48:12.9537408Z Importing application test_exceptions 2026-04-11T03:48:12.9561257Z   Synchronize unmigrated apps: absolute_url_overrides, admin_autodiscover, admin_changelist, admin_checks, admin_custom_urls, admin_default_site, admin_docs, admin_filters, admin_inlines, admin_ordering, admin_registration, admin_scripts, admin_utils, admin_views, admin_widgets, aggregation, aggregation_regress, annotations, app_loading, apps, asgi, async, auth, auth_tests, backends, base, bash_completion, basic, builtin_server, bulk_create, cache, check_framework, composite_pk, conditional_processing, constraints, contenttypes, contenttypes_tests, context_processors, csrf_tests, custom_columns, custom_lookups, custom_managers, custom_methods, custom_migration_operations, custom_pk, datatypes, dates, datetimes, db_typecasts, db_utils, dbshell, decorators, defer, defer_regress, delete, delete_regress, deprecation, dispatch, distinct_on_fields, empty, empty_models, expressions, expressions_case, expressions_window, extra_regress, field_deconstruction, field_defaults, field_subclassing, file_storage, file_uploads, files, filtered_relation, fixtures, fixtures_model_package, fixtures_regress, flatpages_tests, force_insert_update, foreign_object, forms_tests, from_db_value, generic_inline_admin, generic_relations, generic_relations_regress, generic_views, get_earliest_or_latest, get_object_or_404, get_or_create, handlers, httpwrappers, humanize_tests, i18n, indexes, inline_formsets, inspectdb, introspection, invalid_models_tests, known_related_objects, logging_tests, lookup, m2m_and_m2o, m2m_intermediary, m2m_multiple, m2m_recursive, m2m_regress, m2m_signals, m2m_through, m2m_through_regress, m2o_recursive, mail, managers_regress, many_to_many, many_to_one, many_to_one_null, max_lengths, messages, messages_tests, middleware, middleware_exceptions, migrate_signals, migrations, migrations2, model_enums, model_fields, model_forms, model_formsets, model_formsets_regress, model_indexes, model_inheritance, model_inheritance_regress, model_meta, model_options, model_package, model_regress, model_utils, modeladmin, multiple_database, mutually_referential, nested_foreign_keys, no_models, null_fk, null_fk_ordering, null_queries, one_to_one, or_lookups, order_with_respect_to, ordering, pagination, prefetch_related, project_template, properties, proxy_model_inheritance, proxy_models, queries, queryset_pickle, raw_query, redirects_tests, requests_tests, reserved_names, resolve_url, responses, reverse_lookup, save_delete_hooks, schema, select_for_update, select_related, select_related_onetoone, select_related_regress, serializers, servers, sessions, sessions_tests, settings_tests, shell, shortcuts, signals, signed_cookies_tests, signing, sitemaps_tests, sites_tests, sphinx, staticfiles, staticfiles_tests, str, string_lookup, swappable_models, syndication_tests, tasks, template_backends, template_loader, template_tests, test_client, test_client_regress, test_exceptions, test_runner, test_utils, timezones, transaction_hooks, transactions, unmanaged_models, update, update_only_fields, urlpatterns, urlpatterns_reverse, user_commands, utils_tests, validation, validators, version, view_tests, wsgi, xor_lookups 2026-04-11T03:48:12.9900108Z     Creating table get_earliest_or_latest_indexerrorarticle 2026-04-11T03:48:12.9968235Z     Creating table model_forms_customerrormessage",tz importing application middlewareexceptions tz importing,Runtime Error,test,medium,auto-detected,58.0
"2026-04-08T08:12:47.000Z ##[group]Run CI for spring-projects/spring-boot
2026-04-08T08:12:47.000Z Runner image: windows-latest
2026-04-08T08:12:47.000Z Language: rust
2026-04-08T08:12:47.000Z src/compiler/handler.py:240: SyntaxError: unexpected token '['
2026-04-08T08:12:47.000Z pylint: E0001 syntax-error
2026-04-08T08:12:47.000Z ##[error]Build stopped due to syntax error",2026-04-08t08:12:47.000z group run ci for spring-projects/spring-boot 2026-04-08t08:12:47.000z runner image: windows-latest 2026-04-08t08:12:47.000z language: rust 2026-04-08t08:12:47.000z src/compiler/handler.py:240: syntaxerror: unexpected token 2026-04-08t08:12:47.000z pylint:,Syntax Error,build,high,Invalid code syntax detected by compiler or linter,
"2026-04-02T23:00:41.000Z ##[group]Run CI for nodejs/node
2026-04-02T23:00:41.000Z Runner image: ubuntu-latest
2026-04-02T23:00:41.000Z Language: go
2026-04-02T23:00:41.000Z validating .github/workflows/ci.yml
2026-04-02T23:00:41.000Z workflow syntax error: Unexpected value 'stepz'
2026-04-02T23:00:41.000Z ##[error]Invalid workflow configuration",2026-04-02t23:00:41.000z group run ci for nodejs/node 2026-04-02t23:00:41.000z runner image: ubuntu-latest 2026-04-02t23:00:41.000z language: go 2026-04-02t23:00:41.000z validating .github/workflows/ci.yml 2026-04-02t23:00:41.000z workflow syntax error:,Configuration Error,build,high,Invalid workflow configuration or environment variable,253.0
"2026-04-02T12:54:45.000Z ##[group]Run CI for tensorflow/tensorflow
2026-04-02T12:54:45.000Z Runner image: macos-latest
2026-04-02T12:54:45.000Z Language: java
2026-04-02T12:54:45.000Z validating .github/workflows/ci.yml
2026-04-02T12:54:45.000Z workflow syntax error: Unexpected value 'stepz'
2026-04-02T12:54:45.000Z ##[error]Invalid workflow configuration",2026-04-02t12:54:45.000z group run ci for tensorflow/tensorflow 2026-04-02t12:54:45.000z runner image: macos-latest 2026-04-02t12:54:45.000z language: java 2026-04-02t12:54:45.000z validating .github/workflows/ci.yml 2026-04-02t12:54:45.000z workflow syntax error:,Configuration Error,build,high,Invalid workflow configuration or environment variable,264.0
"2026-04-01T11:38:28.000Z ##[group]Run CI for angular/angular
2026-04-01T11:38:28.000Z Runner image: macos-latest
2026-04-01T11:38:28.000Z Language: go
2026-04-01T11:38:28.000Z src/worker/handler.py:257: SyntaxError: unexpected token ')'
2026-04-01T11:38:28.000Z pylint: E0001 syntax-error
2026-04-01T11:38:28.000Z ##[error]Build stopped due to syntax error",2026-04-01t11:38:28.000z group run ci for angular/angular 2026-04-01t11:38:28.000z runner image: macos-latest 2026-04-01t11:38:28.000z language: go 2026-04-01t11:38:28.000z src/worker/handler.py:257: syntaxerror: unexpected token 2026-04-01t11:38:28.000z pylint:,Syntax Error,build,high,Invalid code syntax detected by compiler or linter,262.0
"2026-04-01T23:24:40.000Z ##[group]Run CI for microsoft/vscode
2026-04-01T23:24:40.000Z Runner image: ubuntu-latest
2026-04-01T23:24:40.000Z Language: python
2026-04-01T23:24:40.000Z aws secretsmanager get-secret-value --secret-id docker-token
2026-04-01T23:24:40.000Z AccessDeniedException: User is not authorized to perform secretsmanager:GetSecretValue
2026-04-01T23:24:40.000Z ##[error]permission denied while accessing deployment secret",2026-04-01t23:24:40.000z group run ci for microsoft/vscode 2026-04-01t23:24:40.000z runner image: ubuntu-latest 2026-04-01t23:24:40.000z language: python 2026-04-01t23:24:40.000z aws secretsmanager get-secret-value --secret-id docker-token 2026-04-01t23:24:40.000z,Permission Error,deploy,high,"Token, role, or filesystem permission denied",264.0
"2026-04-01T18:00:45.000Z ##[group]Run CI for facebook/react
2026-04-01T18:00:45.000Z Runner image: windows-latest
2026-04-01T18:00:45.000Z Language: python
2026-04-01T18:00:45.000Z pytest -m integration --maxfail=1
2026-04-01T18:00:45.000Z Error: Process timed out after 10 minutes
2026-04-01T18:00:45.000Z ##[error]The operation was canceled",2026-04-01t18:00:45.000z group run ci for facebook/react 2026-04-01t18:00:45.000z runner image: windows-latest 2026-04-01t18:00:45.000z language: python 2026-04-01t18:00:45.000z pytest -m integration --maxfail 1 2026-04-01t18:00:45.000z,Timeout Error,test,medium,Long-running step exceeded CI timeout threshold,236.0
"2026-03-19T17:55:13.9442983Z PASS packages/react-reconciler/src/__tests__/ReactErrorStacks-test.js 2026-03-19T17:55:05.7507076Z A worker process has failed to exit gracefully and has been force exited. This is likely caused by tests leaking due to improper teardown. Try running with --detectOpenHandles to find leaks. Active timers can also cause this, ensure that .unref() was called on them. 2026-03-19T17:55:07.8069558Z PASS packages/react-reconciler/src/__tests__/ReactConcurrentErrorRecovery-test.js 2026-03-19T17:55:09.2263838Z PASS packages/react-reconciler/src/__tests__/ReactIncrementalErrorReplay-test.js 2026-03-19T17:55:06.4002699Z PASS packages/react-reconciler/src/__tests__/ReactErrorStacks-test.js",tz pass packagesreactreconcilersrctestsreacterrorstackstestjs tz a,Test Failure,test,medium,Assertion or test case failure,66.0
"2026-04-04T23:05:24.000Z ##[group]Run CI for pytorch/pytorch
2026-04-04T23:05:24.000Z Runner image: ubuntu-latest
2026-04-04T23:05:24.000Z Language: rust
2026-04-04T23:05:24.000Z Pulling cache layer from registry
2026-04-04T23:05:24.000Z error: failed to solve: no space left on device
2026-04-04T23:05:24.000Z ##[error]Runner disk pressure caused job failure",2026-04-04t23:05:24.000z group run ci for pytorch/pytorch 2026-04-04t23:05:24.000z runner image: ubuntu-latest 2026-04-04t23:05:24.000z language: rust 2026-04-04t23:05:24.000z pulling cache layer from registry 2026-04-04t23:05:24.000z,Infrastructure Error,build,high,Runner or external service instability,
"2026-04-15T14:04:14.000Z ##[group]Run CI for vercel/next.js
2026-04-15T14:04:14.000Z Runner image: macos-latest
2026-04-15T14:04:14.000Z Language: node
2026-04-15T14:04:14.000Z aws secretsmanager get-secret-value --secret-id docker-token
2026-04-15T14:04:14.000Z AccessDeniedException: User is not authorized to perform secretsmanager:GetSecretValue
2026-04-15T14:04:14.000Z ##[error]permission denied while accessing deployment secret",2026-04-15t14:04:14.000z group run ci for vercel/next.js 2026-04-15t14:04:14.000z runner image: macos-latest 2026-04-15t14:04:14.000z language: node 2026-04-15t14:04:14.000z aws secretsmanager get-secret-value --secret-id docker-token 2026-04-15t14:04:14.000z,Permission Error,deploy,high,"Token, role, or filesystem permission denied",
"2026-04-01T14:50:52.000Z ##[group]Run CI for django/django
2026-04-01T14:50:52.000Z Runner image: macos-latest
2026-04-01T14:50:52.000Z Language: rust
2026-04-01T14:50:52.000Z pytest -m integration --maxfail=1
2026-04-01T14:50:52.000Z Error: Process timed out after 15 minutes
2026-04-01T14:50:52.000Z ##[error]The operation was canceled",2026-04-01t14:50:52.000z group run ci for django/django 2026-04-01t14:50:52.000z runner image: macos-latest 2026-04-01t14:50:52.000z language: rust 2026-04-01t14:50:52.000z pytest -m integration --maxfail 1 2026-04-01t14:50:52.000z,Timeout Error,test,medium,Long-running step exceeded CI timeout threshold,231.0
"2026-04-01T19:24:25.000Z ##[group]Run CI for vercel/next.js
2026-04-01T19:24:25.000Z Runner image: windows-latest
2026-04-01T19:24:25.000Z Language: java
2026-04-01T19:24:25.000Z pytest -m integration --maxfail=1
2026-04-01T19:24:25.000Z Error: Process timed out after 30 minutes
2026-04-01T19:24:25.000Z ##[error]The operation was canceled",2026-04-01t19:24:25.000z group run ci for vercel/next.js 2026-04-01t19:24:25.000z runner image: windows-latest 2026-04-01t19:24:25.000z language: java 2026-04-01t19:24:25.000z pytest -m integration --maxfail 1 2026-04-01t19:24:25.000z,Timeout Error,test,medium,Long-running step exceeded CI timeout threshold,234.0
"2026-04-01T12:56:25.000Z ##[group]Run CI for angular/angular
2026-04-01T12:56:25.000Z Runner image: ubuntu-latest
2026-04-01T12:56:25.000Z Language: java
2026-04-01T12:56:25.000Z ERROR: Module not found: Cannot resolve 'webpack'
2026-04-01T12:56:25.000Z npm ERR! code E404
2026-04-01T12:56:25.000Z ##[error]Dependency installation failed",2026-04-01t12:56:25.000z group run ci for angular/angular 2026-04-01t12:56:25.000z runner image: ubuntu-latest 2026-04-01t12:56:25.000z language: java 2026-04-01t12:56:25.000z error: module not found: cannot resolve,Dependency Error,build,high,Missing package or unresolved module dependency,215.0
"2026-04-01T21:36:32.000Z ##[group]Run CI for apache/spark
2026-04-01T21:36:32.000Z Runner image: macos-latest
2026-04-01T21:36:32.000Z Language: node
2026-04-01T21:36:32.000Z pytest -m integration --maxfail=1
2026-04-01T21:36:32.000Z Error: Process timed out after 15 minutes
2026-04-01T21:36:32.000Z ##[error]The operation was canceled",2026-04-01t21:36:32.000z group run ci for apache/spark 2026-04-01t21:36:32.000z runner image: macos-latest 2026-04-01t21:36:32.000z language: node 2026-04-01t21:36:32.000z pytest -m integration --maxfail 1 2026-04-01t21:36:32.000z,Timeout Error,test,medium,Long-running step exceeded CI timeout threshold,230.0
"2026-04-12T08:57:41.000Z ##[group]Run CI for django/django
2026-04-12T08:57:41.000Z Runner image: macos-latest
2026-04-12T08:57:41.000Z Language: python
2026-04-12T08:57:41.000Z validating .github/workflows/ci.yml
2026-04-12T08:57:41.000Z workflow syntax error: Unexpected value 'stepz'
2026-04-12T08:57:41.000Z ##[error]Invalid workflow configuration",2026-04-12t08:57:41.000z group run ci for django/django 2026-04-12t08:57:41.000z runner image: macos-latest 2026-04-12t08:57:41.000z language: python 2026-04-12t08:57:41.000z validating .github/workflows/ci.yml 2026-04-12t08:57:41.000z workflow syntax error:,Configuration Error,build,high,Invalid workflow configuration or environment variable,
"2026-04-12T06:00:49.000Z ##[group]Run CI for pytorch/pytorch
2026-04-12T06:00:49.000Z Runner image: windows-latest
2026-04-12T06:00:49.000Z Language: node
2026-04-12T06:00:49.000Z helm upgrade --install api ./charts/api
2026-04-12T06:00:49.000Z Error: UPGRADE FAILED: timed out waiting for the condition
2026-04-12T06:00:49.000Z ##[error]Deployment failed in production stage",2026-04-12t06:00:49.000z group run ci for pytorch/pytorch 2026-04-12t06:00:49.000z runner image: windows-latest 2026-04-12t06:00:49.000z language: node 2026-04-12t06:00:49.000z helm upgrade --install api ./charts/api 2026-04-12t06:00:49.000z,Deployment Error,deploy,high,Release or deployment command failed,
"2026-04-15T20:08:33.000Z ##[group]Run CI for django/django
2026-04-15T20:08:33.000Z Runner image: ubuntu-latest
2026-04-15T20:08:33.000Z Language: node
2026-04-15T20:08:33.000Z helm upgrade --install api ./charts/api
2026-04-15T20:08:33.000Z Error: UPGRADE FAILED: timed out waiting for the condition
2026-04-15T20:08:33.000Z ##[error]Deployment failed in production stage",2026-04-15t20:08:33.000z group run ci for django/django 2026-04-15t20:08:33.000z runner image: ubuntu-latest 2026-04-15t20:08:33.000z language: node 2026-04-15t20:08:33.000z helm upgrade --install api ./charts/api 2026-04-15t20:08:33.000z,Deployment Error,deploy,high,Release or deployment command failed,
2026-04-09T15:33:52.1644213Z [0mexec: curl --retry 3 --silent --show-error -L https://maven-central.storage-download.googleapis.com/maven2/org/apache/maven/apache-maven/3.9.14/apache-maven-3.9.14-bin.tar.gz 2026-04-09T15:33:52.3993787Z exec: curl --retry 3 --silent --show-error -L https://maven-central.storage-download.googleapis.com/maven2/org/apache/maven/apache-maven/3.9.14/apache-maven-3.9.14-bin.tar.gz.sha512 2026-04-09T15:33:58.4174753Z Found 0 errors 2026-04-09T15:34:06.7047921Z Found 0 errors 2026-04-09T15:34:16.2288513Z /home/runner/work/spark/spark/common/sketch/src/main/java/org/apache/spark/util/sketch/CountMinSketch.java:159: warning: Tag '@exception' is not recognised,tz mexec curl retry silent,Runtime Error,build,medium,Unexpected runtime exception,26.0
"2026-04-12T02:21:13.000Z ##[group]Run CI for django/django
2026-04-12T02:21:13.000Z Runner image: windows-latest
2026-04-12T02:21:13.000Z Language: python
2026-04-12T02:21:13.000Z make build-ci -j4
2026-04-12T02:21:13.000Z gcc: fatal error: cannot execute 'cc1plus': No such file or directory
2026-04-12T02:21:13.000Z ##[error]Build failed with exit code 2",2026-04-12t02:21:13.000z group run ci for django/django 2026-04-12t02:21:13.000z runner image: windows-latest 2026-04-12t02:21:13.000z language: python 2026-04-12t02:21:13.000z make build-ci -j4 2026-04-12t02:21:13.000z gcc: fatal,Build Failure,build,high,Compilation or packaging process failed,
"2026-04-08T10:10:59.000Z ##[group]Run CI for apache/spark
2026-04-08T10:10:59.000Z Runner image: ubuntu-latest
2026-04-08T10:10:59.000Z Language: node
2026-04-08T10:10:59.000Z aws secretsmanager get-secret-value --secret-id docker-token
2026-04-08T10:10:59.000Z AccessDeniedException: User is not authorized to perform secretsmanager:GetSecretValue
2026-04-08T10:10:59.000Z ##[error]permission denied while accessing deployment secret",2026-04-08t10:10:59.000z group run ci for apache/spark 2026-04-08t10:10:59.000z runner image: ubuntu-latest 2026-04-08t10:10:59.000z language: node 2026-04-08t10:10:59.000z aws secretsmanager get-secret-value --secret-id docker-token 2026-04-08t10:10:59.000z,Permission Error,deploy,high,"Token, role, or filesystem permission denied",
"2026-04-01T13:57:41.000Z ##[group]Run CI for vercel/next.js
2026-04-01T13:57:41.000Z Runner image: macos-latest
2026-04-01T13:57:41.000Z Language: node
2026-04-01T13:57:41.000Z Starting module scheduler
2026-04-01T13:57:41.000Z Traceback (most recent call last): ValueError: invalid state transition in scheduler
2026-04-01T13:57:41.000Z ##[error]Runtime exception in test process",2026-04-01t13:57:41.000z group run ci for vercel/next.js 2026-04-01t13:57:41.000z runner image: macos-latest 2026-04-01t13:57:41.000z language: node 2026-04-01t13:57:41.000z starting module scheduler 2026-04-01t13:57:41.000z traceback most,Runtime Error,test,medium,Unhandled exception during job execution,239.0
"2026-04-12T01:54:43.000Z ##[group]Run CI for microsoft/vscode
2026-04-12T01:54:43.000Z Runner image: macos-latest
2026-04-12T01:54:43.000Z Language: python
2026-04-12T01:54:43.000Z make build-ci -j4
2026-04-12T01:54:43.000Z gcc: fatal error: cannot execute 'cc1plus': No such file or directory
2026-04-12T01:54:43.000Z ##[error]Build failed with exit code 2",2026-04-12t01:54:43.000z group run ci for microsoft/vscode 2026-04-12t01:54:43.000z runner image: macos-latest 2026-04-12t01:54:43.000z language: python 2026-04-12t01:54:43.000z make build-ci -j4 2026-04-12t01:54:43.000z gcc: fatal,Build Failure,build,high,Compilation or packaging process failed,
"2026-04-01T19:58:24.000Z ##[group]Run CI for facebook/react
2026-04-01T19:58:24.000Z Runner image: macos-latest
2026-04-01T19:58:24.000Z Language: go
2026-04-01T19:58:24.000Z Starting module compiler
2026-04-01T19:58:24.000Z Traceback (most recent call last): ValueError: invalid state transition in compiler
2026-04-01T19:58:24.000Z ##[error]Runtime exception in test process",2026-04-01t19:58:24.000z group run ci for facebook/react 2026-04-01t19:58:24.000z runner image: macos-latest 2026-04-01t19:58:24.000z language: go 2026-04-01t19:58:24.000z starting module compiler 2026-04-01t19:58:24.000z traceback most,Runtime Error,test,medium,Unhandled exception during job execution,236.0
"2026-04-15T23:36:44.000Z ##[group]Run CI for spring-projects/spring-boot
2026-04-15T23:36:44.000Z Runner image: windows-latest
2026-04-15T23:36:44.000Z Language: node
2026-04-15T23:36:44.000Z Pulling cache layer from registry
2026-04-15T23:36:44.000Z error: failed to solve: no space left on device
2026-04-15T23:36:44.000Z ##[error]Runner disk pressure caused job failure",2026-04-15t23:36:44.000z group run ci for spring-projects/spring-boot 2026-04-15t23:36:44.000z runner image: windows-latest 2026-04-15t23:36:44.000z language: node 2026-04-15t23:36:44.000z pulling cache layer from registry 2026-04-15t23:36:44.000z,Infrastructure Error,build,high,Runner or external service instability,
"2026-04-02T07:42:38.000Z ##[group]Run CI for facebook/react
2026-04-02T07:42:38.000Z Runner image: macos-latest
2026-04-02T07:42:38.000Z Language: java
2026-04-02T07:42:38.000Z Pulling cache layer from registry
2026-04-02T07:42:38.000Z error: failed to solve: no space left on device
2026-04-02T07:42:38.000Z ##[error]Runner disk pressure caused job failure",2026-04-02t07:42:38.000z group run ci for facebook/react 2026-04-02t07:42:38.000z runner image: macos-latest 2026-04-02t07:42:38.000z language: java 2026-04-02t07:42:38.000z pulling cache layer from registry 2026-04-02t07:42:38.000z,Infrastructure Error,build,high,Runner or external service instability,232.0
"2026-04-08T09:54:43.000Z ##[group]Run CI for angular/angular
2026-04-08T09:54:43.000Z Runner image: windows-latest
2026-04-08T09:54:43.000Z Language: python
2026-04-08T09:54:43.000Z pytest -m integration --maxfail=1
2026-04-08T09:54:43.000Z Error: Process timed out after 10 minutes
2026-04-08T09:54:43.000Z ##[error]The operation was canceled",2026-04-08t09:54:43.000z group run ci for angular/angular 2026-04-08t09:54:43.000z runner image: windows-latest 2026-04-08t09:54:43.000z language: python 2026-04-08t09:54:43.000z pytest -m integration --maxfail 1 2026-04-08t09:54:43.000z,Timeout Error,test,medium,Long-running step exceeded CI timeout threshold,
"2026-04-01T18:16:29.000Z ##[group]Run CI for tensorflow/tensorflow
2026-04-01T18:16:29.000Z Runner image: ubuntu-latest
2026-04-01T18:16:29.000Z Language: rust
2026-04-01T18:16:29.000Z src/billing/handler.py:353: SyntaxError: unexpected token '{'
2026-04-01T18:16:29.000Z pylint: E0001 syntax-error
2026-04-01T18:16:29.000Z ##[error]Build stopped due to syntax error",2026-04-01t18:16:29.000z group run ci for tensorflow/tensorflow 2026-04-01t18:16:29.000z runner image: ubuntu-latest 2026-04-01t18:16:29.000z language: rust 2026-04-01t18:16:29.000z src/billing/handler.py:353: syntaxerror: unexpected token 2026-04-01t18:16:29.000z pylint:,Syntax Error,build,high,Invalid code syntax detected by compiler or linter,272.0
"2026-04-02T18:28:27.000Z ##[group]Run CI for microsoft/vscode
2026-04-02T18:28:27.000Z Runner image: macos-latest
2026-04-02T18:28:27.000Z Language: rust
2026-04-02T18:28:27.000Z Pulling cache layer from registry
2026-04-02T18:28:27.000Z error: failed to solve: no space left on device
2026-04-02T18:28:27.000Z ##[error]Runner disk pressure caused job failure",2026-04-02t18:28:27.000z group run ci for microsoft/vscode 2026-04-02t18:28:27.000z runner image: macos-latest 2026-04-02t18:28:27.000z language: rust 2026-04-02t18:28:27.000z pulling cache layer from registry 2026-04-02t18:28:27.000z,Infrastructure Error,build,high,Runner or external service instability,234.0
"2026-04-04T18:50:05.000Z ##[group]Run CI for spring-projects/spring-boot
2026-04-04T18:50:05.000Z Runner image: ubuntu-latest
2026-04-04T18:50:05.000Z Language: python
2026-04-04T18:50:05.000Z FAIL packages/react-dom/src/__tests__/hydration.test.js
2026-04-04T18:50:05.000Z AssertionError: expected 3 but received 17
2026-04-04T18:50:05.000Z ##[error]Test suite failed with exit code 1",2026-04-04t18:50:05.000z group run ci for spring-projects/spring-boot 2026-04-04t18:50:05.000z runner image: ubuntu-latest 2026-04-04t18:50:05.000z language: python 2026-04-04t18:50:05.000z fail packages/react-dom/src/__tests__/hydration.test.js 2026-04-04t18:50:05.000z assertionerror: expected 3,Test Failure,test,medium,Assertion mismatch in CI test suite,
"2026-04-01T23:51:08.000Z ##[group]Run CI for vercel/next.js
2026-04-01T23:51:08.000Z Runner image: macos-latest
2026-04-01T23:51:08.000Z Language: java
2026-04-01T23:51:08.000Z make build-ci -j4
2026-04-01T23:51:08.000Z gcc: fatal error: cannot execute 'cc1plus': No such file or directory
2026-04-01T23:51:08.000Z ##[error]Build failed with exit code 2",2026-04-01t23:51:08.000z group run ci for vercel/next.js 2026-04-01t23:51:08.000z runner image: macos-latest 2026-04-01t23:51:08.000z language: java 2026-04-01t23:51:08.000z make build-ci -j4 2026-04-01t23:51:08.000z gcc: fatal,Build Failure,build,high,Compilation or packaging process failed,227.0
"2026-04-01T19:48:40.000Z ##[group]Run CI for microsoft/vscode
2026-04-01T19:48:40.000Z Runner image: ubuntu-latest
2026-04-01T19:48:40.000Z Language: rust
2026-04-01T19:48:40.000Z Starting module router
2026-04-01T19:48:40.000Z Traceback (most recent call last): ValueError: invalid state transition in router
2026-04-01T19:48:40.000Z ##[error]Runtime exception in test process",2026-04-01t19:48:40.000z group run ci for microsoft/vscode 2026-04-01t19:48:40.000z runner image: ubuntu-latest 2026-04-01t19:48:40.000z language: rust 2026-04-01t19:48:40.000z starting module router 2026-04-01t19:48:40.000z traceback most,Runtime Error,test,medium,Unhandled exception during job execution,239.0
"2026-04-02T17:04:40.000Z ##[group]Run CI for tensorflow/tensorflow
2026-04-02T17:04:40.000Z Runner image: windows-latest
2026-04-02T17:04:40.000Z Language: node
2026-04-02T17:04:40.000Z Pulling cache layer from registry
2026-04-02T17:04:40.000Z error: failed to solve: no space left on device
2026-04-02T17:04:40.000Z ##[error]Runner disk pressure caused job failure",2026-04-02t17:04:40.000z group run ci for tensorflow/tensorflow 2026-04-02t17:04:40.000z runner image: windows-latest 2026-04-02t17:04:40.000z language: node 2026-04-02t17:04:40.000z pulling cache layer from registry 2026-04-02t17:04:40.000z,Infrastructure Error,build,high,Runner or external service instability,241.0
"2026-04-01T16:28:13.000Z ##[group]Run CI for nodejs/node
2026-04-01T16:28:13.000Z Runner image: macos-latest
2026-04-01T16:28:13.000Z Language: java
2026-04-01T16:28:13.000Z validating .github/workflows/ci.yml
2026-04-01T16:28:13.000Z workflow syntax error: Unexpected value 'stepz'
2026-04-01T16:28:13.000Z ##[error]Invalid workflow configuration",2026-04-01t16:28:13.000z group run ci for nodejs/node 2026-04-01t16:28:13.000z runner image: macos-latest 2026-04-01t16:28:13.000z language: java 2026-04-01t16:28:13.000z validating .github/workflows/ci.yml 2026-04-01t16:28:13.000z workflow syntax error:,Configuration Error,build,high,Invalid workflow configuration or environment variable,254.0
"2026-04-01T10:22:44.000Z ##[group]Run CI for django/django
2026-04-01T10:22:44.000Z Runner image: windows-latest
2026-04-01T10:22:44.000Z Language: rust
2026-04-01T10:22:44.000Z ERROR: Module not found: Cannot resolve 'grpcio'
2026-04-01T10:22:44.000Z npm ERR! code E404
2026-04-01T10:22:44.000Z ##[error]Dependency installation failed",2026-04-01t10:22:44.000z group run ci for django/django 2026-04-01t10:22:44.000z runner image: windows-latest 2026-04-01t10:22:44.000z language: rust 2026-04-01t10:22:44.000z error: module not found: cannot resolve,Dependency Error,build,high,Missing package or unresolved module dependency,214.0
"2026-04-01T16:49:48.000Z ##[group]Run CI for vercel/next.js
2026-04-01T16:49:48.000Z Runner image: windows-latest
2026-04-01T16:49:48.000Z Language: rust
2026-04-01T16:49:48.000Z validating .github/workflows/ci.yml
2026-04-01T16:49:48.000Z workflow syntax error: Unexpected value 'stepz'
2026-04-01T16:49:48.000Z ##[error]Invalid workflow configuration",2026-04-01t16:49:48.000z group run ci for vercel/next.js 2026-04-01t16:49:48.000z runner image: windows-latest 2026-04-01t16:49:48.000z language: rust 2026-04-01t16:49:48.000z validating .github/workflows/ci.yml 2026-04-01t16:49:48.000z workflow syntax error:,Configuration Error,build,high,Invalid workflow configuration or environment variable,259.0
"2026-04-12T04:06:49.000Z ##[group]Run CI for nodejs/node
2026-04-12T04:06:49.000Z Runner image: windows-latest
2026-04-12T04:06:49.000Z Language: java
2026-04-12T04:06:49.000Z Starting module cache
2026-04-12T04:06:49.000Z Traceback (most recent call last): ValueError: invalid state transition in cache
2026-04-12T04:06:49.000Z ##[error]Runtime exception in test process",2026-04-12t04:06:49.000z group run ci for nodejs/node 2026-04-12t04:06:49.000z runner image: windows-latest 2026-04-12t04:06:49.000z language: java 2026-04-12t04:06:49.000z starting module cache 2026-04-12t04:06:49.000z traceback most,Runtime Error,test,medium,Unhandled exception during job execution,
"2026-04-15T16:56:17.000Z ##[group]Run CI for pytorch/pytorch
2026-04-15T16:56:17.000Z Runner image: macos-latest
2026-04-15T16:56:17.000Z Language: java
2026-04-15T16:56:17.000Z make build-ci -j4
2026-04-15T16:56:17.000Z gcc: fatal error: cannot execute 'cc1plus': No such file or directory
2026-04-15T16:56:17.000Z ##[error]Build failed with exit code 2",2026-04-15t16:56:17.000z group run ci for pytorch/pytorch 2026-04-15t16:56:17.000z runner image: macos-latest 2026-04-15t16:56:17.000z language: java 2026-04-15t16:56:17.000z make build-ci -j4 2026-04-15t16:56:17.000z gcc: fatal,Build Failure,build,high,Compilation or packaging process failed,
"2026-04-12T01:57:06.000Z ##[group]Run CI for microsoft/vscode
2026-04-12T01:57:06.000Z Runner image: macos-latest
2026-04-12T01:57:06.000Z Language: go
2026-04-12T01:57:06.000Z make build-ci -j4
2026-04-12T01:57:06.000Z gcc: fatal error: cannot execute 'cc1plus': No such file or directory
2026-04-12T01:57:06.000Z ##[error]Build failed with exit code 2",2026-04-12t01:57:06.000z group run ci for microsoft/vscode 2026-04-12t01:57:06.000z runner image: macos-latest 2026-04-12t01:57:06.000z language: go 2026-04-12t01:57:06.000z make build-ci -j4 2026-04-12t01:57:06.000z gcc: fatal,Build Failure,build,high,Compilation or packaging process failed,
"2026-04-15T22:44:44.000Z ##[group]Run CI for nodejs/node
2026-04-15T22:44:44.000Z Runner image: ubuntu-latest
2026-04-15T22:44:44.000Z Language: python
2026-04-15T22:44:44.000Z Pulling cache layer from registry
2026-04-15T22:44:44.000Z error: failed to solve: no space left on device
2026-04-15T22:44:44.000Z ##[error]Runner disk pressure caused job failure",2026-04-15t22:44:44.000z group run ci for nodejs/node 2026-04-15t22:44:44.000z runner image: ubuntu-latest 2026-04-15t22:44:44.000z language: python 2026-04-15t22:44:44.000z pulling cache layer from registry 2026-04-15t22:44:44.000z,Infrastructure Error,build,high,Runner or external service instability,
"2026-04-15T08:40:43.000Z ##[group]Run CI for spring-projects/spring-boot
2026-04-15T08:40:43.000Z Runner image: ubuntu-latest
2026-04-15T08:40:43.000Z Language: node
2026-04-15T08:40:43.000Z ERROR: Module not found: Cannot resolve 'webpack'
2026-04-15T08:40:43.000Z npm ERR! code E404
2026-04-15T08:40:43.000Z ##[error]Dependency installation failed",2026-04-15t08:40:43.000z group run ci for spring-projects/spring-boot 2026-04-15t08:40:43.000z runner image: ubuntu-latest 2026-04-15t08:40:43.000z language: node 2026-04-15t08:40:43.000z error: module not found: cannot resolve,Dependency Error,build,high,Missing package or unresolved module dependency,
"2026-04-01T20:32:58.000Z ##[group]Run CI for nodejs/node
2026-04-01T20:32:58.000Z Runner image: macos-latest
2026-04-01T20:32:58.000Z Language: rust
2026-04-01T20:32:58.000Z Starting module compiler
2026-04-01T20:32:58.000Z Traceback (most recent call last): ValueError: invalid state transition in compiler
2026-04-01T20:32:58.000Z ##[error]Runtime exception in test process",2026-04-01t20:32:58.000z group run ci for nodejs/node 2026-04-01t20:32:58.000z runner image: macos-latest 2026-04-01t20:32:58.000z language: rust 2026-04-01t20:32:58.000z starting module compiler 2026-04-01t20:32:58.000z traceback most,Runtime Error,test,medium,Unhandled exception during job execution,235.0
"2026-04-01T12:00:10.000Z ##[group]Run CI for vercel/next.js
2026-04-01T12:00:10.000Z Runner image: macos-latest
2026-04-01T12:00:10.000Z Language: go
2026-04-01T12:00:10.000Z src/router/handler.py:50: SyntaxError: unexpected token '=>'
2026-04-01T12:00:10.000Z pylint: E0001 syntax-error
2026-04-01T12:00:10.000Z ##[error]Build stopped due to syntax error",2026-04-01t12:00:10.000z group run ci for vercel/next.js 2026-04-01t12:00:10.000z runner image: macos-latest 2026-04-01t12:00:10.000z language: go 2026-04-01t12:00:10.000z src/router/handler.py:50: syntaxerror: unexpected token 2026-04-01t12:00:10.000z pylint:,Syntax Error,build,high,Invalid code syntax detected by compiler or linter,260.0
"2026-04-01T11:11:24.000Z ##[group]Run CI for pytorch/pytorch
2026-04-01T11:11:24.000Z Runner image: ubuntu-latest
2026-04-01T11:11:24.000Z Language: rust
2026-04-01T11:11:24.000Z aws secretsmanager get-secret-value --secret-id docker-token
2026-04-01T11:11:24.000Z AccessDeniedException: User is not authorized to perform secretsmanager:GetSecretValue
2026-04-01T11:11:24.000Z ##[error]permission denied while accessing deployment secret",2026-04-01t11:11:24.000z group run ci for pytorch/pytorch 2026-04-01t11:11:24.000z runner image: ubuntu-latest 2026-04-01t11:11:24.000z language: rust 2026-04-01t11:11:24.000z aws secretsmanager get-secret-value --secret-id docker-token 2026-04-01t11:11:24.000z,Permission Error,deploy,high,"Token, role, or filesystem permission denied",261.0
"2026-04-04T19:34:35.000Z ##[group]Run CI for nodejs/node
2026-04-04T19:34:35.000Z Runner image: macos-latest
2026-04-04T19:34:35.000Z Language: rust
2026-04-04T19:34:35.000Z src/compiler/handler.py:72: SyntaxError: unexpected token '=>'
2026-04-04T19:34:35.000Z pylint: E0001 syntax-error
2026-04-04T19:34:35.000Z ##[error]Build stopped due to syntax error",2026-04-04t19:34:35.000z group run ci for nodejs/node 2026-04-04t19:34:35.000z runner image: macos-latest 2026-04-04t19:34:35.000z language: rust 2026-04-04t19:34:35.000z src/compiler/handler.py:72: syntaxerror: unexpected token 2026-04-04t19:34:35.000z pylint:,Syntax Error,build,high,Invalid code syntax detected by compiler or linter,
"2026-04-01T17:54:35.000Z ##[group]Run CI for facebook/react
2026-04-01T17:54:35.000Z Runner image: macos-latest
2026-04-01T17:54:35.000Z Language: node
2026-04-01T17:54:35.000Z make build-ci -j4
2026-04-01T17:54:35.000Z gcc: fatal error: cannot execute 'cc1plus': No such file or directory
2026-04-01T17:54:35.000Z ##[error]Build failed with exit code 2",2026-04-01t17:54:35.000z group run ci for facebook/react 2026-04-01t17:54:35.000z runner image: macos-latest 2026-04-01t17:54:35.000z language: node 2026-04-01t17:54:35.000z make build-ci -j4 2026-04-01t17:54:35.000z gcc: fatal,Build Failure,build,high,Compilation or packaging process failed,227.0
"2026-04-11T18:06:25.000Z ##[group]Run CI for vercel/next.js
2026-04-11T18:06:25.000Z Runner image: macos-latest
2026-04-11T18:06:25.000Z Language: node
2026-04-11T18:06:25.000Z FAIL src/test/java/com/example/ServiceTest.java
2026-04-11T18:06:25.000Z AssertionError: expected 8 but received 19
2026-04-11T18:06:25.000Z ##[error]Test suite failed with exit code 1",2026-04-11t18:06:25.000z group run ci for vercel/next.js 2026-04-11t18:06:25.000z runner image: macos-latest 2026-04-11t18:06:25.000z language: node 2026-04-11t18:06:25.000z fail src/test/java/com/example/servicetest.java 2026-04-11t18:06:25.000z assertionerror: expected 8,Test Failure,test,medium,Assertion mismatch in CI test suite,
"2026-04-02T02:36:42.000Z ##[group]Run CI for angular/angular
2026-04-02T02:36:42.000Z Runner image: ubuntu-latest
2026-04-02T02:36:42.000Z Language: node
2026-04-02T02:36:42.000Z validating .github/workflows/ci.yml
2026-04-02T02:36:42.000Z workflow syntax error: Unexpected value 'stepz'
2026-04-02T02:36:42.000Z ##[error]Invalid workflow configuration",2026-04-02t02:36:42.000z group run ci for angular/angular 2026-04-02t02:36:42.000z runner image: ubuntu-latest 2026-04-02t02:36:42.000z language: node 2026-04-02t02:36:42.000z validating .github/workflows/ci.yml 2026-04-02t02:36:42.000z workflow syntax error:,Configuration Error,build,high,Invalid workflow configuration or environment variable,259.0
"2026-04-02T00:38:48.000Z ##[group]Run CI for angular/angular
2026-04-02T00:38:48.000Z Runner image: windows-latest
2026-04-02T00:38:48.000Z Language: java
2026-04-02T00:38:48.000Z Pulling cache layer from registry
2026-04-02T00:38:48.000Z error: failed to solve: no space left on device
2026-04-02T00:38:48.000Z ##[error]Runner disk pressure caused job failure",2026-04-02t00:38:48.000z group run ci for angular/angular 2026-04-02t00:38:48.000z runner image: windows-latest 2026-04-02t00:38:48.000z language: java 2026-04-02t00:38:48.000z pulling cache layer from registry 2026-04-02t00:38:48.000z,Infrastructure Error,build,high,Runner or external service instability,235.0
"2026-04-04T22:00:05.000Z ##[group]Run CI for django/django
2026-04-04T22:00:05.000Z Runner image: ubuntu-latest
2026-04-04T22:00:05.000Z Language: node
2026-04-04T22:00:05.000Z Starting module cache
2026-04-04T22:00:05.000Z Traceback (most recent call last): ValueError: invalid state transition in cache
2026-04-04T22:00:05.000Z ##[error]Runtime exception in test process",2026-04-04t22:00:05.000z group run ci for django/django 2026-04-04t22:00:05.000z runner image: ubuntu-latest 2026-04-04t22:00:05.000z language: node 2026-04-04t22:00:05.000z starting module cache 2026-04-04t22:00:05.000z traceback most,Runtime Error,test,medium,Unhandled exception during job execution,
"2026-04-01T07:14:09.000Z ##[group]Run CI for apache/spark
2026-04-01T07:14:09.000Z Runner image: ubuntu-latest
2026-04-01T07:14:09.000Z Language: python
2026-04-01T07:14:09.000Z FAIL packages/react-dom/src/__tests__/hydration.test.js
2026-04-01T07:14:09.000Z AssertionError: expected 7 but received 20
2026-04-01T07:14:09.000Z ##[error]Test suite failed with exit code 1",2026-04-01t07:14:09.000z group run ci for apache/spark 2026-04-01t07:14:09.000z runner image: ubuntu-latest 2026-04-01t07:14:09.000z language: python 2026-04-01t07:14:09.000z fail packages/react-dom/src/__tests__/hydration.test.js 2026-04-01t07:14:09.000z assertionerror: expected 7,Test Failure,test,medium,Assertion mismatch in CI test suite,282.0
"2026-04-01T09:28:53.000Z ##[group]Run CI for spring-projects/spring-boot
2026-04-01T09:28:53.000Z Runner image: windows-latest
2026-04-01T09:28:53.000Z Language: go
2026-04-01T09:28:53.000Z ERROR: Module not found: Cannot resolve 'grpcio'
2026-04-01T09:28:53.000Z npm ERR! code E404
2026-04-01T09:28:53.000Z ##[error]Dependency installation failed",2026-04-01t09:28:53.000z group run ci for spring-projects/spring-boot 2026-04-01t09:28:53.000z runner image: windows-latest 2026-04-01t09:28:53.000z language: go 2026-04-01t09:28:53.000z error: module not found: cannot resolve,Dependency Error,build,high,Missing package or unresolved module dependency,226.0
"2026-04-15T12:44:47.000Z ##[group]Run CI for apache/spark
2026-04-15T12:44:47.000Z Runner image: ubuntu-latest
2026-04-15T12:44:47.000Z Language: rust
2026-04-15T12:44:47.000Z pytest -m integration --maxfail=1
2026-04-15T12:44:47.000Z Error: Process timed out after 20 minutes
2026-04-15T12:44:47.000Z ##[error]The operation was canceled",2026-04-15t12:44:47.000z group run ci for apache/spark 2026-04-15t12:44:47.000z runner image: ubuntu-latest 2026-04-15t12:44:47.000z language: rust 2026-04-15t12:44:47.000z pytest -m integration --maxfail 1 2026-04-15t12:44:47.000z,Timeout Error,test,medium,Long-running step exceeded CI timeout threshold,
"2026-04-02T01:18:46.000Z ##[group]Run CI for angular/angular
2026-04-02T01:18:46.000Z Runner image: ubuntu-latest
2026-04-02T01:18:46.000Z Language: rust
2026-04-02T01:18:46.000Z Starting module compiler
2026-04-02T01:18:46.000Z Traceback (most recent call last): ValueError: invalid state transition in compiler
2026-04-02T01:18:46.000Z ##[error]Runtime exception in test process",2026-04-02t01:18:46.000z group run ci for angular/angular 2026-04-02t01:18:46.000z runner image: ubuntu-latest 2026-04-02t01:18:46.000z language: rust 2026-04-02t01:18:46.000z starting module compiler 2026-04-02t01:18:46.000z traceback most,Runtime Error,test,medium,Unhandled exception during job execution,240.0
"2026-04-15T10:52:29.000Z ##[group]Run CI for spring-projects/spring-boot
2026-04-15T10:52:29.000Z Runner image: macos-latest
2026-04-15T10:52:29.000Z Language: java
2026-04-15T10:52:29.000Z src/router/handler.py:384: SyntaxError: unexpected token '['
2026-04-15T10:52:29.000Z pylint: E0001 syntax-error
2026-04-15T10:52:29.000Z ##[error]Build stopped due to syntax error",2026-04-15t10:52:29.000z group run ci for spring-projects/spring-boot 2026-04-15t10:52:29.000z runner image: macos-latest 2026-04-15t10:52:29.000z language: java 2026-04-15t10:52:29.000z src/router/handler.py:384: syntaxerror: unexpected token 2026-04-15t10:52:29.000z pylint:,Syntax Error,build,high,Invalid code syntax detected by compiler or linter,
"2026-04-12T02:00:58.000Z ##[group]Run CI for vercel/next.js
2026-04-12T02:00:58.000Z Runner image: windows-latest
2026-04-12T02:00:58.000Z Language: python
2026-04-12T02:00:58.000Z make build-ci -j4
2026-04-12T02:00:58.000Z gcc: fatal error: cannot execute 'cc1plus': No such file or directory
2026-04-12T02:00:58.000Z ##[error]Build failed with exit code 2",2026-04-12t02:00:58.000z group run ci for vercel/next.js 2026-04-12t02:00:58.000z runner image: windows-latest 2026-04-12t02:00:58.000z language: python 2026-04-12t02:00:58.000z make build-ci -j4 2026-04-12t02:00:58.000z gcc: fatal,Build Failure,build,high,Compilation or packaging process failed,
"2026-04-02T01:06:23.000Z ##[group]Run CI for pytorch/pytorch
2026-04-02T01:06:23.000Z Runner image: ubuntu-latest
2026-04-02T01:06:23.000Z Language: go
2026-04-02T01:06:23.000Z validating .github/workflows/ci.yml
2026-04-02T01:06:23.000Z workflow syntax error: Unexpected value 'stepz'
2026-04-02T01:06:23.000Z ##[error]Invalid workflow configuration",2026-04-02t01:06:23.000z group run ci for pytorch/pytorch 2026-04-02t01:06:23.000z runner image: ubuntu-latest 2026-04-02t01:06:23.000z language: go 2026-04-02t01:06:23.000z validating .github/workflows/ci.yml 2026-04-02t01:06:23.000z workflow syntax error:,Configuration Error,build,high,Invalid workflow configuration or environment variable,257.0
2026-04-09T20:22:06.0240980Z Found 0 errors 2026-04-09T20:22:48.2249370Z Found 0 errors 2026-04-09T20:23:12.7646160Z /Users/runner/work/spark/spark/common/sketch/src/main/java/org/apache/spark/util/sketch/CountMinSketch.java:159: warning: Tag '@exception' is not recognised 2026-04-09T20:23:13.2807680Z Found 0 errors 2026-04-09T20:23:35.1168980Z Found 0 errors,tz found errors tz found,Runtime Error,build,medium,Unexpected runtime exception,24.0
"2026-04-15T11:00:21.000Z ##[group]Run CI for apache/spark
2026-04-15T11:00:21.000Z Runner image: ubuntu-latest
2026-04-15T11:00:21.000Z Language: go
2026-04-15T11:00:21.000Z src/router/handler.py:263: SyntaxError: unexpected token '@'
2026-04-15T11:00:21.000Z pylint: E0001 syntax-error
2026-04-15T11:00:21.000Z ##[error]Build stopped due to syntax error",2026-04-15t11:00:21.000z group run ci for apache/spark 2026-04-15t11:00:21.000z runner image: ubuntu-latest 2026-04-15t11:00:21.000z language: go 2026-04-15t11:00:21.000z src/router/handler.py:263: syntaxerror: unexpected token 2026-04-15t11:00:21.000z pylint:,Syntax Error,build,high,Invalid code syntax detected by compiler or linter,
"2026-04-01T16:04:33.000Z ##[group]Run CI for pytorch/pytorch
2026-04-01T16:04:33.000Z Runner image: windows-latest
2026-04-01T16:04:33.000Z Language: python
2026-04-01T16:04:33.000Z aws secretsmanager get-secret-value --secret-id docker-token
2026-04-01T16:04:33.000Z AccessDeniedException: User is not authorized to perform secretsmanager:GetSecretValue
2026-04-01T16:04:33.000Z ##[error]permission denied while accessing deployment secret",2026-04-01t16:04:33.000z group run ci for pytorch/pytorch 2026-04-01t16:04:33.000z runner image: windows-latest 2026-04-01t16:04:33.000z language: python 2026-04-01t16:04:33.000z aws secretsmanager get-secret-value --secret-id docker-token 2026-04-01t16:04:33.000z,Permission Error,deploy,high,"Token, role, or filesystem permission denied",264.0
"2026-04-08T14:22:04.000Z ##[group]Run CI for apache/spark
2026-04-08T14:22:04.000Z Runner image: ubuntu-latest
2026-04-08T14:22:04.000Z Language: node
2026-04-08T14:22:04.000Z helm upgrade --install api ./charts/api
2026-04-08T14:22:04.000Z Error: UPGRADE FAILED: timed out waiting for the condition
2026-04-08T14:22:04.000Z ##[error]Deployment failed in production stage",2026-04-08t14:22:04.000z group run ci for apache/spark 2026-04-08t14:22:04.000z runner image: ubuntu-latest 2026-04-08t14:22:04.000z language: node 2026-04-08t14:22:04.000z helm upgrade --install api ./charts/api 2026-04-08t14:22:04.000z,Deployment Error,deploy,high,Release or deployment command failed,
"2026-04-01T09:08:51.000Z ##[group]Run CI for facebook/react
2026-04-01T09:08:51.000Z Runner image: ubuntu-latest
2026-04-01T09:08:51.000Z Language: go
2026-04-01T09:08:51.000Z ERROR: Module not found: Cannot resolve 'webpack'
2026-04-01T09:08:51.000Z npm ERR! code E404
2026-04-01T09:08:51.000Z ##[error]Dependency installation failed",2026-04-01t09:08:51.000z group run ci for facebook/react 2026-04-01t09:08:51.000z runner image: ubuntu-latest 2026-04-01t09:08:51.000z language: go 2026-04-01t09:08:51.000z error: module not found: cannot resolve,Dependency Error,build,high,Missing package or unresolved module dependency,212.0
"2026-04-08T08:00:43.000Z ##[group]Run CI for angular/angular
2026-04-08T08:00:43.000Z Runner image: windows-latest
2026-04-08T08:00:43.000Z Language: python
2026-04-08T08:00:43.000Z src/worker/handler.py:125: SyntaxError: unexpected token '{'
2026-04-08T08:00:43.000Z pylint: E0001 syntax-error
2026-04-08T08:00:43.000Z ##[error]Build stopped due to syntax error",2026-04-08t08:00:43.000z group run ci for angular/angular 2026-04-08t08:00:43.000z runner image: windows-latest 2026-04-08t08:00:43.000z language: python 2026-04-08t08:00:43.000z src/worker/handler.py:125: syntaxerror: unexpected token 2026-04-08t08:00:43.000z pylint:,Syntax Error,build,high,Invalid code syntax detected by compiler or linter,
"2026-04-01T13:20:08.000Z ##[group]Run CI for apache/spark
2026-04-01T13:20:08.000Z Runner image: ubuntu-latest
2026-04-01T13:20:08.000Z Language: rust
2026-04-01T13:20:08.000Z Starting module billing
2026-04-01T13:20:08.000Z Traceback (most recent call last): ValueError: invalid state transition in billing
2026-04-01T13:20:08.000Z ##[error]Runtime exception in test process",2026-04-01t13:20:08.000z group run ci for apache/spark 2026-04-01t13:20:08.000z runner image: ubuntu-latest 2026-04-01t13:20:08.000z language: rust 2026-04-01t13:20:08.000z starting module billing 2026-04-01t13:20:08.000z traceback most,Runtime Error,test,medium,Unhandled exception during job execution,236.0
"2026-04-04T19:17:49.000Z ##[group]Run CI for vercel/next.js
2026-04-04T19:17:49.000Z Runner image: windows-latest
2026-04-04T19:17:49.000Z Language: java
2026-04-04T19:17:49.000Z ERROR: Module not found: Cannot resolve 'torch'
2026-04-04T19:17:49.000Z npm ERR! code E404
2026-04-04T19:17:49.000Z ##[error]Dependency installation failed",2026-04-04t19:17:49.000z group run ci for vercel/next.js 2026-04-04t19:17:49.000z runner image: windows-latest 2026-04-04t19:17:49.000z language: java 2026-04-04t19:17:49.000z error: module not found: cannot resolve,Dependency Error,build,high,Missing package or unresolved module dependency,
"2026-04-15T05:20:33.000Z ##[group]Run CI for tensorflow/tensorflow
2026-04-15T05:20:33.000Z Runner image: windows-latest
2026-04-15T05:20:33.000Z Language: go
2026-04-15T05:20:33.000Z FAIL src/test/java/com/example/ServiceTest.java
2026-04-15T05:20:33.000Z AssertionError: expected 9 but received 11
2026-04-15T05:20:33.000Z ##[error]Test suite failed with exit code 1",2026-04-15t05:20:33.000z group run ci for tensorflow/tensorflow 2026-04-15t05:20:33.000z runner image: windows-latest 2026-04-15t05:20:33.000z language: go 2026-04-15t05:20:33.000z fail src/test/java/com/example/servicetest.java 2026-04-15t05:20:33.000z assertionerror: expected 9,Test Failure,test,medium,Assertion mismatch in CI test suite,
"2026-04-02T12:12:49.000Z ##[group]Run CI for django/django
2026-04-02T12:12:49.000Z Runner image: ubuntu-latest
2026-04-02T12:12:49.000Z Language: java
2026-04-02T12:12:49.000Z helm upgrade --install api ./charts/api
2026-04-02T12:12:49.000Z Error: UPGRADE FAILED: timed out waiting for the condition
2026-04-02T12:12:49.000Z ##[error]Deployment failed in production stage",2026-04-02t12:12:49.000z group run ci for django/django 2026-04-02t12:12:49.000z runner image: ubuntu-latest 2026-04-02t12:12:49.000z language: java 2026-04-02t12:12:49.000z helm upgrade --install api ./charts/api 2026-04-02t12:12:49.000z,Deployment Error,deploy,high,Release or deployment command failed,238.0
"2026-04-04T20:36:40.000Z ##[group]Run CI for microsoft/vscode
2026-04-04T20:36:40.000Z Runner image: windows-latest
2026-04-04T20:36:40.000Z Language: go
2026-04-04T20:36:40.000Z aws secretsmanager get-secret-value --secret-id docker-token
2026-04-04T20:36:40.000Z AccessDeniedException: User is not authorized to perform secretsmanager:GetSecretValue
2026-04-04T20:36:40.000Z ##[error]permission denied while accessing deployment secret",2026-04-04t20:36:40.000z group run ci for microsoft/vscode 2026-04-04t20:36:40.000z runner image: windows-latest 2026-04-04t20:36:40.000z language: go 2026-04-04t20:36:40.000z aws secretsmanager get-secret-value --secret-id docker-token 2026-04-04t20:36:40.000z,Permission Error,deploy,high,"Token, role, or filesystem permission denied",
"2026-04-04T19:19:06.000Z ##[group]Run CI for microsoft/vscode
2026-04-04T19:19:06.000Z Runner image: ubuntu-latest
2026-04-04T19:19:06.000Z Language: rust
2026-04-04T19:19:06.000Z ERROR: Module not found: Cannot resolve 'spring-core'
2026-04-04T19:19:06.000Z npm ERR! code E404
2026-04-04T19:19:06.000Z ##[error]Dependency installation failed",2026-04-04t19:19:06.000z group run ci for microsoft/vscode 2026-04-04t19:19:06.000z runner image: ubuntu-latest 2026-04-04t19:19:06.000z language: rust 2026-04-04t19:19:06.000z error: module not found: cannot resolve,Dependency Error,build,high,Missing package or unresolved module dependency,
"2026-04-01T09:14:35.000Z ##[group]Run CI for angular/angular
2026-04-01T09:14:35.000Z Runner image: ubuntu-latest
2026-04-01T09:14:35.000Z Language: node
2026-04-01T09:14:35.000Z src/scheduler/handler.py:57: SyntaxError: unexpected token '['
2026-04-01T09:14:35.000Z pylint: E0001 syntax-error
2026-04-01T09:14:35.000Z ##[error]Build stopped due to syntax error",2026-04-01t09:14:35.000z group run ci for angular/angular 2026-04-01t09:14:35.000z runner image: ubuntu-latest 2026-04-01t09:14:35.000z language: node 2026-04-01t09:14:35.000z src/scheduler/handler.py:57: syntaxerror: unexpected token 2026-04-01t09:14:35.000z pylint:,Syntax Error,build,high,Invalid code syntax detected by compiler or linter,267.0
"2026-04-01T07:54:45.000Z ##[group]Run CI for django/django
2026-04-01T07:54:45.000Z Runner image: macos-latest
2026-04-01T07:54:45.000Z Language: node
2026-04-01T07:54:45.000Z FAIL internal/runtime/retry_test.go
2026-04-01T07:54:45.000Z AssertionError: expected 1 but received 19
2026-04-01T07:54:45.000Z ##[error]Test suite failed with exit code 1",2026-04-01t07:54:45.000z group run ci for django/django 2026-04-01t07:54:45.000z runner image: macos-latest 2026-04-01t07:54:45.000z language: node 2026-04-01t07:54:45.000z fail internal/runtime/retry_test.go 2026-04-01t07:54:45.000z assertionerror: expected 1,Test Failure,test,medium,Assertion mismatch in CI test suite,260.0
"2026-04-01T14:02:11.000Z ##[group]Run CI for facebook/react
2026-04-01T14:02:11.000Z Runner image: ubuntu-latest
2026-04-01T14:02:11.000Z Language: java
2026-04-01T14:02:11.000Z helm upgrade --install api ./charts/api
2026-04-01T14:02:11.000Z Error: UPGRADE FAILED: timed out waiting for the condition
2026-04-01T14:02:11.000Z ##[error]Deployment failed in production stage",2026-04-01t14:02:11.000z group run ci for facebook/react 2026-04-01t14:02:11.000z runner image: ubuntu-latest 2026-04-01t14:02:11.000z language: java 2026-04-01t14:02:11.000z helm upgrade --install api ./charts/api 2026-04-01t14:02:11.000z,Deployment Error,deploy,high,Release or deployment command failed,239.0
"2026-04-01T08:26:36.000Z ##[group]Run CI for vercel/next.js
2026-04-01T08:26:36.000Z Runner image: ubuntu-latest
2026-04-01T08:26:36.000Z Language: go
2026-04-01T08:26:36.000Z ERROR: Module not found: Cannot resolve 'numpy'
2026-04-01T08:26:36.000Z npm ERR! code E404
2026-04-01T08:26:36.000Z ##[error]Dependency installation failed",2026-04-01t08:26:36.000z group run ci for vercel/next.js 2026-04-01t08:26:36.000z runner image: ubuntu-latest 2026-04-01t08:26:36.000z language: go 2026-04-01t08:26:36.000z error: module not found: cannot resolve,Dependency Error,build,high,Missing package or unresolved module dependency,212.0
2026-04-11T11:40:21.1704434Z Parsing testcases for test report: unzipped-test-reports-test-default-3-3-macos-m1-stable_70896705317/test/test-reports/python-pytest/dynamo.test_error_messages/dynamo.test_error_messages-c9b815f9bc7e8e56.xml 2026-04-11T11:40:21.1705915Z Parsing testcases for test report: unzipped-test-reports-test-default-3-3-macos-m1-stable_70896705317/test/test-reports/python-pytest/dynamo.test_error_messages/dynamo.test_error_messages-bfb87c962ff4b810.xml 2026-04-11T11:40:21.1707355Z Parsing testcases for test report: unzipped-test-reports-test-default-3-3-macos-m1-stable_70896705317/test/test-reports/python-pytest/dynamo.test_exceptions/dynamo.test_exceptions-a417b9c6d70e8b37.xml 2026-04-11T11:40:21.1708958Z Parsing testcases for test report: unzipped-test-reports-test-default-3-3-macos-m1-stable_70896705317/test/test-reports/python-pytest/dynamo.test_exceptions/dynamo.test_exceptions-70618b0d39c06717.xml 2026-04-11T11:40:30.1973077Z Writing 29 documents to S3 ossci-raw-job-status/failed_test_runs/24278386786/1,tz parsing testcases for test report,Test Failure,test,medium,auto-detected,36.0
"2026-04-11T22:33:44.000Z ##[group]Run CI for microsoft/vscode
2026-04-11T22:33:44.000Z Runner image: ubuntu-latest
2026-04-11T22:33:44.000Z Language: python
2026-04-11T22:33:44.000Z pytest -m integration --maxfail=1
2026-04-11T22:33:44.000Z Error: Process timed out after 15 minutes
2026-04-11T22:33:44.000Z ##[error]The operation was canceled",2026-04-11t22:33:44.000z group run ci for microsoft/vscode 2026-04-11t22:33:44.000z runner image: ubuntu-latest 2026-04-11t22:33:44.000z language: python 2026-04-11t22:33:44.000z pytest -m integration --maxfail 1 2026-04-11t22:33:44.000z,Timeout Error,test,medium,Long-running step exceeded CI timeout threshold,
"2026-04-15T15:44:02.000Z ##[group]Run CI for tensorflow/tensorflow
2026-04-15T15:44:02.000Z Runner image: macos-latest
2026-04-15T15:44:02.000Z Language: python
2026-04-15T15:44:02.000Z make build-ci -j4
2026-04-15T15:44:02.000Z gcc: fatal error: cannot execute 'cc1plus': No such file or directory
2026-04-15T15:44:02.000Z ##[error]Build failed with exit code 2",2026-04-15t15:44:02.000z group run ci for tensorflow/tensorflow 2026-04-15t15:44:02.000z runner image: macos-latest 2026-04-15t15:44:02.000z language: python 2026-04-15t15:44:02.000z make build-ci -j4 2026-04-15t15:44:02.000z gcc: fatal,Build Failure,build,high,Compilation or packaging process failed,
"""display_title"": ""MINOR: fix the Custom Exception Handler Implementation example."", ""message"": ""MINOR: fix the Custom Exception Handler Implementation example.\n\nReplace non-breaking spaces with regular spaces.\nReplace Record with ProducerRecord to make the code compilable"", 2026-04-11T02:02:48.4959617Z       ""display_title"": ""MINOR: fix the Custom Exception Handler Implementation example."", 2026-04-11T02:02:48.4966542Z         ""message"": ""MINOR: fix the Custom Exception Handler Implementation example.\n\nReplace non-breaking spaces with regular spaces.\nReplace Record with ProducerRecord to make the code compilable"", 2026-04-11T02:02:54.1518834Z ##[error]Process completed with exit code 1.",displaytitle minor fix the custom exception,Runtime Error,build,medium,auto-detected,43.0
"2026-04-02T20:32:17.000Z ##[group]Run CI for django/django
2026-04-02T20:32:17.000Z Runner image: macos-latest
2026-04-02T20:32:17.000Z Language: java
2026-04-02T20:32:17.000Z validating .github/workflows/ci.yml
2026-04-02T20:32:17.000Z workflow syntax error: Unexpected value 'stepz'
2026-04-02T20:32:17.000Z ##[error]Invalid workflow configuration",2026-04-02t20:32:17.000z group run ci for django/django 2026-04-02t20:32:17.000z runner image: macos-latest 2026-04-02t20:32:17.000z language: java 2026-04-02t20:32:17.000z validating .github/workflows/ci.yml 2026-04-02t20:32:17.000z workflow syntax error:,Configuration Error,build,high,Invalid workflow configuration or environment variable,256.0
"2026-04-02T03:20:56.000Z ##[group]Run CI for nodejs/node
2026-04-02T03:20:56.000Z Runner image: windows-latest
2026-04-02T03:20:56.000Z Language: rust
2026-04-02T03:20:56.000Z make build-ci -j4
2026-04-02T03:20:56.000Z gcc: fatal error: cannot execute 'cc1plus': No such file or directory
2026-04-02T03:20:56.000Z ##[error]Build failed with exit code 2",2026-04-02t03:20:56.000z group run ci for nodejs/node 2026-04-02t03:20:56.000z runner image: windows-latest 2026-04-02t03:20:56.000z language: rust 2026-04-02t03:20:56.000z make build-ci -j4 2026-04-02t03:20:56.000z gcc: fatal,Build Failure,build,high,Compilation or packaging process failed,226.0
"2026-04-15T18:28:55.000Z ##[group]Run CI for tensorflow/tensorflow
2026-04-15T18:28:55.000Z Runner image: windows-latest
2026-04-15T18:28:55.000Z Language: java
2026-04-15T18:28:55.000Z Starting module worker
2026-04-15T18:28:55.000Z Traceback (most recent call last): ValueError: invalid state transition in worker
2026-04-15T18:28:55.000Z ##[error]Runtime exception in test process",2026-04-15t18:28:55.000z group run ci for tensorflow/tensorflow 2026-04-15t18:28:55.000z runner image: windows-latest 2026-04-15t18:28:55.000z language: java 2026-04-15t18:28:55.000z starting module worker 2026-04-15t18:28:55.000z traceback most,Runtime Error,test,medium,Unhandled exception during job execution,
"2026-04-01T11:20:51.000Z ##[group]Run CI for pytorch/pytorch
2026-04-01T11:20:51.000Z Runner image: ubuntu-latest
2026-04-01T11:20:51.000Z Language: java
2026-04-01T11:20:51.000Z aws secretsmanager get-secret-value --secret-id docker-token
2026-04-01T11:20:51.000Z AccessDeniedException: User is not authorized to perform secretsmanager:GetSecretValue
2026-04-01T11:20:51.000Z ##[error]permission denied while accessing deployment secret",2026-04-01t11:20:51.000z group run ci for pytorch/pytorch 2026-04-01t11:20:51.000z runner image: ubuntu-latest 2026-04-01t11:20:51.000z language: java 2026-04-01t11:20:51.000z aws secretsmanager get-secret-value --secret-id docker-token 2026-04-01t11:20:51.000z,Permission Error,deploy,high,"Token, role, or filesystem permission denied",261.0
"2026-04-01T07:36:09.000Z ##[group]Run CI for microsoft/vscode
2026-04-01T07:36:09.000Z Runner image: macos-latest
2026-04-01T07:36:09.000Z Language: rust
2026-04-01T07:36:09.000Z FAIL src/test/java/com/example/ServiceTest.java
2026-04-01T07:36:09.000Z AssertionError: expected 3 but received 19
2026-04-01T07:36:09.000Z ##[error]Test suite failed with exit code 1",2026-04-01t07:36:09.000z group run ci for microsoft/vscode 2026-04-01t07:36:09.000z runner image: macos-latest 2026-04-01t07:36:09.000z language: rust 2026-04-01t07:36:09.000z fail src/test/java/com/example/servicetest.java 2026-04-01t07:36:09.000z assertionerror: expected 3,Test Failure,test,medium,Assertion mismatch in CI test suite,275.0
"2026-04-04T20:04:05.000Z ##[group]Run CI for apache/spark
2026-04-04T20:04:05.000Z Runner image: macos-latest
2026-04-04T20:04:05.000Z Language: go
2026-04-04T20:04:05.000Z pytest -m integration --maxfail=1
2026-04-04T20:04:05.000Z Error: Process timed out after 20 minutes
2026-04-04T20:04:05.000Z ##[error]The operation was canceled",2026-04-04t20:04:05.000z group run ci for apache/spark 2026-04-04t20:04:05.000z runner image: macos-latest 2026-04-04t20:04:05.000z language: go 2026-04-04t20:04:05.000z pytest -m integration --maxfail 1 2026-04-04t20:04:05.000z,Timeout Error,test,medium,Long-running step exceeded CI timeout threshold,
"2026-04-02T05:44:30.000Z ##[group]Run CI for spring-projects/spring-boot
2026-04-02T05:44:30.000Z Runner image: ubuntu-latest
2026-04-02T05:44:30.000Z Language: go
2026-04-02T05:44:30.000Z make build-ci -j4
2026-04-02T05:44:30.000Z gcc: fatal error: cannot execute 'cc1plus': No such file or directory
2026-04-02T05:44:30.000Z ##[error]Build failed with exit code 2",2026-04-02t05:44:30.000z group run ci for spring-projects/spring-boot 2026-04-02t05:44:30.000z runner image: ubuntu-latest 2026-04-02t05:44:30.000z language: go 2026-04-02t05:44:30.000z make build-ci -j4 2026-04-02t05:44:30.000z gcc: fatal,Build Failure,build,high,Compilation or packaging process failed,239.0
"2026-04-01T14:28:04.000Z ##[group]Run CI for apache/spark
2026-04-01T14:28:04.000Z Runner image: ubuntu-latest
2026-04-01T14:28:04.000Z Language: python
2026-04-01T14:28:04.000Z ERROR: Module not found: Cannot resolve 'spring-core'
2026-04-01T14:28:04.000Z npm ERR! code E404
2026-04-01T14:28:04.000Z ##[error]Dependency installation failed",2026-04-01t14:28:04.000z group run ci for apache/spark 2026-04-01t14:28:04.000z runner image: ubuntu-latest 2026-04-01t14:28:04.000z language: python 2026-04-01t14:28:04.000z error: module not found: cannot resolve,Dependency Error,build,high,Missing package or unresolved module dependency,214.0
"2026-04-02T04:44:55.000Z ##[group]Run CI for vercel/next.js
2026-04-02T04:44:55.000Z Runner image: windows-latest
2026-04-02T04:44:55.000Z Language: rust
2026-04-02T04:44:55.000Z make build-ci -j4
2026-04-02T04:44:55.000Z gcc: fatal error: cannot execute 'cc1plus': No such file or directory
2026-04-02T04:44:55.000Z ##[error]Build failed with exit code 2",2026-04-02t04:44:55.000z group run ci for vercel/next.js 2026-04-02t04:44:55.000z runner image: windows-latest 2026-04-02t04:44:55.000z language: rust 2026-04-02t04:44:55.000z make build-ci -j4 2026-04-02t04:44:55.000z gcc: fatal,Build Failure,build,high,Compilation or packaging process failed,229.0
"2026-04-11T17:18:53.000Z ##[group]Run CI for spring-projects/spring-boot
2026-04-11T17:18:53.000Z Runner image: ubuntu-latest
2026-04-11T17:18:53.000Z Language: go
2026-04-11T17:18:53.000Z FAIL compiler/src/tests/error_reporting.rs
2026-04-11T17:18:53.000Z AssertionError: expected 6 but received 20
2026-04-11T17:18:53.000Z ##[error]Test suite failed with exit code 1",2026-04-11t17:18:53.000z group run ci for spring-projects/spring-boot 2026-04-11t17:18:53.000z runner image: ubuntu-latest 2026-04-11t17:18:53.000z language: go 2026-04-11t17:18:53.000z fail compiler/src/tests/error_reporting.rs 2026-04-11t17:18:53.000z assertionerror: expected 6,Test Failure,test,medium,Assertion mismatch in CI test suite,
"2026-04-01T15:38:18.000Z ##[group]Run CI for spring-projects/spring-boot
2026-04-01T15:38:18.000Z Runner image: windows-latest
2026-04-01T15:38:18.000Z Language: java
2026-04-01T15:38:18.000Z aws secretsmanager get-secret-value --secret-id docker-token
2026-04-01T15:38:18.000Z AccessDeniedException: User is not authorized to perform secretsmanager:GetSecretValue
2026-04-01T15:38:18.000Z ##[error]permission denied while accessing deployment secret",2026-04-01t15:38:18.000z group run ci for spring-projects/spring-boot 2026-04-01t15:38:18.000z runner image: windows-latest 2026-04-01t15:38:18.000z language: java 2026-04-01t15:38:18.000z aws secretsmanager get-secret-value --secret-id docker-token 2026-04-01t15:38:18.000z,Permission Error,deploy,high,"Token, role, or filesystem permission denied",274.0
"2026-04-01T17:06:02.000Z ##[group]Run CI for tensorflow/tensorflow
2026-04-01T17:06:02.000Z Runner image: windows-latest
2026-04-01T17:06:02.000Z Language: rust
2026-04-01T17:06:02.000Z pytest -m integration --maxfail=1
2026-04-01T17:06:02.000Z Error: Process timed out after 15 minutes
2026-04-01T17:06:02.000Z ##[error]The operation was canceled",2026-04-01t17:06:02.000z group run ci for tensorflow/tensorflow 2026-04-01t17:06:02.000z runner image: windows-latest 2026-04-01t17:06:02.000z language: rust 2026-04-01t17:06:02.000z pytest -m integration --maxfail 1 2026-04-01t17:06:02.000z,Timeout Error,test,medium,Long-running step exceeded CI timeout threshold,241.0
"2026-04-02T00:36:59.000Z ##[group]Run CI for tensorflow/tensorflow
2026-04-02T00:36:59.000Z Runner image: ubuntu-latest
2026-04-02T00:36:59.000Z Language: node
2026-04-02T00:36:59.000Z make build-ci -j4
2026-04-02T00:36:59.000Z gcc: fatal error: cannot execute 'cc1plus': No such file or directory
2026-04-02T00:36:59.000Z ##[error]Build failed with exit code 2",2026-04-02t00:36:59.000z group run ci for tensorflow/tensorflow 2026-04-02t00:36:59.000z runner image: ubuntu-latest 2026-04-02t00:36:59.000z language: node 2026-04-02t00:36:59.000z make build-ci -j4 2026-04-02t00:36:59.000z gcc: fatal,Build Failure,build,high,Compilation or packaging process failed,235.0
"2026-04-01T17:34:20.000Z ##[group]Run CI for apache/spark
2026-04-01T17:34:20.000Z Runner image: macos-latest
2026-04-01T17:34:20.000Z Language: go
2026-04-01T17:34:20.000Z make build-ci -j4
2026-04-01T17:34:20.000Z gcc: fatal error: cannot execute 'cc1plus': No such file or directory
2026-04-01T17:34:20.000Z ##[error]Build failed with exit code 2",2026-04-01t17:34:20.000z group run ci for apache/spark 2026-04-01t17:34:20.000z runner image: macos-latest 2026-04-01t17:34:20.000z language: go 2026-04-01t17:34:20.000z make build-ci -j4 2026-04-01t17:34:20.000z gcc: fatal,Build Failure,build,high,Compilation or packaging process failed,223.0
2026-04-09T07:57:17.8317840Z 3.3/api/java/legal/ASSEMBLY_EXCEPTION 2026-04-09T07:57:17.8339242Z 3.3/api/java/org/springframework/boot/AotInitializerNotFoundException.html 2026-04-09T07:57:17.8353891Z 3.3/api/java/org/springframework/boot/ExitCodeExceptionMapper.html 2026-04-09T07:57:17.8359333Z 3.3/api/java/org/springframework/boot/SpringApplication.AbandonedRunException.html 2026-04-09T07:57:17.8366047Z 3.3/api/java/org/springframework/boot/SpringBootExceptionReporter.html,tz apijavalegalassemblyexception tz apijavaorgspringframeworkbootaotinitializernotfoundexceptionhtml tz,Runtime Error,build,medium,Unexpected runtime exception,103.0
"2026-04-01T15:35:55.000Z ##[group]Run CI for facebook/react
2026-04-01T15:35:55.000Z Runner image: macos-latest
2026-04-01T15:35:55.000Z Language: java
2026-04-01T15:35:55.000Z Pulling cache layer from registry
2026-04-01T15:35:55.000Z error: failed to solve: no space left on device
2026-04-01T15:35:55.000Z ##[error]Runner disk pressure caused job failure",2026-04-01t15:35:55.000z group run ci for facebook/react 2026-04-01t15:35:55.000z runner image: macos-latest 2026-04-01t15:35:55.000z language: java 2026-04-01t15:35:55.000z pulling cache layer from registry 2026-04-01t15:35:55.000z,Infrastructure Error,build,high,Runner or external service instability,232.0
"2026-04-02T10:52:35.000Z ##[group]Run CI for facebook/react
2026-04-02T10:52:35.000Z Runner image: ubuntu-latest
2026-04-02T10:52:35.000Z Language: go
2026-04-02T10:52:35.000Z Starting module compiler
2026-04-02T10:52:35.000Z Traceback (most recent call last): ValueError: invalid state transition in compiler
2026-04-02T10:52:35.000Z ##[error]Runtime exception in test process",2026-04-02t10:52:35.000z group run ci for facebook/react 2026-04-02t10:52:35.000z runner image: ubuntu-latest 2026-04-02t10:52:35.000z language: go 2026-04-02t10:52:35.000z starting module compiler 2026-04-02t10:52:35.000z traceback most,Runtime Error,test,medium,Unhandled exception during job execution,237.0
"2026-04-10T02:22:37.3655895Z :1 | error 2026-04-10T02:22:39.8422850Z Result: 54186 tests run, 983 skipped, 2 failed. 2026-04-10T02:22:40.5115218Z ##[error]Validation Failed: {""resource"":""CheckRun"",""code"":""invalid"",""field"":""annotations""} - https://docs.github.com/rest/checks/runs#create-a-check-run",tz error tz result tests,Test Failure,test,medium,Assertion or test case failure,24.0
"2026-04-16T00:52:58.000Z ##[group]Run CI for tensorflow/tensorflow
2026-04-16T00:52:58.000Z Runner image: ubuntu-latest
2026-04-16T00:52:58.000Z Language: node
2026-04-16T00:52:58.000Z validating .github/workflows/ci.yml
2026-04-16T00:52:58.000Z workflow syntax error: Unexpected value 'stepz'
2026-04-16T00:52:58.000Z ##[error]Invalid workflow configuration",2026-04-16t00:52:58.000z group run ci for tensorflow/tensorflow 2026-04-16t00:52:58.000z runner image: ubuntu-latest 2026-04-16t00:52:58.000z language: node 2026-04-16t00:52:58.000z validating .github/workflows/ci.yml 2026-04-16t00:52:58.000z workflow syntax error:,Configuration Error,build,high,Invalid workflow configuration or environment variable,
"2026-04-01T12:13:08.000Z ##[group]Run CI for spring-projects/spring-boot
2026-04-01T12:13:08.000Z Runner image: windows-latest
2026-04-01T12:13:08.000Z Language: rust
2026-04-01T12:13:08.000Z make build-ci -j4
2026-04-01T12:13:08.000Z gcc: fatal error: cannot execute 'cc1plus': No such file or directory
2026-04-01T12:13:08.000Z ##[error]Build failed with exit code 2",2026-04-01t12:13:08.000z group run ci for spring-projects/spring-boot 2026-04-01t12:13:08.000z runner image: windows-latest 2026-04-01t12:13:08.000z language: rust 2026-04-01t12:13:08.000z make build-ci -j4 2026-04-01t12:13:08.000z gcc: fatal,Build Failure,build,high,Compilation or packaging process failed,242.0
"2026-04-08T11:20:40.000Z ##[group]Run CI for vercel/next.js
2026-04-08T11:20:40.000Z Runner image: macos-latest
2026-04-08T11:20:40.000Z Language: java
2026-04-08T11:20:40.000Z make build-ci -j4
2026-04-08T11:20:40.000Z gcc: fatal error: cannot execute 'cc1plus': No such file or directory
2026-04-08T11:20:40.000Z ##[error]Build failed with exit code 2",2026-04-08t11:20:40.000z group run ci for vercel/next.js 2026-04-08t11:20:40.000z runner image: macos-latest 2026-04-08t11:20:40.000z language: java 2026-04-08t11:20:40.000z make build-ci -j4 2026-04-08t11:20:40.000z gcc: fatal,Build Failure,build,high,Compilation or packaging process failed,
"2026-04-04T23:14:51.000Z ##[group]Run CI for pytorch/pytorch
2026-04-04T23:14:51.000Z Runner image: ubuntu-latest
2026-04-04T23:14:51.000Z Language: java
2026-04-04T23:14:51.000Z Pulling cache layer from registry
2026-04-04T23:14:51.000Z error: failed to solve: no space left on device
2026-04-04T23:14:51.000Z ##[error]Runner disk pressure caused job failure",2026-04-04t23:14:51.000z group run ci for pytorch/pytorch 2026-04-04t23:14:51.000z runner image: ubuntu-latest 2026-04-04t23:14:51.000z language: java 2026-04-04t23:14:51.000z pulling cache layer from registry 2026-04-04t23:14:51.000z,Infrastructure Error,build,high,Runner or external service instability,
"2026-04-01T07:42:16.000Z ##[group]Run CI for nodejs/node
2026-04-01T07:42:16.000Z Runner image: ubuntu-latest
2026-04-01T07:42:16.000Z Language: go
2026-04-01T07:42:16.000Z FAIL compiler/src/tests/error_reporting.rs
2026-04-01T07:42:16.000Z AssertionError: expected 10 but received 17
2026-04-01T07:42:16.000Z ##[error]Test suite failed with exit code 1",2026-04-01t07:42:16.000z group run ci for nodejs/node 2026-04-01t07:42:16.000z runner image: ubuntu-latest 2026-04-01t07:42:16.000z language: go 2026-04-01t07:42:16.000z fail compiler/src/tests/error_reporting.rs 2026-04-01t07:42:16.000z assertionerror: expected 10,Test Failure,test,medium,Assertion mismatch in CI test suite,265.0
"2026-04-12T00:12:21.000Z ##[group]Run CI for nodejs/node
2026-04-12T00:12:21.000Z Runner image: windows-latest
2026-04-12T00:12:21.000Z Language: rust
2026-04-12T00:12:21.000Z aws secretsmanager get-secret-value --secret-id docker-token
2026-04-12T00:12:21.000Z AccessDeniedException: User is not authorized to perform secretsmanager:GetSecretValue
2026-04-12T00:12:21.000Z ##[error]permission denied while accessing deployment secret",2026-04-12t00:12:21.000z group run ci for nodejs/node 2026-04-12t00:12:21.000z runner image: windows-latest 2026-04-12t00:12:21.000z language: rust 2026-04-12t00:12:21.000z aws secretsmanager get-secret-value --secret-id docker-token 2026-04-12t00:12:21.000z,Permission Error,deploy,high,"Token, role, or filesystem permission denied",
"2026-04-01T21:00:32.000Z ##[group]Run CI for nodejs/node
2026-04-01T21:00:32.000Z Runner image: macos-latest
2026-04-01T21:00:32.000Z Language: node
2026-04-01T21:00:32.000Z aws secretsmanager get-secret-value --secret-id docker-token
2026-04-01T21:00:32.000Z AccessDeniedException: User is not authorized to perform secretsmanager:GetSecretValue
2026-04-01T21:00:32.000Z ##[error]permission denied while accessing deployment secret",2026-04-01t21:00:32.000z group run ci for nodejs/node 2026-04-01t21:00:32.000z runner image: macos-latest 2026-04-01t21:00:32.000z language: node 2026-04-01t21:00:32.000z aws secretsmanager get-secret-value --secret-id docker-token 2026-04-01t21:00:32.000z,Permission Error,deploy,high,"Token, role, or filesystem permission denied",256.0
"2026-04-01T10:10:26.000Z ##[group]Run CI for angular/angular
2026-04-01T10:10:26.000Z Runner image: macos-latest
2026-04-01T10:10:26.000Z Language: rust
2026-04-01T10:10:26.000Z pytest -m integration --maxfail=1
2026-04-01T10:10:26.000Z Error: Process timed out after 20 minutes
2026-04-01T10:10:26.000Z ##[error]The operation was canceled",2026-04-01t10:10:26.000z group run ci for angular/angular 2026-04-01t10:10:26.000z runner image: macos-latest 2026-04-01t10:10:26.000z language: rust 2026-04-01t10:10:26.000z pytest -m integration --maxfail 1 2026-04-01t10:10:26.000z,Timeout Error,test,medium,Long-running step exceeded CI timeout threshold,233.0
"2026-04-08T07:26:57.8862550Z   fail_ci_if_error: false 2026-04-08T07:26:57.8952733Z [36;1m  echo ""Error: The following required dependencies are missing:$missing_deps""[0m 2026-04-08T07:26:58.0706306Z   CC_FAIL_ON_ERROR: false 2026-04-08T07:26:21.1857554Z keras/src/backend/common/dtypes_test.py::DtypesTest::test_valid_dtype_leading_to_keyerror_and_valueerror PASSED [  2%] 2026-04-08T07:26:21.6824268Z keras/src/backend/common/name_scope_test.py::NameScopeTest::test_errors PASSED [  2%]",tz failciiferror false tz m,Test Failure,test,medium,Assertion or test case failure,27.0
"2026-04-01T10:33:21.000Z ##[group]Run CI for tensorflow/tensorflow
2026-04-01T10:33:21.000Z Runner image: macos-latest
2026-04-01T10:33:21.000Z Language: java
2026-04-01T10:33:21.000Z ERROR: Module not found: Cannot resolve 'torch'
2026-04-01T10:33:21.000Z npm ERR! code E404
2026-04-01T10:33:21.000Z ##[error]Dependency installation failed",2026-04-01t10:33:21.000z group run ci for tensorflow/tensorflow 2026-04-01t10:33:21.000z runner image: macos-latest 2026-04-01t10:33:21.000z language: java 2026-04-01t10:33:21.000z error: module not found: cannot resolve,Dependency Error,build,high,Missing package or unresolved module dependency,220.0
"2026-04-01T12:24:12.000Z ##[group]Run CI for vercel/next.js
2026-04-01T12:24:12.000Z Runner image: ubuntu-latest
2026-04-01T12:24:12.000Z Language: rust
2026-04-01T12:24:12.000Z make build-ci -j4
2026-04-01T12:24:12.000Z gcc: fatal error: cannot execute 'cc1plus': No such file or directory
2026-04-01T12:24:12.000Z ##[error]Build failed with exit code 2",2026-04-01t12:24:12.000z group run ci for vercel/next.js 2026-04-01t12:24:12.000z runner image: ubuntu-latest 2026-04-01t12:24:12.000z language: rust 2026-04-01t12:24:12.000z make build-ci -j4 2026-04-01t12:24:12.000z gcc: fatal,Build Failure,build,high,Compilation or packaging process failed,228.0
"2026-04-01T08:08:03.000Z ##[group]Run CI for facebook/react
2026-04-01T08:08:03.000Z Runner image: ubuntu-latest
2026-04-01T08:08:03.000Z Language: rust
2026-04-01T08:08:03.000Z FAIL compiler/src/tests/error_reporting.rs
2026-04-01T08:08:03.000Z AssertionError: expected 2 but received 13
2026-04-01T08:08:03.000Z ##[error]Test suite failed with exit code 1",2026-04-01t08:08:03.000z group run ci for facebook/react 2026-04-01t08:08:03.000z runner image: ubuntu-latest 2026-04-01t08:08:03.000z language: rust 2026-04-01t08:08:03.000z fail compiler/src/tests/error_reporting.rs 2026-04-01t08:08:03.000z assertionerror: expected 2,Test Failure,test,medium,Assertion mismatch in CI test suite,269.0
"2026-04-15T10:40:42.000Z ##[group]Run CI for tensorflow/tensorflow
2026-04-15T10:40:42.000Z Runner image: macos-latest
2026-04-15T10:40:42.000Z Language: python
2026-04-15T10:40:42.000Z src/scheduler/handler.py:45: SyntaxError: unexpected token '{'
2026-04-15T10:40:42.000Z pylint: E0001 syntax-error
2026-04-15T10:40:42.000Z ##[error]Build stopped due to syntax error",2026-04-15t10:40:42.000z group run ci for tensorflow/tensorflow 2026-04-15t10:40:42.000z runner image: macos-latest 2026-04-15t10:40:42.000z language: python 2026-04-15t10:40:42.000z src/scheduler/handler.py:45: syntaxerror: unexpected token 2026-04-15t10:40:42.000z pylint:,Syntax Error,build,high,Invalid code syntax detected by compiler or linter,
"2026-04-02T09:57:10.000Z ##[group]Run CI for facebook/react
2026-04-02T09:57:10.000Z Runner image: ubuntu-latest
2026-04-02T09:57:10.000Z Language: go
2026-04-02T09:57:10.000Z Pulling cache layer from registry
2026-04-02T09:57:10.000Z error: failed to solve: no space left on device
2026-04-02T09:57:10.000Z ##[error]Runner disk pressure caused job failure",2026-04-02t09:57:10.000z group run ci for facebook/react 2026-04-02t09:57:10.000z runner image: ubuntu-latest 2026-04-02t09:57:10.000z language: go 2026-04-02t09:57:10.000z pulling cache layer from registry 2026-04-02t09:57:10.000z,Infrastructure Error,build,high,Runner or external service instability,231.0
"2026-04-08T09:46:04.000Z ##[group]Run CI for spring-projects/spring-boot
2026-04-08T09:46:04.000Z Runner image: ubuntu-latest
2026-04-08T09:46:04.000Z Language: node
2026-04-08T09:46:04.000Z pytest -m integration --maxfail=1
2026-04-08T09:46:04.000Z Error: Process timed out after 10 minutes
2026-04-08T09:46:04.000Z ##[error]The operation was canceled",2026-04-08t09:46:04.000z group run ci for spring-projects/spring-boot 2026-04-08t09:46:04.000z runner image: ubuntu-latest 2026-04-08t09:46:04.000z language: node 2026-04-08t09:46:04.000z pytest -m integration --maxfail 1 2026-04-08t09:46:04.000z,Timeout Error,test,medium,Long-running step exceeded CI timeout threshold,
"2026-04-01T16:36:19.000Z ##[group]Run CI for spring-projects/spring-boot
2026-04-01T16:36:19.000Z Runner image: ubuntu-latest
2026-04-01T16:36:19.000Z Language: python
2026-04-01T16:36:19.000Z aws secretsmanager get-secret-value --secret-id docker-token
2026-04-01T16:36:19.000Z AccessDeniedException: User is not authorized to perform secretsmanager:GetSecretValue
2026-04-01T16:36:19.000Z ##[error]permission denied while accessing deployment secret",2026-04-01t16:36:19.000z group run ci for spring-projects/spring-boot 2026-04-01t16:36:19.000z runner image: ubuntu-latest 2026-04-01t16:36:19.000z language: python 2026-04-01t16:36:19.000z aws secretsmanager get-secret-value --secret-id docker-token 2026-04-01t16:36:19.000z,Permission Error,deploy,high,"Token, role, or filesystem permission denied",275.0
"2026-04-04T21:50:47.000Z ##[group]Run CI for tensorflow/tensorflow
2026-04-04T21:50:47.000Z Runner image: ubuntu-latest
2026-04-04T21:50:47.000Z Language: python
2026-04-04T21:50:47.000Z Starting module compiler
2026-04-04T21:50:47.000Z Traceback (most recent call last): ValueError: invalid state transition in compiler
2026-04-04T21:50:47.000Z ##[error]Runtime exception in test process",2026-04-04t21:50:47.000z group run ci for tensorflow/tensorflow 2026-04-04t21:50:47.000z runner image: ubuntu-latest 2026-04-04t21:50:47.000z language: python 2026-04-04t21:50:47.000z starting module compiler 2026-04-04t21:50:47.000z traceback most,Runtime Error,test,medium,Unhandled exception during job execution,
"2026-04-01T13:47:53.000Z ##[group]Run CI for spring-projects/spring-boot
2026-04-01T13:47:53.000Z Runner image: macos-latest
2026-04-01T13:47:53.000Z Language: python
2026-04-01T13:47:53.000Z Starting module router
2026-04-01T13:47:53.000Z Traceback (most recent call last): ValueError: invalid state transition in router
2026-04-01T13:47:53.000Z ##[error]Runtime exception in test process",2026-04-01t13:47:53.000z group run ci for spring-projects/spring-boot 2026-04-01t13:47:53.000z runner image: macos-latest 2026-04-01t13:47:53.000z language: python 2026-04-01t13:47:53.000z starting module router 2026-04-01t13:47:53.000z traceback most,Runtime Error,test,medium,Unhandled exception during job execution,251.0
"2026-04-11T21:00:34.000Z ##[group]Run CI for vercel/next.js
2026-04-11T21:00:34.000Z Runner image: ubuntu-latest
2026-04-11T21:00:34.000Z Language: go
2026-04-11T21:00:34.000Z src/compiler/handler.py:222: SyntaxError: unexpected token '['
2026-04-11T21:00:34.000Z pylint: E0001 syntax-error
2026-04-11T21:00:34.000Z ##[error]Build stopped due to syntax error",2026-04-11t21:00:34.000z group run ci for vercel/next.js 2026-04-11t21:00:34.000z runner image: ubuntu-latest 2026-04-11t21:00:34.000z language: go 2026-04-11t21:00:34.000z src/compiler/handler.py:222: syntaxerror: unexpected token 2026-04-11t21:00:34.000z pylint:,Syntax Error,build,high,Invalid code syntax detected by compiler or linter,
"2026-04-08T07:22:42.000Z ##[group]Run CI for facebook/react
2026-04-08T07:22:42.000Z Runner image: windows-latest
2026-04-08T07:22:42.000Z Language: node
2026-04-08T07:22:42.000Z ERROR: Module not found: Cannot resolve 'react-dom'
2026-04-08T07:22:42.000Z npm ERR! code E404
2026-04-08T07:22:42.000Z ##[error]Dependency installation failed",2026-04-08t07:22:42.000z group run ci for facebook/react 2026-04-08t07:22:42.000z runner image: windows-latest 2026-04-08t07:22:42.000z language: node 2026-04-08t07:22:42.000z error: module not found: cannot resolve,Dependency Error,build,high,Missing package or unresolved module dependency,
"2026-04-08T07:32:14.000Z ##[group]Run CI for apache/spark
2026-04-08T07:32:14.000Z Runner image: windows-latest
2026-04-08T07:32:14.000Z Language: java
2026-04-08T07:32:14.000Z ERROR: Module not found: Cannot resolve 'react-dom'
2026-04-08T07:32:14.000Z npm ERR! code E404
2026-04-08T07:32:14.000Z ##[error]Dependency installation failed",2026-04-08t07:32:14.000z group run ci for apache/spark 2026-04-08t07:32:14.000z runner image: windows-latest 2026-04-08t07:32:14.000z language: java 2026-04-08t07:32:14.000z error: module not found: cannot resolve,Dependency Error,build,high,Missing package or unresolved module dependency,
"2026-04-02T12:57:20.000Z ##[group]Run CI for django/django
2026-04-02T12:57:20.000Z Runner image: macos-latest
2026-04-02T12:57:20.000Z Language: python
2026-04-02T12:57:20.000Z validating .github/workflows/ci.yml
2026-04-02T12:57:20.000Z workflow syntax error: Unexpected value 'stepz'
2026-04-02T12:57:20.000Z ##[error]Invalid workflow configuration",2026-04-02t12:57:20.000z group run ci for django/django 2026-04-02t12:57:20.000z runner image: macos-latest 2026-04-02t12:57:20.000z language: python 2026-04-02t12:57:20.000z validating .github/workflows/ci.yml 2026-04-02t12:57:20.000z workflow syntax error:,Configuration Error,build,high,Invalid workflow configuration or environment variable,258.0
"2026-04-04T18:53:37.000Z ##[group]Run CI for nodejs/node
2026-04-04T18:53:37.000Z Runner image: ubuntu-latest
2026-04-04T18:53:37.000Z Language: java
2026-04-04T18:53:37.000Z FAIL compiler/src/tests/error_reporting.rs
2026-04-04T18:53:37.000Z AssertionError: expected 1 but received 16
2026-04-04T18:53:37.000Z ##[error]Test suite failed with exit code 1",2026-04-04t18:53:37.000z group run ci for nodejs/node 2026-04-04t18:53:37.000z runner image: ubuntu-latest 2026-04-04t18:53:37.000z language: java 2026-04-04t18:53:37.000z fail compiler/src/tests/error_reporting.rs 2026-04-04t18:53:37.000z assertionerror: expected 1,Test Failure,test,medium,Assertion mismatch in CI test suite,
"2026-04-02T16:44:50.000Z ##[group]Run CI for spring-projects/spring-boot
2026-04-02T16:44:50.000Z Runner image: macos-latest
2026-04-02T16:44:50.000Z Language: node
2026-04-02T16:44:50.000Z Pulling cache layer from registry
2026-04-02T16:44:50.000Z error: failed to solve: no space left on device
2026-04-02T16:44:50.000Z ##[error]Runner disk pressure caused job failure",2026-04-02t16:44:50.000z group run ci for spring-projects/spring-boot 2026-04-02t16:44:50.000z runner image: macos-latest 2026-04-02t16:44:50.000z language: node 2026-04-02t16:44:50.000z pulling cache layer from registry 2026-04-02t16:44:50.000z,Infrastructure Error,build,high,Runner or external service instability,245.0
"2026-04-11T19:54:01.000Z ##[group]Run CI for pytorch/pytorch
2026-04-11T19:54:01.000Z Runner image: macos-latest
2026-04-11T19:54:01.000Z Language: rust
2026-04-11T19:54:01.000Z ERROR: Module not found: Cannot resolve 'react-dom'
2026-04-11T19:54:01.000Z npm ERR! code E404
2026-04-11T19:54:01.000Z ##[error]Dependency installation failed",2026-04-11t19:54:01.000z group run ci for pytorch/pytorch 2026-04-11t19:54:01.000z runner image: macos-latest 2026-04-11t19:54:01.000z language: rust 2026-04-11t19:54:01.000z error: module not found: cannot resolve,Dependency Error,build,high,Missing package or unresolved module dependency,
"2026-04-02T14:16:37.000Z ##[group]Run CI for facebook/react
2026-04-02T14:16:37.000Z Runner image: macos-latest
2026-04-02T14:16:37.000Z Language: rust
2026-04-02T14:16:37.000Z helm upgrade --install api ./charts/api
2026-04-02T14:16:37.000Z Error: UPGRADE FAILED: timed out waiting for the condition
2026-04-02T14:16:37.000Z ##[error]Deployment failed in production stage",2026-04-02t14:16:37.000z group run ci for facebook/react 2026-04-02t14:16:37.000z runner image: macos-latest 2026-04-02t14:16:37.000z language: rust 2026-04-02t14:16:37.000z helm upgrade --install api ./charts/api 2026-04-02t14:16:37.000z,Deployment Error,deploy,high,Release or deployment command failed,238.0
"2026-04-02T00:56:44.000Z ##[group]Run CI for nodejs/node
2026-04-02T00:56:44.000Z Runner image: ubuntu-latest
2026-04-02T00:56:44.000Z Language: python
2026-04-02T00:56:44.000Z Pulling cache layer from registry
2026-04-02T00:56:44.000Z error: failed to solve: no space left on device
2026-04-02T00:56:44.000Z ##[error]Runner disk pressure caused job failure",2026-04-02t00:56:44.000z group run ci for nodejs/node 2026-04-02t00:56:44.000z runner image: ubuntu-latest 2026-04-02t00:56:44.000z language: python 2026-04-02t00:56:44.000z pulling cache layer from registry 2026-04-02t00:56:44.000z,Infrastructure Error,build,high,Runner or external service instability,232.0
"2026-04-04T23:48:41.000Z ##[group]Run CI for angular/angular
2026-04-04T23:48:41.000Z Runner image: ubuntu-latest
2026-04-04T23:48:41.000Z Language: python
2026-04-04T23:48:41.000Z validating .github/workflows/ci.yml
2026-04-04T23:48:41.000Z workflow syntax error: Unexpected value 'stepz'
2026-04-04T23:48:41.000Z ##[error]Invalid workflow configuration",2026-04-04t23:48:41.000z group run ci for angular/angular 2026-04-04t23:48:41.000z runner image: ubuntu-latest 2026-04-04t23:48:41.000z language: python 2026-04-04t23:48:41.000z validating .github/workflows/ci.yml 2026-04-04t23:48:41.000z workflow syntax error:,Configuration Error,build,high,Invalid workflow configuration or environment variable,
"2026-04-15T14:08:45.000Z ##[group]Run CI for django/django
2026-04-15T14:08:45.000Z Runner image: ubuntu-latest
2026-04-15T14:08:45.000Z Language: java
2026-04-15T14:08:45.000Z aws secretsmanager get-secret-value --secret-id docker-token
2026-04-15T14:08:45.000Z AccessDeniedException: User is not authorized to perform secretsmanager:GetSecretValue
2026-04-15T14:08:45.000Z ##[error]permission denied while accessing deployment secret",2026-04-15t14:08:45.000z group run ci for django/django 2026-04-15t14:08:45.000z runner image: ubuntu-latest 2026-04-15t14:08:45.000z language: java 2026-04-15t14:08:45.000z aws secretsmanager get-secret-value --secret-id docker-token 2026-04-15t14:08:45.000z,Permission Error,deploy,high,"Token, role, or filesystem permission denied",
"2026-04-08T12:08:08.000Z ##[group]Run CI for angular/angular
2026-04-08T12:08:08.000Z Runner image: ubuntu-latest
2026-04-08T12:08:08.000Z Language: java
2026-04-08T12:08:08.000Z make build-ci -j4
2026-04-08T12:08:08.000Z gcc: fatal error: cannot execute 'cc1plus': No such file or directory
2026-04-08T12:08:08.000Z ##[error]Build failed with exit code 2",2026-04-08t12:08:08.000z group run ci for angular/angular 2026-04-08t12:08:08.000z runner image: ubuntu-latest 2026-04-08t12:08:08.000z language: java 2026-04-08t12:08:08.000z make build-ci -j4 2026-04-08t12:08:08.000z gcc: fatal,Build Failure,build,high,Compilation or packaging process failed,
"2026-04-01T16:24:09.000Z ##[group]Run CI for vercel/next.js
2026-04-01T16:24:09.000Z Runner image: ubuntu-latest
2026-04-01T16:24:09.000Z Language: node
2026-04-01T16:24:09.000Z validating .github/workflows/ci.yml
2026-04-01T16:24:09.000Z workflow syntax error: Unexpected value 'stepz'
2026-04-01T16:24:09.000Z ##[error]Invalid workflow configuration",2026-04-01t16:24:09.000z group run ci for vercel/next.js 2026-04-01t16:24:09.000z runner image: ubuntu-latest 2026-04-01t16:24:09.000z language: node 2026-04-01t16:24:09.000z validating .github/workflows/ci.yml 2026-04-01t16:24:09.000z workflow syntax error:,Configuration Error,build,high,Invalid workflow configuration or environment variable,258.0
"2026-04-01T10:08:05.000Z ##[group]Run CI for apache/spark
2026-04-01T10:08:05.000Z Runner image: ubuntu-latest
2026-04-01T10:08:05.000Z Language: python
2026-04-01T10:08:05.000Z pytest -m integration --maxfail=1
2026-04-01T10:08:05.000Z Error: Process timed out after 30 minutes
2026-04-01T10:08:05.000Z ##[error]The operation was canceled",2026-04-01t10:08:05.000z group run ci for apache/spark 2026-04-01t10:08:05.000z runner image: ubuntu-latest 2026-04-01t10:08:05.000z language: python 2026-04-01t10:08:05.000z pytest -m integration --maxfail 1 2026-04-01t10:08:05.000z,Timeout Error,test,medium,Long-running step exceeded CI timeout threshold,233.0
"2026-04-01T16:44:37.000Z ##[group]Run CI for spring-projects/spring-boot
2026-04-01T16:44:37.000Z Runner image: ubuntu-latest
2026-04-01T16:44:37.000Z Language: rust
2026-04-01T16:44:37.000Z aws secretsmanager get-secret-value --secret-id docker-token
2026-04-01T16:44:37.000Z AccessDeniedException: User is not authorized to perform secretsmanager:GetSecretValue
2026-04-01T16:44:37.000Z ##[error]permission denied while accessing deployment secret",2026-04-01t16:44:37.000z group run ci for spring-projects/spring-boot 2026-04-01t16:44:37.000z runner image: ubuntu-latest 2026-04-01t16:44:37.000z language: rust 2026-04-01t16:44:37.000z aws secretsmanager get-secret-value --secret-id docker-token 2026-04-01t16:44:37.000z,Permission Error,deploy,high,"Token, role, or filesystem permission denied",273.0
2026-04-10T10:38:37.1049468Z Removing test/e2e/app-dir/parallel-routes-leaf-segments/parallel-routes-leaf-segments.no-build-error.test.ts.results.json 2026-04-10T10:38:37.1067469Z Removing test/e2e/next-link-errors/next-link-errors.test.ts.results.json 2026-04-10T10:38:37.1132775Z Removing test/e2e/on-request-error/basic/basic.test.ts.results.json 2026-04-10T10:38:37.1140075Z Removing test/production/fallback-export-error/index.test.ts.results.json 2026-04-10T10:39:16.2855041Z Failed to auto merge main branch: Error: Command failed: cd /github/runner_temp/next-stats-hU2gpI/diff-repo && git merge upstream/canary,tz removing testeeappdirparallelroutesleafsegmentsparallelroutesleafsegmentsnobuilderrortesttsresultsjson tz removing,Test Failure,test,medium,Assertion or test case failure,117.0
"2026-04-15T08:24:00.000Z ##[group]Run CI for vercel/next.js
2026-04-15T08:24:00.000Z Runner image: windows-latest
2026-04-15T08:24:00.000Z Language: python
2026-04-15T08:24:00.000Z ERROR: Module not found: Cannot resolve 'spring-core'
2026-04-15T08:24:00.000Z npm ERR! code E404
2026-04-15T08:24:00.000Z ##[error]Dependency installation failed",2026-04-15t08:24:00.000z group run ci for vercel/next.js 2026-04-15t08:24:00.000z runner image: windows-latest 2026-04-15t08:24:00.000z language: python 2026-04-15t08:24:00.000z error: module not found: cannot resolve,Dependency Error,build,high,Missing package or unresolved module dependency,
"2026-04-01T21:33:39.000Z ##[group]Run CI for spring-projects/spring-boot
2026-04-01T21:33:39.000Z Runner image: windows-latest
2026-04-01T21:33:39.000Z Language: node
2026-04-01T21:33:39.000Z aws secretsmanager get-secret-value --secret-id docker-token
2026-04-01T21:33:39.000Z AccessDeniedException: User is not authorized to perform secretsmanager:GetSecretValue
2026-04-01T21:33:39.000Z ##[error]permission denied while accessing deployment secret",2026-04-01t21:33:39.000z group run ci for spring-projects/spring-boot 2026-04-01t21:33:39.000z runner image: windows-latest 2026-04-01t21:33:39.000z language: node 2026-04-01t21:33:39.000z aws secretsmanager get-secret-value --secret-id docker-token 2026-04-01t21:33:39.000z,Permission Error,deploy,high,"Token, role, or filesystem permission denied",274.0
"2026-04-08T06:48:03.000Z ##[group]Run CI for facebook/react
2026-04-08T06:48:03.000Z Runner image: ubuntu-latest
2026-04-08T06:48:03.000Z Language: rust
2026-04-08T06:48:03.000Z FAIL compiler/src/tests/error_reporting.rs
2026-04-08T06:48:03.000Z AssertionError: expected 2 but received 13
2026-04-08T06:48:03.000Z ##[error]Test suite failed with exit code 1",2026-04-08t06:48:03.000z group run ci for facebook/react 2026-04-08t06:48:03.000z runner image: ubuntu-latest 2026-04-08t06:48:03.000z language: rust 2026-04-08t06:48:03.000z fail compiler/src/tests/error_reporting.rs 2026-04-08t06:48:03.000z assertionerror: expected 2,Test Failure,test,medium,Assertion mismatch in CI test suite,
"2026-04-11T05:35:08.7117206Z ##[group]Run if [[ ""$MODULES_TO_TEST"" == *""pyspark-errors""* ]]; then 2026-04-11T05:35:08.7117673Z [36;1mif [[ ""$MODULES_TO_TEST"" == *""pyspark-errors""* ]]; then[0m 2026-04-11T05:37:25.5825556Z [0m[[0m[33mwarn[0m] [0m[0mApplicable -Wconf / @nowarn filters for this warning: msg=<part of the message>, cat=deprecation, site=org.apache.spark.scheduler.TaskSetExcludelist.updateExcludedForFailedTask, origin=org.apache.spark.scheduler.SparkListenerExecutorBlacklistedForStage, version=3.1.0[0m 2026-04-11T05:37:25.5873844Z [0m[[0m[33mwarn[0m] [0m[0mApplicable -Wconf / @nowarn filters for this warning: msg=<part of the message>, cat=deprecation, site=org.apache.spark.scheduler.TaskSetExcludelist.updateExcludedForFailedTask, origin=org.apache.spark.scheduler.SparkListenerNodeBlacklistedForStage, version=3.1.0[0m 2026-04-11T05:39:59.0838253Z [0m[[0m[33mwarn[0m] [0m[0m    intercept[IllegalArgumentException](new StreamingContext(""nosuchdirectory""))[0m",tz grouprun if modulestotest pysparkerrors then,Runtime Error,build,medium,auto-detected,47.0
"2026-04-12T00:39:40.000Z ##[group]Run CI for tensorflow/tensorflow
2026-04-12T00:39:40.000Z Runner image: windows-latest
2026-04-12T00:39:40.000Z Language: rust
2026-04-12T00:39:40.000Z aws secretsmanager get-secret-value --secret-id docker-token
2026-04-12T00:39:40.000Z AccessDeniedException: User is not authorized to perform secretsmanager:GetSecretValue
2026-04-12T00:39:40.000Z ##[error]permission denied while accessing deployment secret",2026-04-12t00:39:40.000z group run ci for tensorflow/tensorflow 2026-04-12t00:39:40.000z runner image: windows-latest 2026-04-12t00:39:40.000z language: rust 2026-04-12t00:39:40.000z aws secretsmanager get-secret-value --secret-id docker-token 2026-04-12t00:39:40.000z,Permission Error,deploy,high,"Token, role, or filesystem permission denied",
"2026-04-15T11:12:31.000Z ##[group]Run CI for spring-projects/spring-boot
2026-04-15T11:12:31.000Z Runner image: ubuntu-latest
2026-04-15T11:12:31.000Z Language: python
2026-04-15T11:12:31.000Z pytest -m integration --maxfail=1
2026-04-15T11:12:31.000Z Error: Process timed out after 15 minutes
2026-04-15T11:12:31.000Z ##[error]The operation was canceled",2026-04-15t11:12:31.000z group run ci for spring-projects/spring-boot 2026-04-15t11:12:31.000z runner image: ubuntu-latest 2026-04-15t11:12:31.000z language: python 2026-04-15t11:12:31.000z pytest -m integration --maxfail 1 2026-04-15t11:12:31.000z,Timeout Error,test,medium,Long-running step exceeded CI timeout threshold,
"2026-04-01T09:46:39.000Z ##[group]Run CI for pytorch/pytorch
2026-04-01T09:46:39.000Z Runner image: ubuntu-latest
2026-04-01T09:46:39.000Z Language: node
2026-04-01T09:46:39.000Z src/compiler/handler.py:177: SyntaxError: unexpected token ')'
2026-04-01T09:46:39.000Z pylint: E0001 syntax-error
2026-04-01T09:46:39.000Z ##[error]Build stopped due to syntax error",2026-04-01t09:46:39.000z group run ci for pytorch/pytorch 2026-04-01t09:46:39.000z runner image: ubuntu-latest 2026-04-01t09:46:39.000z language: node 2026-04-01t09:46:39.000z src/compiler/handler.py:177: syntaxerror: unexpected token 2026-04-01t09:46:39.000z pylint:,Syntax Error,build,high,Invalid code syntax detected by compiler or linter,267.0
"2026-04-01T19:32:59.000Z ##[group]Run CI for apache/spark
2026-04-01T19:32:59.000Z Runner image: windows-latest
2026-04-01T19:32:59.000Z Language: node
2026-04-01T19:32:59.000Z Starting module scheduler
2026-04-01T19:32:59.000Z Traceback (most recent call last): ValueError: invalid state transition in scheduler
2026-04-01T19:32:59.000Z ##[error]Runtime exception in test process",2026-04-01t19:32:59.000z group run ci for apache/spark 2026-04-01t19:32:59.000z runner image: windows-latest 2026-04-01t19:32:59.000z language: node 2026-04-01t19:32:59.000z starting module scheduler 2026-04-01t19:32:59.000z traceback most,Runtime Error,test,medium,Unhandled exception during job execution,239.0
"2026-04-02T21:04:35.000Z ##[group]Run CI for nodejs/node
2026-04-02T21:04:35.000Z Runner image: ubuntu-latest
2026-04-02T21:04:35.000Z Language: go
2026-04-02T21:04:35.000Z validating .github/workflows/ci.yml
2026-04-02T21:04:35.000Z workflow syntax error: Unexpected value 'stepz'
2026-04-02T21:04:35.000Z ##[error]Invalid workflow configuration",2026-04-02t21:04:35.000z group run ci for nodejs/node 2026-04-02t21:04:35.000z runner image: ubuntu-latest 2026-04-02t21:04:35.000z language: go 2026-04-02t21:04:35.000z validating .github/workflows/ci.yml 2026-04-02t21:04:35.000z workflow syntax error:,Configuration Error,build,high,Invalid workflow configuration or environment variable,253.0
"2026-04-01T09:03:07.000Z ##[group]Run CI for microsoft/vscode
2026-04-01T09:03:07.000Z Runner image: macos-latest
2026-04-01T09:03:07.000Z Language: python
2026-04-01T09:03:07.000Z FAIL tests/integration/test_auth_flow.py
2026-04-01T09:03:07.000Z AssertionError: expected 9 but received 13
2026-04-01T09:03:07.000Z ##[error]Test suite failed with exit code 1",2026-04-01t09:03:07.000z group run ci for microsoft/vscode 2026-04-01t09:03:07.000z runner image: macos-latest 2026-04-01t09:03:07.000z language: python 2026-04-01t09:03:07.000z fail tests/integration/test_auth_flow.py 2026-04-01t09:03:07.000z assertionerror: expected 9,Test Failure,test,medium,Assertion mismatch in CI test suite,270.0
"2026-04-12T06:27:03.000Z ##[group]Run CI for vercel/next.js
2026-04-12T06:27:03.000Z Runner image: macos-latest
2026-04-12T06:27:03.000Z Language: node
2026-04-12T06:27:03.000Z Pulling cache layer from registry
2026-04-12T06:27:03.000Z error: failed to solve: no space left on device
2026-04-12T06:27:03.000Z ##[error]Runner disk pressure caused job failure",2026-04-12t06:27:03.000z group run ci for vercel/next.js 2026-04-12t06:27:03.000z runner image: macos-latest 2026-04-12t06:27:03.000z language: node 2026-04-12t06:27:03.000z pulling cache layer from registry 2026-04-12t06:27:03.000z,Infrastructure Error,build,high,Runner or external service instability,
"2026-04-12T08:42:32.000Z ##[group]Run CI for nodejs/node
2026-04-12T08:42:32.000Z Runner image: macos-latest
2026-04-12T08:42:32.000Z Language: node
2026-04-12T08:42:32.000Z validating .github/workflows/ci.yml
2026-04-12T08:42:32.000Z workflow syntax error: Unexpected value 'stepz'
2026-04-12T08:42:32.000Z ##[error]Invalid workflow configuration",2026-04-12t08:42:32.000z group run ci for nodejs/node 2026-04-12t08:42:32.000z runner image: macos-latest 2026-04-12t08:42:32.000z language: node 2026-04-12t08:42:32.000z validating .github/workflows/ci.yml 2026-04-12t08:42:32.000z workflow syntax error:,Configuration Error,build,high,Invalid workflow configuration or environment variable,
"2026-04-02T12:48:03.000Z ##[group]Run CI for nodejs/node
2026-04-02T12:48:03.000Z Runner image: windows-latest
2026-04-02T12:48:03.000Z Language: node
2026-04-02T12:48:03.000Z validating .github/workflows/ci.yml
2026-04-02T12:48:03.000Z workflow syntax error: Unexpected value 'stepz'
2026-04-02T12:48:03.000Z ##[error]Invalid workflow configuration",2026-04-02t12:48:03.000z group run ci for nodejs/node 2026-04-02t12:48:03.000z runner image: windows-latest 2026-04-02t12:48:03.000z language: node 2026-04-02t12:48:03.000z validating .github/workflows/ci.yml 2026-04-02t12:48:03.000z workflow syntax error:,Configuration Error,build,high,Invalid workflow configuration or environment variable,256.0
"2026-04-01T19:26:46.000Z ##[group]Run CI for nodejs/node
2026-04-01T19:26:46.000Z Runner image: macos-latest
2026-04-01T19:26:46.000Z Language: go
2026-04-01T19:26:46.000Z Starting module router
2026-04-01T19:26:46.000Z Traceback (most recent call last): ValueError: invalid state transition in router
2026-04-01T19:26:46.000Z ##[error]Runtime exception in test process",2026-04-01t19:26:46.000z group run ci for nodejs/node 2026-04-01t19:26:46.000z runner image: macos-latest 2026-04-01t19:26:46.000z language: go 2026-04-01t19:26:46.000z starting module router 2026-04-01t19:26:46.000z traceback most,Runtime Error,test,medium,Unhandled exception during job execution,231.0
"2026-04-02T18:12:55.000Z ##[group]Run CI for facebook/react
2026-04-02T18:12:55.000Z Runner image: windows-latest
2026-04-02T18:12:55.000Z Language: java
2026-04-02T18:12:55.000Z Pulling cache layer from registry
2026-04-02T18:12:55.000Z error: failed to solve: no space left on device
2026-04-02T18:12:55.000Z ##[error]Runner disk pressure caused job failure",2026-04-02t18:12:55.000z group run ci for facebook/react 2026-04-02t18:12:55.000z runner image: windows-latest 2026-04-02t18:12:55.000z language: java 2026-04-02t18:12:55.000z pulling cache layer from registry 2026-04-02t18:12:55.000z,Infrastructure Error,build,high,Runner or external service instability,234.0
2026-04-10T00:47:13.1420065Z Removing test/integration/edge-runtime-streaming-error/.next/ 2026-04-10T00:47:13.1420616Z Removing test/integration/edge-runtime-streaming-error/test/index.test.ts.results.json 2026-04-10T00:47:13.1422110Z Removing test/integration/error-in-error/test/index.test.ts.results.json 2026-04-10T00:47:13.1422616Z Removing test/integration/error-plugin-stack-overflow/.next/ 2026-04-10T00:47:13.1423159Z Removing test/integration/error-plugin-stack-overflow/test/index.test.ts.results.json,tz removing testintegrationedgeruntimestreamingerrornext tz removing,Test Failure,test,medium,Assertion or test case failure,68.0
"2026-04-04T20:07:46.000Z ##[group]Run CI for microsoft/vscode
2026-04-04T20:07:46.000Z Runner image: windows-latest
2026-04-04T20:07:46.000Z Language: java
2026-04-04T20:07:46.000Z pytest -m integration --maxfail=1
2026-04-04T20:07:46.000Z Error: Process timed out after 15 minutes
2026-04-04T20:07:46.000Z ##[error]The operation was canceled",2026-04-04t20:07:46.000z group run ci for microsoft/vscode 2026-04-04t20:07:46.000z runner image: windows-latest 2026-04-04t20:07:46.000z language: java 2026-04-04t20:07:46.000z pytest -m integration --maxfail 1 2026-04-04t20:07:46.000z,Timeout Error,test,medium,Long-running step exceeded CI timeout threshold,
"2026-04-01T20:20:31.000Z ##[group]Run CI for tensorflow/tensorflow
2026-04-01T20:20:31.000Z Runner image: windows-latest
2026-04-01T20:20:31.000Z Language: go
2026-04-01T20:20:31.000Z pytest -m integration --maxfail=1
2026-04-01T20:20:31.000Z Error: Process timed out after 30 minutes
2026-04-01T20:20:31.000Z ##[error]The operation was canceled",2026-04-01t20:20:31.000z group run ci for tensorflow/tensorflow 2026-04-01t20:20:31.000z runner image: windows-latest 2026-04-01t20:20:31.000z language: go 2026-04-01t20:20:31.000z pytest -m integration --maxfail 1 2026-04-01t20:20:31.000z,Timeout Error,test,medium,Long-running step exceeded CI timeout threshold,239.0
"2026-04-11T03:02:24.9772614Z find: write error 2026-04-11T03:02:26.7038363Z     ""failedAssertions"": 1 2026-04-11T02:37:26.2158180Z . postinstall: Error: Command failed with exit code 1 (EPERM): pnpm add next@16.2.1-canary.32 --lockfile=false --ignore-workspace --ignore-scripts --prefer-offline 2026-04-11T02:37:26.2162729Z . postinstall:     at makeError (/home/runner/work/next.js/next.js/node_modules/.pnpm/execa@2.0.3/node_modules/execa/lib/error.js:58:11) 2026-04-11T02:37:26.2185082Z . postinstall:     'This error happened while installing a direct dependency of /tmp/next-swc-1775875045358\n' +",tz find write error tz failedassertions,Test Failure,build,medium,auto-detected,39.0
"2026-04-02T00:26:15.000Z ##[group]Run CI for django/django
2026-04-02T00:26:15.000Z Runner image: windows-latest
2026-04-02T00:26:15.000Z Language: go
2026-04-02T00:26:15.000Z Pulling cache layer from registry
2026-04-02T00:26:15.000Z error: failed to solve: no space left on device
2026-04-02T00:26:15.000Z ##[error]Runner disk pressure caused job failure",2026-04-02t00:26:15.000z group run ci for django/django 2026-04-02t00:26:15.000z runner image: windows-latest 2026-04-02t00:26:15.000z language: go 2026-04-02t00:26:15.000z pulling cache layer from registry 2026-04-02t00:26:15.000z,Infrastructure Error,build,high,Runner or external service instability,231.0
"2026-04-01T08:51:15.000Z ##[group]Run CI for pytorch/pytorch
2026-04-01T08:51:15.000Z Runner image: windows-latest
2026-04-01T08:51:15.000Z Language: node
2026-04-01T08:51:15.000Z FAIL src/test/java/com/example/ServiceTest.java
2026-04-01T08:51:15.000Z AssertionError: expected 7 but received 13
2026-04-01T08:51:15.000Z ##[error]Test suite failed with exit code 1",2026-04-01t08:51:15.000z group run ci for pytorch/pytorch 2026-04-01t08:51:15.000z runner image: windows-latest 2026-04-01t08:51:15.000z language: node 2026-04-01t08:51:15.000z fail src/test/java/com/example/servicetest.java 2026-04-01t08:51:15.000z assertionerror: expected 7,Test Failure,test,medium,Assertion mismatch in CI test suite,276.0
"2026-04-02T03:24:32.000Z ##[group]Run CI for microsoft/vscode
2026-04-02T03:24:32.000Z Runner image: windows-latest
2026-04-02T03:24:32.000Z Language: python
2026-04-02T03:24:32.000Z make build-ci -j4
2026-04-02T03:24:32.000Z gcc: fatal error: cannot execute 'cc1plus': No such file or directory
2026-04-02T03:24:32.000Z ##[error]Build failed with exit code 2",2026-04-02t03:24:32.000z group run ci for microsoft/vscode 2026-04-02t03:24:32.000z runner image: windows-latest 2026-04-02t03:24:32.000z language: python 2026-04-02t03:24:32.000z make build-ci -j4 2026-04-02t03:24:32.000z gcc: fatal,Build Failure,build,high,Compilation or packaging process failed,233.0
"2026-04-01T23:58:56.000Z ##[group]Run CI for apache/spark
2026-04-01T23:58:56.000Z Runner image: ubuntu-latest
2026-04-01T23:58:56.000Z Language: go
2026-04-01T23:58:56.000Z Pulling cache layer from registry
2026-04-01T23:58:56.000Z error: failed to solve: no space left on device
2026-04-01T23:58:56.000Z ##[error]Runner disk pressure caused job failure",2026-04-01t23:58:56.000z group run ci for apache/spark 2026-04-01t23:58:56.000z runner image: ubuntu-latest 2026-04-01t23:58:56.000z language: go 2026-04-01t23:58:56.000z pulling cache layer from registry 2026-04-01t23:58:56.000z,Infrastructure Error,build,high,Runner or external service instability,229.0
"2026-04-12T04:27:18.000Z ##[group]Run CI for microsoft/vscode
2026-04-12T04:27:18.000Z Runner image: ubuntu-latest
2026-04-12T04:27:18.000Z Language: node
2026-04-12T04:27:18.000Z Starting module worker
2026-04-12T04:27:18.000Z Traceback (most recent call last): ValueError: invalid state transition in worker
2026-04-12T04:27:18.000Z ##[error]Runtime exception in test process",2026-04-12t04:27:18.000z group run ci for microsoft/vscode 2026-04-12t04:27:18.000z runner image: ubuntu-latest 2026-04-12t04:27:18.000z language: node 2026-04-12t04:27:18.000z starting module worker 2026-04-12t04:27:18.000z traceback most,Runtime Error,test,medium,Unhandled exception during job execution,
"2026-04-01T15:36:06.000Z ##[group]Run CI for vercel/next.js
2026-04-01T15:36:06.000Z Runner image: windows-latest
2026-04-01T15:36:06.000Z Language: go
2026-04-01T15:36:06.000Z src/billing/handler.py:198: SyntaxError: unexpected token '='
2026-04-01T15:36:06.000Z pylint: E0001 syntax-error
2026-04-01T15:36:06.000Z ##[error]Build stopped due to syntax error",2026-04-01t15:36:06.000z group run ci for vercel/next.js 2026-04-01t15:36:06.000z runner image: windows-latest 2026-04-01t15:36:06.000z language: go 2026-04-01t15:36:06.000z src/billing/handler.py:198: syntaxerror: unexpected token 2026-04-01t15:36:06.000z pylint:,Syntax Error,build,high,Invalid code syntax detected by compiler or linter,264.0
"2026-04-01T11:28:39.000Z ##[group]Run CI for spring-projects/spring-boot
2026-04-01T11:28:39.000Z Runner image: macos-latest
2026-04-01T11:28:39.000Z Language: java
2026-04-01T11:28:39.000Z ERROR: Module not found: Cannot resolve 'pytest'
2026-04-01T11:28:39.000Z npm ERR! code E404
2026-04-01T11:28:39.000Z ##[error]Dependency installation failed",2026-04-01t11:28:39.000z group run ci for spring-projects/spring-boot 2026-04-01t11:28:39.000z runner image: macos-latest 2026-04-01t11:28:39.000z language: java 2026-04-01t11:28:39.000z error: module not found: cannot resolve,Dependency Error,build,high,Missing package or unresolved module dependency,226.0
"2026-04-08T09:16:12.000Z ##[group]Run CI for pytorch/pytorch
2026-04-08T09:16:12.000Z Runner image: ubuntu-latest
2026-04-08T09:16:12.000Z Language: rust
2026-04-08T09:16:12.000Z pytest -m integration --maxfail=1
2026-04-08T09:16:12.000Z Error: Process timed out after 15 minutes
2026-04-08T09:16:12.000Z ##[error]The operation was canceled",2026-04-08t09:16:12.000z group run ci for pytorch/pytorch 2026-04-08t09:16:12.000z runner image: ubuntu-latest 2026-04-08t09:16:12.000z language: rust 2026-04-08t09:16:12.000z pytest -m integration --maxfail 1 2026-04-08t09:16:12.000z,Timeout Error,test,medium,Long-running step exceeded CI timeout threshold,
2026-04-09T02:33:49.7153672Z Exception ignored in: <_io.TextIOWrapper name='<stdout>' mode='w' encoding='utf-8'> 2026-04-09T02:33:49.7154537Z BrokenPipeError: [Errno 32] Broken pipe 2026-04-09T02:33:49.7328868Z ##[error]The operation was canceled. 2026-04-09T02:33:24.0258324Z ##[error]./django/db/models/lookups.py:79:89: E501 line too long (97 > 88 characters) 2026-04-09T02:33:24.0261235Z ##[error]./django/db/models/sql/query.py:16:1: F401 'collections.abc.Iterable' imported but unused,tz exception ignored in iotextiowrapper,Runtime Error,build,medium,Unexpected runtime exception,39.0
"2026-04-02T09:40:02.000Z ##[group]Run CI for pytorch/pytorch
2026-04-02T09:40:02.000Z Runner image: ubuntu-latest
2026-04-02T09:40:02.000Z Language: java
2026-04-02T09:40:02.000Z Starting module scheduler
2026-04-02T09:40:02.000Z Traceback (most recent call last): ValueError: invalid state transition in scheduler
2026-04-02T09:40:02.000Z ##[error]Runtime exception in test process",2026-04-02t09:40:02.000z group run ci for pytorch/pytorch 2026-04-02t09:40:02.000z runner image: ubuntu-latest 2026-04-02t09:40:02.000z language: java 2026-04-02t09:40:02.000z starting module scheduler 2026-04-02t09:40:02.000z traceback most,Runtime Error,test,medium,Unhandled exception during job execution,241.0
"2026-04-01T11:21:10.000Z ##[group]Run CI for apache/spark
2026-04-01T11:21:10.000Z Runner image: macos-latest
2026-04-01T11:21:10.000Z Language: java
2026-04-01T11:21:10.000Z ERROR: Module not found: Cannot resolve 'spring-core'
2026-04-01T11:21:10.000Z npm ERR! code E404
2026-04-01T11:21:10.000Z ##[error]Dependency installation failed",2026-04-01t11:21:10.000z group run ci for apache/spark 2026-04-01t11:21:10.000z runner image: macos-latest 2026-04-01t11:21:10.000z language: java 2026-04-01t11:21:10.000z error: module not found: cannot resolve,Dependency Error,build,high,Missing package or unresolved module dependency,211.0
"2026-04-01T19:36:47.000Z ##[group]Run CI for apache/spark
2026-04-01T19:36:47.000Z Runner image: ubuntu-latest
2026-04-01T19:36:47.000Z Language: go
2026-04-01T19:36:47.000Z aws secretsmanager get-secret-value --secret-id docker-token
2026-04-01T19:36:47.000Z AccessDeniedException: User is not authorized to perform secretsmanager:GetSecretValue
2026-04-01T19:36:47.000Z ##[error]permission denied while accessing deployment secret",2026-04-01t19:36:47.000z group run ci for apache/spark 2026-04-01t19:36:47.000z runner image: ubuntu-latest 2026-04-01t19:36:47.000z language: go 2026-04-01t19:36:47.000z aws secretsmanager get-secret-value --secret-id docker-token 2026-04-01t19:36:47.000z,Permission Error,deploy,high,"Token, role, or filesystem permission denied",256.0
"2026-04-02T07:03:00.000Z ##[group]Run CI for apache/spark
2026-04-02T07:03:00.000Z Runner image: macos-latest
2026-04-02T07:03:00.000Z Language: python
2026-04-02T07:03:00.000Z Pulling cache layer from registry
2026-04-02T07:03:00.000Z error: failed to solve: no space left on device
2026-04-02T07:03:00.000Z ##[error]Runner disk pressure caused job failure",2026-04-02t07:03:00.000z group run ci for apache/spark 2026-04-02t07:03:00.000z runner image: macos-latest 2026-04-02t07:03:00.000z language: python 2026-04-02t07:03:00.000z pulling cache layer from registry 2026-04-02t07:03:00.000z,Infrastructure Error,build,high,Runner or external service instability,232.0
"2026-04-01T13:07:47.000Z ##[group]Run CI for facebook/react
2026-04-01T13:07:47.000Z Runner image: windows-latest
2026-04-01T13:07:47.000Z Language: java
2026-04-01T13:07:47.000Z Starting module worker
2026-04-01T13:07:47.000Z Traceback (most recent call last): ValueError: invalid state transition in worker
2026-04-01T13:07:47.000Z ##[error]Runtime exception in test process",2026-04-01t13:07:47.000z group run ci for facebook/react 2026-04-01t13:07:47.000z runner image: windows-latest 2026-04-01t13:07:47.000z language: java 2026-04-01t13:07:47.000z starting module worker 2026-04-01t13:07:47.000z traceback most,Runtime Error,test,medium,Unhandled exception during job execution,238.0
"2026-04-01T22:32:33.000Z ##[group]Run CI for tensorflow/tensorflow
2026-04-01T22:32:33.000Z Runner image: macos-latest
2026-04-01T22:32:33.000Z Language: node
2026-04-01T22:32:33.000Z helm upgrade --install api ./charts/api
2026-04-01T22:32:33.000Z Error: UPGRADE FAILED: timed out waiting for the condition
2026-04-01T22:32:33.000Z ##[error]Deployment failed in production stage",2026-04-01t22:32:33.000z group run ci for tensorflow/tensorflow 2026-04-01t22:32:33.000z runner image: macos-latest 2026-04-01t22:32:33.000z language: node 2026-04-01t22:32:33.000z helm upgrade --install api ./charts/api 2026-04-01t22:32:33.000z,Deployment Error,deploy,high,Release or deployment command failed,245.0
"2026-04-12T01:36:20.000Z ##[group]Run CI for angular/angular
2026-04-12T01:36:20.000Z Runner image: windows-latest
2026-04-12T01:36:20.000Z Language: node
2026-04-12T01:36:20.000Z make build-ci -j4
2026-04-12T01:36:20.000Z gcc: fatal error: cannot execute 'cc1plus': No such file or directory
2026-04-12T01:36:20.000Z ##[error]Build failed with exit code 2",2026-04-12t01:36:20.000z group run ci for angular/angular 2026-04-12t01:36:20.000z runner image: windows-latest 2026-04-12t01:36:20.000z language: node 2026-04-12t01:36:20.000z make build-ci -j4 2026-04-12t01:36:20.000z gcc: fatal,Build Failure,build,high,Compilation or packaging process failed,
"2026-04-08T16:28:40.000Z ##[group]Run CI for spring-projects/spring-boot
2026-04-08T16:28:40.000Z Runner image: windows-latest
2026-04-08T16:28:40.000Z Language: python
2026-04-08T16:28:40.000Z validating .github/workflows/ci.yml
2026-04-08T16:28:40.000Z workflow syntax error: Unexpected value 'stepz'
2026-04-08T16:28:40.000Z ##[error]Invalid workflow configuration",2026-04-08t16:28:40.000z group run ci for spring-projects/spring-boot 2026-04-08t16:28:40.000z runner image: windows-latest 2026-04-08t16:28:40.000z language: python 2026-04-08t16:28:40.000z validating .github/workflows/ci.yml 2026-04-08t16:28:40.000z workflow syntax error:,Configuration Error,build,high,Invalid workflow configuration or environment variable,
"2026-04-01T10:00:06.000Z ##[group]Run CI for vercel/next.js
2026-04-01T10:00:06.000Z Runner image: ubuntu-latest
2026-04-01T10:00:06.000Z Language: rust
2026-04-01T10:00:06.000Z ERROR: Module not found: Cannot resolve 'webpack'
2026-04-01T10:00:06.000Z npm ERR! code E404
2026-04-01T10:00:06.000Z ##[error]Dependency installation failed",2026-04-01t10:00:06.000z group run ci for vercel/next.js 2026-04-01t10:00:06.000z runner image: ubuntu-latest 2026-04-01t10:00:06.000z language: rust 2026-04-01t10:00:06.000z error: module not found: cannot resolve,Dependency Error,build,high,Missing package or unresolved module dependency,214.0
"2026-04-04T20:50:46.000Z ##[group]Run CI for apache/spark
2026-04-04T20:50:46.000Z Runner image: ubuntu-latest
2026-04-04T20:50:46.000Z Language: rust
2026-04-04T20:50:46.000Z aws secretsmanager get-secret-value --secret-id docker-token
2026-04-04T20:50:46.000Z AccessDeniedException: User is not authorized to perform secretsmanager:GetSecretValue
2026-04-04T20:50:46.000Z ##[error]permission denied while accessing deployment secret",2026-04-04t20:50:46.000z group run ci for apache/spark 2026-04-04t20:50:46.000z runner image: ubuntu-latest 2026-04-04t20:50:46.000z language: rust 2026-04-04t20:50:46.000z aws secretsmanager get-secret-value --secret-id docker-token 2026-04-04t20:50:46.000z,Permission Error,deploy,high,"Token, role, or filesystem permission denied",
Error: Process timed out after 10 minutes,process timeout error,Timeout Error,test,medium,Execution exceeded time limit,21.0
"2026-04-12T08:36:45.000Z ##[group]Run CI for apache/spark
2026-04-12T08:36:45.000Z Runner image: ubuntu-latest
2026-04-12T08:36:45.000Z Language: java
2026-04-12T08:36:45.000Z validating .github/workflows/ci.yml
2026-04-12T08:36:45.000Z workflow syntax error: Unexpected value 'stepz'
2026-04-12T08:36:45.000Z ##[error]Invalid workflow configuration",2026-04-12t08:36:45.000z group run ci for apache/spark 2026-04-12t08:36:45.000z runner image: ubuntu-latest 2026-04-12t08:36:45.000z language: java 2026-04-12t08:36:45.000z validating .github/workflows/ci.yml 2026-04-12t08:36:45.000z workflow syntax error:,Configuration Error,build,high,Invalid workflow configuration or environment variable,
"2026-04-01T10:08:27.000Z ##[group]Run CI for pytorch/pytorch
2026-04-01T10:08:27.000Z Runner image: macos-latest
2026-04-01T10:08:27.000Z Language: go
2026-04-01T10:08:27.000Z ERROR: Module not found: Cannot resolve 'numpy'
2026-04-01T10:08:27.000Z npm ERR! code E404
2026-04-01T10:08:27.000Z ##[error]Dependency installation failed",2026-04-01t10:08:27.000z group run ci for pytorch/pytorch 2026-04-01t10:08:27.000z runner image: macos-latest 2026-04-01t10:08:27.000z language: go 2026-04-01t10:08:27.000z error: module not found: cannot resolve,Dependency Error,build,high,Missing package or unresolved module dependency,212.0
"2026-04-04T21:03:28.000Z ##[group]Run CI for microsoft/vscode
2026-04-04T21:03:28.000Z Runner image: macos-latest
2026-04-04T21:03:28.000Z Language: rust
2026-04-04T21:03:28.000Z aws secretsmanager get-secret-value --secret-id docker-token
2026-04-04T21:03:28.000Z AccessDeniedException: User is not authorized to perform secretsmanager:GetSecretValue
2026-04-04T21:03:28.000Z ##[error]permission denied while accessing deployment secret",2026-04-04t21:03:28.000z group run ci for microsoft/vscode 2026-04-04t21:03:28.000z runner image: macos-latest 2026-04-04t21:03:28.000z language: rust 2026-04-04t21:03:28.000z aws secretsmanager get-secret-value --secret-id docker-token 2026-04-04t21:03:28.000z,Permission Error,deploy,high,"Token, role, or filesystem permission denied",
"2026-04-01T10:24:00.000Z ##[group]Run CI for nodejs/node
2026-04-01T10:24:00.000Z Runner image: windows-latest
2026-04-01T10:24:00.000Z Language: java
2026-04-01T10:24:00.000Z pytest -m integration --maxfail=1
2026-04-01T10:24:00.000Z Error: Process timed out after 30 minutes
2026-04-01T10:24:00.000Z ##[error]The operation was canceled",2026-04-01t10:24:00.000z group run ci for nodejs/node 2026-04-01t10:24:00.000z runner image: windows-latest 2026-04-01t10:24:00.000z language: java 2026-04-01t10:24:00.000z pytest -m integration --maxfail 1 2026-04-01t10:24:00.000z,Timeout Error,test,medium,Long-running step exceeded CI timeout threshold,231.0
"2026-04-01T13:06:17.000Z ##[group]Run CI for pytorch/pytorch
2026-04-01T13:06:17.000Z Runner image: macos-latest
2026-04-01T13:06:17.000Z Language: node
2026-04-01T13:06:17.000Z pytest -m integration --maxfail=1
2026-04-01T13:06:17.000Z Error: Process timed out after 20 minutes
2026-04-01T13:06:17.000Z ##[error]The operation was canceled",2026-04-01t13:06:17.000z group run ci for pytorch/pytorch 2026-04-01t13:06:17.000z runner image: macos-latest 2026-04-01t13:06:17.000z language: node 2026-04-01t13:06:17.000z pytest -m integration --maxfail 1 2026-04-01t13:06:17.000z,Timeout Error,test,medium,Long-running step exceeded CI timeout threshold,233.0
"2026-04-15T18:08:25.000Z ##[group]Run CI for vercel/next.js
2026-04-15T18:08:25.000Z Runner image: windows-latest
2026-04-15T18:08:25.000Z Language: java
2026-04-15T18:08:25.000Z Starting module worker
2026-04-15T18:08:25.000Z Traceback (most recent call last): ValueError: invalid state transition in worker
2026-04-15T18:08:25.000Z ##[error]Runtime exception in test process",2026-04-15t18:08:25.000z group run ci for vercel/next.js 2026-04-15t18:08:25.000z runner image: windows-latest 2026-04-15t18:08:25.000z language: java 2026-04-15t18:08:25.000z starting module worker 2026-04-15t18:08:25.000z traceback most,Runtime Error,test,medium,Unhandled exception during job execution,
"2026-04-01T22:44:29.000Z ##[group]Run CI for spring-projects/spring-boot
2026-04-01T22:44:29.000Z Runner image: ubuntu-latest
2026-04-01T22:44:29.000Z Language: java
2026-04-01T22:44:29.000Z helm upgrade --install api ./charts/api
2026-04-01T22:44:29.000Z Error: UPGRADE FAILED: timed out waiting for the condition
2026-04-01T22:44:29.000Z ##[error]Deployment failed in production stage",2026-04-01t22:44:29.000z group run ci for spring-projects/spring-boot 2026-04-01t22:44:29.000z runner image: ubuntu-latest 2026-04-01t22:44:29.000z language: java 2026-04-01t22:44:29.000z helm upgrade --install api ./charts/api 2026-04-01t22:44:29.000z,Deployment Error,deploy,high,Release or deployment command failed,252.0
"2026-04-08T06:16:09.000Z ##[group]Run CI for microsoft/vscode
2026-04-08T06:16:09.000Z Runner image: macos-latest
2026-04-08T06:16:09.000Z Language: rust
2026-04-08T06:16:09.000Z FAIL src/test/java/com/example/ServiceTest.java
2026-04-08T06:16:09.000Z AssertionError: expected 3 but received 19
2026-04-08T06:16:09.000Z ##[error]Test suite failed with exit code 1",2026-04-08t06:16:09.000z group run ci for microsoft/vscode 2026-04-08t06:16:09.000z runner image: macos-latest 2026-04-08t06:16:09.000z language: rust 2026-04-08t06:16:09.000z fail src/test/java/com/example/servicetest.java 2026-04-08t06:16:09.000z assertionerror: expected 3,Test Failure,test,medium,Assertion mismatch in CI test suite,
"2026-04-01T13:34:24.000Z ##[group]Run CI for tensorflow/tensorflow
2026-04-01T13:34:24.000Z Runner image: ubuntu-latest
2026-04-01T13:34:24.000Z Language: python
2026-04-01T13:34:24.000Z pytest -m integration --maxfail=1
2026-04-01T13:34:24.000Z Error: Process timed out after 30 minutes
2026-04-01T13:34:24.000Z ##[error]The operation was canceled",2026-04-01t13:34:24.000z group run ci for tensorflow/tensorflow 2026-04-01t13:34:24.000z runner image: ubuntu-latest 2026-04-01t13:34:24.000z language: python 2026-04-01t13:34:24.000z pytest -m integration --maxfail 1 2026-04-01t13:34:24.000z,Timeout Error,test,medium,Long-running step exceeded CI timeout threshold,242.0
"2026-04-04T20:14:36.000Z ##[group]Run CI for tensorflow/tensorflow
2026-04-04T20:14:36.000Z Runner image: ubuntu-latest
2026-04-04T20:14:36.000Z Language: go
2026-04-04T20:14:36.000Z pytest -m integration --maxfail=1
2026-04-04T20:14:36.000Z Error: Process timed out after 10 minutes
2026-04-04T20:14:36.000Z ##[error]The operation was canceled",2026-04-04t20:14:36.000z group run ci for tensorflow/tensorflow 2026-04-04t20:14:36.000z runner image: ubuntu-latest 2026-04-04t20:14:36.000z language: go 2026-04-04t20:14:36.000z pytest -m integration --maxfail 1 2026-04-04t20:14:36.000z,Timeout Error,test,medium,Long-running step exceeded CI timeout threshold,
"2026-04-15T06:24:57.000Z ##[group]Run CI for apache/spark
2026-04-15T06:24:57.000Z Runner image: windows-latest
2026-04-15T06:24:57.000Z Language: node
2026-04-15T06:24:57.000Z FAIL tests/integration/test_auth_flow.py
2026-04-15T06:24:57.000Z AssertionError: expected 3 but received 17
2026-04-15T06:24:57.000Z ##[error]Test suite failed with exit code 1",2026-04-15t06:24:57.000z group run ci for apache/spark 2026-04-15t06:24:57.000z runner image: windows-latest 2026-04-15t06:24:57.000z language: node 2026-04-15t06:24:57.000z fail tests/integration/test_auth_flow.py 2026-04-15t06:24:57.000z assertionerror: expected 3,Test Failure,test,medium,Assertion mismatch in CI test suite,
"2026-04-01T10:26:29.000Z ##[group]Run CI for tensorflow/tensorflow
2026-04-01T10:26:29.000Z Runner image: windows-latest
2026-04-01T10:26:29.000Z Language: python
2026-04-01T10:26:29.000Z pytest -m integration --maxfail=1
2026-04-01T10:26:29.000Z Error: Process timed out after 10 minutes
2026-04-01T10:26:29.000Z ##[error]The operation was canceled",2026-04-01t10:26:29.000z group run ci for tensorflow/tensorflow 2026-04-01t10:26:29.000z runner image: windows-latest 2026-04-01t10:26:29.000z language: python 2026-04-01t10:26:29.000z pytest -m integration --maxfail 1 2026-04-01t10:26:29.000z,Timeout Error,test,medium,Long-running step exceeded CI timeout threshold,243.0
"2026-04-15T05:12:23.000Z ##[group]Run CI for microsoft/vscode
2026-04-15T05:12:23.000Z Runner image: macos-latest
2026-04-15T05:12:23.000Z Language: rust
2026-04-15T05:12:23.000Z FAIL packages/react-dom/src/__tests__/hydration.test.js
2026-04-15T05:12:23.000Z AssertionError: expected 3 but received 19
2026-04-15T05:12:23.000Z ##[error]Test suite failed with exit code 1",2026-04-15t05:12:23.000z group run ci for microsoft/vscode 2026-04-15t05:12:23.000z runner image: macos-latest 2026-04-15t05:12:23.000z language: rust 2026-04-15t05:12:23.000z fail packages/react-dom/src/__tests__/hydration.test.js 2026-04-15t05:12:23.000z assertionerror: expected 3,Test Failure,test,medium,Assertion mismatch in CI test suite,
"2026-04-01T11:17:50.000Z ##[group]Run CI for apache/spark
2026-04-01T11:17:50.000Z Runner image: ubuntu-latest
2026-04-01T11:17:50.000Z Language: java
2026-04-01T11:17:50.000Z aws secretsmanager get-secret-value --secret-id docker-token
2026-04-01T11:17:50.000Z AccessDeniedException: User is not authorized to perform secretsmanager:GetSecretValue
2026-04-01T11:17:50.000Z ##[error]permission denied while accessing deployment secret",2026-04-01t11:17:50.000z group run ci for apache/spark 2026-04-01t11:17:50.000z runner image: ubuntu-latest 2026-04-01t11:17:50.000z language: java 2026-04-01t11:17:50.000z aws secretsmanager get-secret-value --secret-id docker-token 2026-04-01t11:17:50.000z,Permission Error,deploy,high,"Token, role, or filesystem permission denied",258.0
"2026-03-19T17:07:37.5040427Z PASS packages/react-dom/src/__tests__/ReactDOMConsoleErrorReportingLegacy-test.js 2026-03-19T17:07:25.4368364Z A worker process has failed to exit gracefully and has been force exited. This is likely caused by tests leaking due to improper teardown. Try running with --detectOpenHandles to find leaks. Active timers can also cause this, ensure that .unref() was called on them. 2026-03-19T17:07:27.0610958Z PASS packages/react-reconciler/src/__tests__/ReactErrorStacks-test.js 2026-03-19T17:07:39.2908684Z PASS packages/react-reconciler/src/__tests__/ReactFlushSyncNoAggregateError-test.js 2026-03-19T17:07:40.1078935Z PASS scripts/error-codes/__tests__/transform-error-messages.js",tz pass packagesreactdomsrctestsreactdomconsoleerrorreportinglegacytestjs tz a,Test Failure,test,medium,Assertion or test case failure,78.0
"2026-04-01T17:50:26.000Z ##[group]Run CI for facebook/react
2026-04-01T17:50:26.000Z Runner image: windows-latest
2026-04-01T17:50:26.000Z Language: java
2026-04-01T17:50:26.000Z make build-ci -j4
2026-04-01T17:50:26.000Z gcc: fatal error: cannot execute 'cc1plus': No such file or directory
2026-04-01T17:50:26.000Z ##[error]Build failed with exit code 2",2026-04-01t17:50:26.000z group run ci for facebook/react 2026-04-01t17:50:26.000z runner image: windows-latest 2026-04-01t17:50:26.000z language: java 2026-04-01t17:50:26.000z make build-ci -j4 2026-04-01t17:50:26.000z gcc: fatal,Build Failure,build,high,Compilation or packaging process failed,229.0
"2026-04-02T08:03:44.000Z ##[group]Run CI for tensorflow/tensorflow
2026-04-02T08:03:44.000Z Runner image: windows-latest
2026-04-02T08:03:44.000Z Language: rust
2026-04-02T08:03:44.000Z Pulling cache layer from registry
2026-04-02T08:03:44.000Z error: failed to solve: no space left on device
2026-04-02T08:03:44.000Z ##[error]Runner disk pressure caused job failure",2026-04-02t08:03:44.000z group run ci for tensorflow/tensorflow 2026-04-02t08:03:44.000z runner image: windows-latest 2026-04-02t08:03:44.000z language: rust 2026-04-02t08:03:44.000z pulling cache layer from registry 2026-04-02t08:03:44.000z,Infrastructure Error,build,high,Runner or external service instability,241.0
"2026-04-12T02:24:06.000Z ##[group]Run CI for apache/spark
2026-04-12T02:24:06.000Z Runner image: windows-latest
2026-04-12T02:24:06.000Z Language: node
2026-04-12T02:24:06.000Z make build-ci -j4
2026-04-12T02:24:06.000Z gcc: fatal error: cannot execute 'cc1plus': No such file or directory
2026-04-12T02:24:06.000Z ##[error]Build failed with exit code 2",2026-04-12t02:24:06.000z group run ci for apache/spark 2026-04-12t02:24:06.000z runner image: windows-latest 2026-04-12t02:24:06.000z language: node 2026-04-12t02:24:06.000z make build-ci -j4 2026-04-12t02:24:06.000z gcc: fatal,Build Failure,build,high,Compilation or packaging process failed,
"2026-04-15T09:36:44.000Z ##[group]Run CI for tensorflow/tensorflow
2026-04-15T09:36:44.000Z Runner image: ubuntu-latest
2026-04-15T09:36:44.000Z Language: node
2026-04-15T09:36:44.000Z src/billing/handler.py:371: SyntaxError: unexpected token '=>'
2026-04-15T09:36:44.000Z pylint: E0001 syntax-error
2026-04-15T09:36:44.000Z ##[error]Build stopped due to syntax error",2026-04-15t09:36:44.000z group run ci for tensorflow/tensorflow 2026-04-15t09:36:44.000z runner image: ubuntu-latest 2026-04-15t09:36:44.000z language: node 2026-04-15t09:36:44.000z src/billing/handler.py:371: syntaxerror: unexpected token 2026-04-15t09:36:44.000z pylint:,Syntax Error,build,high,Invalid code syntax detected by compiler or linter,
"2026-04-10T07:01:46.9260724Z ##[group]Run ./configure --verbose --error-on-warn --coverage --without-intl 2026-04-10T07:01:46.9261255Z [36;1m./configure --verbose --error-on-warn --coverage --without-intl[0m 2026-04-10T07:01:50.2194387Z                  'error_on_warn': 'true', 2026-04-10T07:01:50.2208443Z                                           'test/cctest/test_quic_error.cc', 2026-04-10T07:01:50.2283200Z                                          'lib/internal/assert/assertion_error.js',",tz grouprun configure verbose erroronwarn,Test Failure,test,medium,Assertion or test case failure,41.0
"2026-04-02T19:52:23.000Z ##[group]Run CI for microsoft/vscode
2026-04-02T19:52:23.000Z Runner image: macos-latest
2026-04-02T19:52:23.000Z Language: rust
2026-04-02T19:52:23.000Z validating .github/workflows/ci.yml
2026-04-02T19:52:23.000Z workflow syntax error: Unexpected value 'stepz'
2026-04-02T19:52:23.000Z ##[error]Invalid workflow configuration",2026-04-02t19:52:23.000z group run ci for microsoft/vscode 2026-04-02t19:52:23.000z runner image: macos-latest 2026-04-02t19:52:23.000z language: rust 2026-04-02t19:52:23.000z validating .github/workflows/ci.yml 2026-04-02t19:52:23.000z workflow syntax error:,Configuration Error,build,high,Invalid workflow configuration or environment variable,259.0
"2026-04-01T14:22:23.000Z ##[group]Run CI for django/django
2026-04-01T14:22:23.000Z Runner image: windows-latest
2026-04-01T14:22:23.000Z Language: go
2026-04-01T14:22:23.000Z helm upgrade --install api ./charts/api
2026-04-01T14:22:23.000Z Error: UPGRADE FAILED: timed out waiting for the condition
2026-04-01T14:22:23.000Z ##[error]Deployment failed in production stage",2026-04-01t14:22:23.000z group run ci for django/django 2026-04-01t14:22:23.000z runner image: windows-latest 2026-04-01t14:22:23.000z language: go 2026-04-01t14:22:23.000z helm upgrade --install api ./charts/api 2026-04-01t14:22:23.000z,Deployment Error,deploy,high,Release or deployment command failed,237.0
"2026-04-01T16:35:12.000Z ##[group]Run CI for angular/angular
2026-04-01T16:35:12.000Z Runner image: windows-latest
2026-04-01T16:35:12.000Z Language: python
2026-04-01T16:35:12.000Z validating .github/workflows/ci.yml
2026-04-01T16:35:12.000Z workflow syntax error: Unexpected value 'stepz'
2026-04-01T16:35:12.000Z ##[error]Invalid workflow configuration",2026-04-01t16:35:12.000z group run ci for angular/angular 2026-04-01t16:35:12.000z runner image: windows-latest 2026-04-01t16:35:12.000z language: python 2026-04-01t16:35:12.000z validating .github/workflows/ci.yml 2026-04-01t16:35:12.000z workflow syntax error:,Configuration Error,build,high,Invalid workflow configuration or environment variable,262.0
"2026-04-01T09:16:47.000Z ##[group]Run CI for spring-projects/spring-boot
2026-04-01T09:16:47.000Z Runner image: windows-latest
2026-04-01T09:16:47.000Z Language: rust
2026-04-01T09:16:47.000Z ERROR: Module not found: Cannot resolve 'pytest'
2026-04-01T09:16:47.000Z npm ERR! code E404
2026-04-01T09:16:47.000Z ##[error]Dependency installation failed",2026-04-01t09:16:47.000z group run ci for spring-projects/spring-boot 2026-04-01t09:16:47.000z runner image: windows-latest 2026-04-01t09:16:47.000z language: rust 2026-04-01t09:16:47.000z error: module not found: cannot resolve,Dependency Error,build,high,Missing package or unresolved module dependency,228.0
"2026-04-01T22:54:23.000Z ##[group]Run CI for tensorflow/tensorflow
2026-04-01T22:54:23.000Z Runner image: ubuntu-latest
2026-04-01T22:54:23.000Z Language: java
2026-04-01T22:54:23.000Z helm upgrade --install api ./charts/api
2026-04-01T22:54:23.000Z Error: UPGRADE FAILED: timed out waiting for the condition
2026-04-01T22:54:23.000Z ##[error]Deployment failed in production stage",2026-04-01t22:54:23.000z group run ci for tensorflow/tensorflow 2026-04-01t22:54:23.000z runner image: ubuntu-latest 2026-04-01t22:54:23.000z language: java 2026-04-01t22:54:23.000z helm upgrade --install api ./charts/api 2026-04-01t22:54:23.000z,Deployment Error,deploy,high,Release or deployment command failed,246.0
"2026-04-08T15:14:46.000Z ##[group]Run CI for facebook/react
2026-04-08T15:14:46.000Z Runner image: windows-latest
2026-04-08T15:14:46.000Z Language: python
2026-04-08T15:14:46.000Z Pulling cache layer from registry
2026-04-08T15:14:46.000Z error: failed to solve: no space left on device
2026-04-08T15:14:46.000Z ##[error]Runner disk pressure caused job failure",2026-04-08t15:14:46.000z group run ci for facebook/react 2026-04-08t15:14:46.000z runner image: windows-latest 2026-04-08t15:14:46.000z language: python 2026-04-08t15:14:46.000z pulling cache layer from registry 2026-04-08t15:14:46.000z,Infrastructure Error,build,high,Runner or external service instability,
"2026-04-01T10:46:19.000Z ##[group]Run CI for microsoft/vscode
2026-04-01T10:46:19.000Z Runner image: macos-latest
2026-04-01T10:46:19.000Z Language: go
2026-04-01T10:46:19.000Z pytest -m integration --maxfail=1
2026-04-01T10:46:19.000Z Error: Process timed out after 30 minutes
2026-04-01T10:46:19.000Z ##[error]The operation was canceled",2026-04-01t10:46:19.000z group run ci for microsoft/vscode 2026-04-01t10:46:19.000z runner image: macos-latest 2026-04-01t10:46:19.000z language: go 2026-04-01t10:46:19.000z pytest -m integration --maxfail 1 2026-04-01t10:46:19.000z,Timeout Error,test,medium,Long-running step exceeded CI timeout threshold,232.0
"2026-04-01T11:10:33.000Z ##[group]Run CI for angular/angular
2026-04-01T11:10:33.000Z Runner image: windows-latest
2026-04-01T11:10:33.000Z Language: node
2026-04-01T11:10:33.000Z aws secretsmanager get-secret-value --secret-id docker-token
2026-04-01T11:10:33.000Z AccessDeniedException: User is not authorized to perform secretsmanager:GetSecretValue
2026-04-01T11:10:33.000Z ##[error]permission denied while accessing deployment secret",2026-04-01t11:10:33.000z group run ci for angular/angular 2026-04-01t11:10:33.000z runner image: windows-latest 2026-04-01t11:10:33.000z language: node 2026-04-01t11:10:33.000z aws secretsmanager get-secret-value --secret-id docker-token 2026-04-01t11:10:33.000z,Permission Error,deploy,high,"Token, role, or filesystem permission denied",262.0
"2026-04-04T20:37:35.000Z ##[group]Run CI for angular/angular
2026-04-04T20:37:35.000Z Runner image: ubuntu-latest
2026-04-04T20:37:35.000Z Language: node
2026-04-04T20:37:35.000Z aws secretsmanager get-secret-value --secret-id docker-token
2026-04-04T20:37:35.000Z AccessDeniedException: User is not authorized to perform secretsmanager:GetSecretValue
2026-04-04T20:37:35.000Z ##[error]permission denied while accessing deployment secret",2026-04-04t20:37:35.000z group run ci for angular/angular 2026-04-04t20:37:35.000z runner image: ubuntu-latest 2026-04-04t20:37:35.000z language: node 2026-04-04t20:37:35.000z aws secretsmanager get-secret-value --secret-id docker-token 2026-04-04t20:37:35.000z,Permission Error,deploy,high,"Token, role, or filesystem permission denied",
"2026-04-02T08:32:19.000Z ##[group]Run CI for nodejs/node
2026-04-02T08:32:19.000Z Runner image: macos-latest
2026-04-02T08:32:19.000Z Language: rust
2026-04-02T08:32:19.000Z Starting module billing
2026-04-02T08:32:19.000Z Traceback (most recent call last): ValueError: invalid state transition in billing
2026-04-02T08:32:19.000Z ##[error]Runtime exception in test process",2026-04-02t08:32:19.000z group run ci for nodejs/node 2026-04-02t08:32:19.000z runner image: macos-latest 2026-04-02t08:32:19.000z language: rust 2026-04-02t08:32:19.000z starting module billing 2026-04-02t08:32:19.000z traceback most,Runtime Error,test,medium,Unhandled exception during job execution,234.0
"2026-04-01T10:54:11.000Z ##[group]Run CI for vercel/next.js
2026-04-01T10:54:11.000Z Runner image: windows-latest
2026-04-01T10:54:11.000Z Language: python
2026-04-01T10:54:11.000Z ERROR: Module not found: Cannot resolve 'spring-core'
2026-04-01T10:54:11.000Z npm ERR! code E404
2026-04-01T10:54:11.000Z ##[error]Dependency installation failed",2026-04-01t10:54:11.000z group run ci for vercel/next.js 2026-04-01t10:54:11.000z runner image: windows-latest 2026-04-01t10:54:11.000z language: python 2026-04-01t10:54:11.000z error: module not found: cannot resolve,Dependency Error,build,high,Missing package or unresolved module dependency,217.0
"2026-04-02T08:52:58.000Z ##[group]Run CI for vercel/next.js
2026-04-02T08:52:58.000Z Runner image: windows-latest
2026-04-02T08:52:58.000Z Language: node
2026-04-02T08:52:58.000Z Starting module worker
2026-04-02T08:52:58.000Z Traceback (most recent call last): ValueError: invalid state transition in worker
2026-04-02T08:52:58.000Z ##[error]Runtime exception in test process",2026-04-02t08:52:58.000z group run ci for vercel/next.js 2026-04-02t08:52:58.000z runner image: windows-latest 2026-04-02t08:52:58.000z language: node 2026-04-02t08:52:58.000z starting module worker 2026-04-02t08:52:58.000z traceback most,Runtime Error,test,medium,Unhandled exception during job execution,238.0
"2026-04-11T22:03:51.000Z ##[group]Run CI for pytorch/pytorch
2026-04-11T22:03:51.000Z Runner image: ubuntu-latest
2026-04-11T22:03:51.000Z Language: go
2026-04-11T22:03:51.000Z pytest -m integration --maxfail=1
2026-04-11T22:03:51.000Z Error: Process timed out after 20 minutes
2026-04-11T22:03:51.000Z ##[error]The operation was canceled",2026-04-11t22:03:51.000z group run ci for pytorch/pytorch 2026-04-11t22:03:51.000z runner image: ubuntu-latest 2026-04-11t22:03:51.000z language: go 2026-04-11t22:03:51.000z pytest -m integration --maxfail 1 2026-04-11t22:03:51.000z,Timeout Error,test,medium,Long-running step exceeded CI timeout threshold,
"2026-04-01T16:24:02.000Z ##[group]Run CI for vercel/next.js
2026-04-01T16:24:02.000Z Runner image: macos-latest
2026-04-01T16:24:02.000Z Language: go
2026-04-01T16:24:02.000Z src/billing/handler.py:391: SyntaxError: unexpected token '{'
2026-04-01T16:24:02.000Z pylint: E0001 syntax-error
2026-04-01T16:24:02.000Z ##[error]Build stopped due to syntax error",2026-04-01t16:24:02.000z group run ci for vercel/next.js 2026-04-01t16:24:02.000z runner image: macos-latest 2026-04-01t16:24:02.000z language: go 2026-04-01t16:24:02.000z src/billing/handler.py:391: syntaxerror: unexpected token 2026-04-01t16:24:02.000z pylint:,Syntax Error,build,high,Invalid code syntax detected by compiler or linter,262.0
"2026-04-01T22:48:51.000Z ##[group]Run CI for facebook/react
2026-04-01T22:48:51.000Z Runner image: ubuntu-latest
2026-04-01T22:48:51.000Z Language: python
2026-04-01T22:48:51.000Z make build-ci -j4
2026-04-01T22:48:51.000Z gcc: fatal error: cannot execute 'cc1plus': No such file or directory
2026-04-01T22:48:51.000Z ##[error]Build failed with exit code 2",2026-04-01t22:48:51.000z group run ci for facebook/react 2026-04-01t22:48:51.000z runner image: ubuntu-latest 2026-04-01t22:48:51.000z language: python 2026-04-01t22:48:51.000z make build-ci -j4 2026-04-01t22:48:51.000z gcc: fatal,Build Failure,build,high,Compilation or packaging process failed,230.0
"2026-04-01T13:28:36.000Z ##[group]Run CI for microsoft/vscode
2026-04-01T13:28:36.000Z Runner image: windows-latest
2026-04-01T13:28:36.000Z Language: node
2026-04-01T13:28:36.000Z ERROR: Module not found: Cannot resolve 'spring-core'
2026-04-01T13:28:36.000Z npm ERR! code E404
2026-04-01T13:28:36.000Z ##[error]Dependency installation failed",2026-04-01t13:28:36.000z group run ci for microsoft/vscode 2026-04-01t13:28:36.000z runner image: windows-latest 2026-04-01t13:28:36.000z language: node 2026-04-01t13:28:36.000z error: module not found: cannot resolve,Dependency Error,build,high,Missing package or unresolved module dependency,217.0
"2026-04-10T09:09:16.3782089Z OSError: [WinError 126] The specified module could not be found. Error loading ""C:\a\pytorch\pytorch\pytorch\.venv\Lib\site-packages\torch\lib\aoti_custom_ops.dll"" or one of its dependencies. 2026-04-10T09:09:16.4072586Z ##[error]Process completed with exit code 1. 2026-04-10T08:45:57.3380490Z -- Performing Test UV_LINT_NO_UNUSED_PARAMETER - Failed 2026-04-10T08:45:59.0887419Z -- Performing Test UV_LINT_STRICT_PROTOTYPES - Failed 2026-04-10T08:46:00.8352503Z -- Performing Test UV_LINT_EXTRA - Failed",tz oserror winerror the specified,Test Failure,test,medium,Assertion or test case failure,33.0
"2026-04-12T03:09:39.000Z ##[group]Run CI for angular/angular
2026-04-12T03:09:39.000Z Runner image: ubuntu-latest
2026-04-12T03:09:39.000Z Language: python
2026-04-12T03:09:39.000Z Starting module billing
2026-04-12T03:09:39.000Z Traceback (most recent call last): ValueError: invalid state transition in billing
2026-04-12T03:09:39.000Z ##[error]Runtime exception in test process",2026-04-12t03:09:39.000z group run ci for angular/angular 2026-04-12t03:09:39.000z runner image: ubuntu-latest 2026-04-12t03:09:39.000z language: python 2026-04-12t03:09:39.000z starting module billing 2026-04-12t03:09:39.000z traceback most,Runtime Error,test,medium,Unhandled exception during job execution,
"2026-04-01T12:12:44.000Z ##[group]Run CI for pytorch/pytorch
2026-04-01T12:12:44.000Z Runner image: windows-latest
2026-04-01T12:12:44.000Z Language: rust
2026-04-01T12:12:44.000Z ERROR: Module not found: Cannot resolve 'grpcio'
2026-04-01T12:12:44.000Z npm ERR! code E404
2026-04-01T12:12:44.000Z ##[error]Dependency installation failed",2026-04-01t12:12:44.000z group run ci for pytorch/pytorch 2026-04-01t12:12:44.000z runner image: windows-latest 2026-04-01t12:12:44.000z language: rust 2026-04-01t12:12:44.000z error: module not found: cannot resolve,Dependency Error,build,high,Missing package or unresolved module dependency,216.0
"2026-04-01T18:58:48.000Z ##[group]Run CI for spring-projects/spring-boot
2026-04-01T18:58:48.000Z Runner image: windows-latest
2026-04-01T18:58:48.000Z Language: rust
2026-04-01T18:58:48.000Z make build-ci -j4
2026-04-01T18:58:48.000Z gcc: fatal error: cannot execute 'cc1plus': No such file or directory
2026-04-01T18:58:48.000Z ##[error]Build failed with exit code 2",2026-04-01t18:58:48.000z group run ci for spring-projects/spring-boot 2026-04-01t18:58:48.000z runner image: windows-latest 2026-04-01t18:58:48.000z language: rust 2026-04-01t18:58:48.000z make build-ci -j4 2026-04-01t18:58:48.000z gcc: fatal,Build Failure,build,high,Compilation or packaging process failed,242.0
"2026-04-01T11:56:44.000Z ##[group]Run CI for django/django
2026-04-01T11:56:44.000Z Runner image: ubuntu-latest
2026-04-01T11:56:44.000Z Language: python
2026-04-01T11:56:44.000Z src/compiler/handler.py:24: SyntaxError: unexpected token '{'
2026-04-01T11:56:44.000Z pylint: E0001 syntax-error
2026-04-01T11:56:44.000Z ##[error]Build stopped due to syntax error",2026-04-01t11:56:44.000z group run ci for django/django 2026-04-01t11:56:44.000z runner image: ubuntu-latest 2026-04-01t11:56:44.000z language: python 2026-04-01t11:56:44.000z src/compiler/handler.py:24: syntaxerror: unexpected token 2026-04-01t11:56:44.000z pylint:,Syntax Error,build,high,Invalid code syntax detected by compiler or linter,266.0
"2026-04-01T23:22:13.000Z ##[group]Run CI for tensorflow/tensorflow
2026-04-01T23:22:13.000Z Runner image: windows-latest
2026-04-01T23:22:13.000Z Language: python
2026-04-01T23:22:13.000Z Pulling cache layer from registry
2026-04-01T23:22:13.000Z error: failed to solve: no space left on device
2026-04-01T23:22:13.000Z ##[error]Runner disk pressure caused job failure",2026-04-01t23:22:13.000z group run ci for tensorflow/tensorflow 2026-04-01t23:22:13.000z runner image: windows-latest 2026-04-01t23:22:13.000z language: python 2026-04-01t23:22:13.000z pulling cache layer from registry 2026-04-01t23:22:13.000z,Infrastructure Error,build,high,Runner or external service instability,243.0
"2026-04-01T21:06:29.000Z ##[group]Run CI for apache/spark
2026-04-01T21:06:29.000Z Runner image: ubuntu-latest
2026-04-01T21:06:29.000Z Language: java
2026-04-01T21:06:29.000Z aws secretsmanager get-secret-value --secret-id docker-token
2026-04-01T21:06:29.000Z AccessDeniedException: User is not authorized to perform secretsmanager:GetSecretValue
2026-04-01T21:06:29.000Z ##[error]permission denied while accessing deployment secret",2026-04-01t21:06:29.000z group run ci for apache/spark 2026-04-01t21:06:29.000z runner image: ubuntu-latest 2026-04-01t21:06:29.000z language: java 2026-04-01t21:06:29.000z aws secretsmanager get-secret-value --secret-id docker-token 2026-04-01t21:06:29.000z,Permission Error,deploy,high,"Token, role, or filesystem permission denied",258.0
"2026-04-01T08:57:08.000Z ##[group]Run CI for tensorflow/tensorflow
2026-04-01T08:57:08.000Z Runner image: ubuntu-latest
2026-04-01T08:57:08.000Z Language: rust
2026-04-01T08:57:08.000Z FAIL src/test/java/com/example/ServiceTest.java
2026-04-01T08:57:08.000Z AssertionError: expected 2 but received 14
2026-04-01T08:57:08.000Z ##[error]Test suite failed with exit code 1",2026-04-01t08:57:08.000z group run ci for tensorflow/tensorflow 2026-04-01t08:57:08.000z runner image: ubuntu-latest 2026-04-01t08:57:08.000z language: rust 2026-04-01t08:57:08.000z fail src/test/java/com/example/servicetest.java 2026-04-01t08:57:08.000z assertionerror: expected 2,Test Failure,test,medium,Assertion mismatch in CI test suite,281.0
"2026-04-02T00:44:22.000Z ##[group]Run CI for apache/spark
2026-04-02T00:44:22.000Z Runner image: macos-latest
2026-04-02T00:44:22.000Z Language: go
2026-04-02T00:44:22.000Z aws secretsmanager get-secret-value --secret-id docker-token
2026-04-02T00:44:22.000Z AccessDeniedException: User is not authorized to perform secretsmanager:GetSecretValue
2026-04-02T00:44:22.000Z ##[error]permission denied while accessing deployment secret",2026-04-02t00:44:22.000z group run ci for apache/spark 2026-04-02t00:44:22.000z runner image: macos-latest 2026-04-02t00:44:22.000z language: go 2026-04-02t00:44:22.000z aws secretsmanager get-secret-value --secret-id docker-token 2026-04-02t00:44:22.000z,Permission Error,deploy,high,"Token, role, or filesystem permission denied",255.0
"2026-04-01T16:21:23.000Z ##[group]Run CI for tensorflow/tensorflow
2026-04-01T16:21:23.000Z Runner image: windows-latest
2026-04-01T16:21:23.000Z Language: go
2026-04-01T16:21:23.000Z pytest -m integration --maxfail=1
2026-04-01T16:21:23.000Z Error: Process timed out after 15 minutes
2026-04-01T16:21:23.000Z ##[error]The operation was canceled",2026-04-01t16:21:23.000z group run ci for tensorflow/tensorflow 2026-04-01t16:21:23.000z runner image: windows-latest 2026-04-01t16:21:23.000z language: go 2026-04-01t16:21:23.000z pytest -m integration --maxfail 1 2026-04-01t16:21:23.000z,Timeout Error,test,medium,Long-running step exceeded CI timeout threshold,239.0
"2026-04-02T02:03:36.000Z ##[group]Run CI for spring-projects/spring-boot
2026-04-02T02:03:36.000Z Runner image: windows-latest
2026-04-02T02:03:36.000Z Language: node
2026-04-02T02:03:36.000Z Starting module worker
2026-04-02T02:03:36.000Z Traceback (most recent call last): ValueError: invalid state transition in worker
2026-04-02T02:03:36.000Z ##[error]Runtime exception in test process",2026-04-02t02:03:36.000z group run ci for spring-projects/spring-boot 2026-04-02t02:03:36.000z runner image: windows-latest 2026-04-02t02:03:36.000z language: node 2026-04-02t02:03:36.000z starting module worker 2026-04-02t02:03:36.000z traceback most,Runtime Error,test,medium,Unhandled exception during job execution,251.0
"2026-04-02T21:32:11.000Z ##[group]Run CI for django/django
2026-04-02T21:32:11.000Z Runner image: windows-latest
2026-04-02T21:32:11.000Z Language: python
2026-04-02T21:32:11.000Z validating .github/workflows/ci.yml
2026-04-02T21:32:11.000Z workflow syntax error: Unexpected value 'stepz'
2026-04-02T21:32:11.000Z ##[error]Invalid workflow configuration",2026-04-02t21:32:11.000z group run ci for django/django 2026-04-02t21:32:11.000z runner image: windows-latest 2026-04-02t21:32:11.000z language: python 2026-04-02t21:32:11.000z validating .github/workflows/ci.yml 2026-04-02t21:32:11.000z workflow syntax error:,Configuration Error,build,high,Invalid workflow configuration or environment variable,260.0
"2026-04-15T06:28:18.000Z ##[group]Run CI for facebook/react
2026-04-15T06:28:18.000Z Runner image: windows-latest
2026-04-15T06:28:18.000Z Language: java
2026-04-15T06:28:18.000Z FAIL internal/runtime/retry_test.go
2026-04-15T06:28:18.000Z AssertionError: expected 9 but received 18
2026-04-15T06:28:18.000Z ##[error]Test suite failed with exit code 1",2026-04-15t06:28:18.000z group run ci for facebook/react 2026-04-15t06:28:18.000z runner image: windows-latest 2026-04-15t06:28:18.000z language: java 2026-04-15t06:28:18.000z fail internal/runtime/retry_test.go 2026-04-15t06:28:18.000z assertionerror: expected 9,Test Failure,test,medium,Assertion mismatch in CI test suite,
"2026-04-02T17:44:55.000Z ##[group]Run CI for nodejs/node
2026-04-02T17:44:55.000Z Runner image: windows-latest
2026-04-02T17:44:55.000Z Language: rust
2026-04-02T17:44:55.000Z Pulling cache layer from registry
2026-04-02T17:44:55.000Z error: failed to solve: no space left on device
2026-04-02T17:44:55.000Z ##[error]Runner disk pressure caused job failure",2026-04-02t17:44:55.000z group run ci for nodejs/node 2026-04-02t17:44:55.000z runner image: windows-latest 2026-04-02t17:44:55.000z language: rust 2026-04-02t17:44:55.000z pulling cache layer from registry 2026-04-02t17:44:55.000z,Infrastructure Error,build,high,Runner or external service instability,231.0
"2026-04-01T16:38:22.000Z ##[group]Run CI for nodejs/node
2026-04-01T16:38:22.000Z Runner image: ubuntu-latest
2026-04-01T16:38:22.000Z Language: java
2026-04-01T16:38:22.000Z aws secretsmanager get-secret-value --secret-id docker-token
2026-04-01T16:38:22.000Z AccessDeniedException: User is not authorized to perform secretsmanager:GetSecretValue
2026-04-01T16:38:22.000Z ##[error]permission denied while accessing deployment secret",2026-04-01t16:38:22.000z group run ci for nodejs/node 2026-04-01t16:38:22.000z runner image: ubuntu-latest 2026-04-01t16:38:22.000z language: java 2026-04-01t16:38:22.000z aws secretsmanager get-secret-value --secret-id docker-token 2026-04-01t16:38:22.000z,Permission Error,deploy,high,"Token, role, or filesystem permission denied",257.0
"2026-04-02T04:32:09.000Z ##[group]Run CI for facebook/react
2026-04-02T04:32:09.000Z Runner image: macos-latest
2026-04-02T04:32:09.000Z Language: go
2026-04-02T04:32:09.000Z make build-ci -j4
2026-04-02T04:32:09.000Z gcc: fatal error: cannot execute 'cc1plus': No such file or directory
2026-04-02T04:32:09.000Z ##[error]Build failed with exit code 2",2026-04-02t04:32:09.000z group run ci for facebook/react 2026-04-02t04:32:09.000z runner image: macos-latest 2026-04-02t04:32:09.000z language: go 2026-04-02t04:32:09.000z make build-ci -j4 2026-04-02t04:32:09.000z gcc: fatal,Build Failure,build,high,Compilation or packaging process failed,225.0
"2026-04-08T12:04:37.000Z ##[group]Run CI for nodejs/node
2026-04-08T12:04:37.000Z Runner image: macos-latest
2026-04-08T12:04:37.000Z Language: node
2026-04-08T12:04:37.000Z make build-ci -j4
2026-04-08T12:04:37.000Z gcc: fatal error: cannot execute 'cc1plus': No such file or directory
2026-04-08T12:04:37.000Z ##[error]Build failed with exit code 2",2026-04-08t12:04:37.000z group run ci for nodejs/node 2026-04-08t12:04:37.000z runner image: macos-latest 2026-04-08t12:04:37.000z language: node 2026-04-08t12:04:37.000z make build-ci -j4 2026-04-08t12:04:37.000z gcc: fatal,Build Failure,build,high,Compilation or packaging process failed,
"2026-04-01T20:38:00.000Z ##[group]Run CI for nodejs/node
2026-04-01T20:38:00.000Z Runner image: macos-latest
2026-04-01T20:38:00.000Z Language: node
2026-04-01T20:38:00.000Z Starting module auth
2026-04-01T20:38:00.000Z Traceback (most recent call last): ValueError: invalid state transition in auth
2026-04-01T20:38:00.000Z ##[error]Runtime exception in test process",2026-04-01t20:38:00.000z group run ci for nodejs/node 2026-04-01t20:38:00.000z runner image: macos-latest 2026-04-01t20:38:00.000z language: node 2026-04-01t20:38:00.000z starting module auth 2026-04-01t20:38:00.000z traceback most,Runtime Error,test,medium,Unhandled exception during job execution,231.0
"2026-04-02T11:15:26.000Z ##[group]Run CI for tensorflow/tensorflow
2026-04-02T11:15:26.000Z Runner image: ubuntu-latest
2026-04-02T11:15:26.000Z Language: go
2026-04-02T11:15:26.000Z validating .github/workflows/ci.yml
2026-04-02T11:15:26.000Z workflow syntax error: Unexpected value 'stepz'
2026-04-02T11:15:26.000Z ##[error]Invalid workflow configuration",2026-04-02t11:15:26.000z group run ci for tensorflow/tensorflow 2026-04-02t11:15:26.000z runner image: ubuntu-latest 2026-04-02t11:15:26.000z language: go 2026-04-02t11:15:26.000z validating .github/workflows/ci.yml 2026-04-02t11:15:26.000z workflow syntax error:,Configuration Error,build,high,Invalid workflow configuration or environment variable,263.0
